date,origin,origin_name,transit,transit_name,hegemony
2026-06-15,9541,Cybernet,174,"COGENT-174 - Cogent Communications, ",0.2579
2026-06-15,9541,Cybernet,1299,"TWELVE99 Arelion Sweden AB, SE",0.059
2026-06-15,9541,Cybernet,3356,"LEVEL3 - Level 3 Parent, LLC, US",0.1365
2026-06-15,9541,Cybernet,8529,OMANTEL-AS Zain Omantel Internationa,0.0298
2026-06-15,9541,Cybernet,17557,PKTELECOM-AS-PK - Pakistan Telecommu,0.1149
2026-06-15,9541,Cybernet,23764,"CTGNet - CTGNet, HK",0.0214
2026-06-15,9541,Cybernet,57463,"NetIX NetIX Communications JSC, BG",0.048
2026-06-15,17557,PTCL,3356,"LEVEL3 - Level 3 Parent, LLC, US",0.0863
2026-06-15,23674,Nayatel,174,"COGENT-174 - Cogent Communications, ",0.1373
2026-06-15,23674,Nayatel,1299,"TWELVE99 Arelion Sweden AB, SE",0.0231
2026-06-15,23674,Nayatel,3356,"LEVEL3 - Level 3 Parent, LLC, US",0.0286
2026-06-15,23674,Nayatel,6762,SEABONE-NET TELECOM ITALIA SPARKLE S,0.1463
2026-06-15,23674,Nayatel,8529,OMANTEL-AS Zain Omantel Internationa,0.0336
2026-06-15,23674,Nayatel,17557,PKTELECOM-AS-PK - Pakistan Telecommu,0.6898
2026-06-15,23674,Nayatel,38193,TWA-AS-AP - Transworld Associates (P,0.3102
2026-06-15,23888,NTC,174,"COGENT-174 - Cogent Communications, ",0.0919
2026-06-15,23888,NTC,3356,"LEVEL3 - Level 3 Parent, LLC, US",0.0515
2026-06-15,23888,NTC,6762,SEABONE-NET TELECOM ITALIA SPARKLE S,0.0844
2026-06-15,23888,NTC,8529,OMANTEL-AS Zain Omantel Internationa,0.2206
2026-06-15,23888,NTC,8966,Etisalat-AS EMIRATES TELECOMMUNICATI,0.0482
2026-06-15,23888,NTC,17557,PKTELECOM-AS-PK - Pakistan Telecommu,0.6863
2026-06-15,23888,NTC,38193,TWA-AS-AP - Transworld Associates (P,0.3137
2026-06-15,23888,NTC,137409,GSLNETWORKS-AS-AP - GSL Networks Pty,0.1707
2026-06-15,38193,Transworld,174,"COGENT-174 - Cogent Communications, ",0.1555
2026-06-15,38193,Transworld,3356,"LEVEL3 - Level 3 Parent, LLC, US",0.1843
2026-06-15,38193,Transworld,6762,SEABONE-NET TELECOM ITALIA SPARKLE S,0.1357
2026-06-15,38193,Transworld,6939,"HURRICANE - Hurricane Electric LLC, ",0.0306
2026-06-15,38193,Transworld,8529,OMANTEL-AS Zain Omantel Internationa,0.0462
2026-06-15,135407,TES,174,"COGENT-174 - Cogent Communications, ",0.1722
2026-06-15,135407,TES,3356,"LEVEL3 - Level 3 Parent, LLC, US",0.0338
2026-06-15,135407,TES,6762,SEABONE-NET TELECOM ITALIA SPARKLE S,0.1763
2026-06-15,135407,TES,6939,"HURRICANE - Hurricane Electric LLC, ",0.0289
2026-06-15,135407,TES,8529,OMANTEL-AS Zain Omantel Internationa,0.0728
2026-06-15,135407,TES,8966,Etisalat-AS EMIRATES TELECOMMUNICATI,0.0949
2026-06-15,135407,TES,38193,TWA-AS-AP - Transworld Associates (P,1.0
2026-06-15,136174,Nova,174,"COGENT-174 - Cogent Communications, ",0.0547
2026-06-15,136174,Nova,6762,SEABONE-NET TELECOM ITALIA SPARKLE S,0.4987
2026-06-15,136174,Nova,6939,"HURRICANE - Hurricane Electric LLC, ",0.0208
2026-06-15,136174,Nova,8529,OMANTEL-AS Zain Omantel Internationa,0.0391
2026-06-15,136174,Nova,17557,PKTELECOM-AS-PK - Pakistan Telecommu,0.125
2026-06-15,136174,Nova,38193,TWA-AS-AP - Transworld Associates (P,0.9139
2026-06-15,136174,Nova,138423,CMPAKLIMITED-AS-ENTCORP - CMPak Limi,0.125
2026-06-15,150683,Fasttel,174,"COGENT-174 - Cogent Communications, ",0.0544
2026-06-15,150683,Fasttel,3356,"LEVEL3 - Level 3 Parent, LLC, US",0.0833
2026-06-15,150683,Fasttel,6762,SEABONE-NET TELECOM ITALIA SPARKLE S,0.1014
2026-06-15,150683,Fasttel,17557,PKTELECOM-AS-PK - Pakistan Telecommu,0.7652
2026-06-15,150683,Fasttel,38193,TWA-AS-AP - Transworld Associates (P,0.2348
2026-06-15,150683,Fasttel,38264,WATEEN-IMS-PK-AS-AP - National WiMAX,0.0405
2026-06-15,150683,Fasttel,138423,CMPAKLIMITED-AS-ENTCORP - CMPak Limi,0.8889
2026-06-15,150683,Fasttel,138655,TES-PL-AS-AP - Trans World Enterpris,0.0556
2026-06-15,151983,Orbit,174,"COGENT-174 - Cogent Communications, ",0.1785
2026-06-15,151983,Orbit,6762,SEABONE-NET TELECOM ITALIA SPARKLE S,0.3169
2026-06-15,151983,Orbit,8529,OMANTEL-AS Zain Omantel Internationa,0.0231
2026-06-15,151983,Orbit,23674,"NAYATEL-PK - Nayatel (Pvt) Ltd, PK",0.1111
2026-06-15,151983,Orbit,38193,TWA-AS-AP - Transworld Associates (P,1.0
2026-06-15,151983,Orbit,58453,CMI-INT-HK - China Mobile Internatio,0.0266
2026-06-15,151983,Orbit,58470,Mobilink-Peering-AS-PK - IX Peering ,0.1111
2026-06-15,151983,Orbit,138655,TES-PL-AS-AP - Trans World Enterpris,0.7778
2026-06-15,152605,Z-Com,174,"COGENT-174 - Cogent Communications, ",0.3221
2026-06-15,152605,Z-Com,6762,SEABONE-NET TELECOM ITALIA SPARKLE S,0.2899
2026-06-15,152605,Z-Com,38193,TWA-AS-AP - Transworld Associates (P,1.0
2026-06-15,152605,Z-Com,58453,CMI-INT-HK - China Mobile Internatio,0.0409
2026-06-16,9541,Cybernet,174,"COGENT-174 - Cogent Communications, ",0.2556
2026-06-16,9541,Cybernet,1299,"TWELVE99 Arelion Sweden AB, SE",0.0679
2026-06-16,9541,Cybernet,3356,"LEVEL3 - Level 3 Parent, LLC, US",0.1238
2026-06-16,9541,Cybernet,8529,OMANTEL-AS Zain Omantel Internationa,0.0278
2026-06-16,9541,Cybernet,17557,PKTELECOM-AS-PK - Pakistan Telecommu,0.1141
2026-06-16,9541,Cybernet,57463,"NetIX NetIX Communications JSC, BG",0.0503
2026-06-16,17557,PTCL,3356,"LEVEL3 - Level 3 Parent, LLC, US",0.0731
2026-06-16,17557,PTCL,8966,Etisalat-AS EMIRATES TELECOMMUNICATI,0.0232
2026-06-16,23674,Nayatel,174,"COGENT-174 - Cogent Communications, ",0.1354
2026-06-16,23674,Nayatel,1299,"TWELVE99 Arelion Sweden AB, SE",0.0214
2026-06-16,23674,Nayatel,3356,"LEVEL3 - Level 3 Parent, LLC, US",0.0214
2026-06-16,23674,Nayatel,6762,SEABONE-NET TELECOM ITALIA SPARKLE S,0.1139
2026-06-16,23674,Nayatel,8529,OMANTEL-AS Zain Omantel Internationa,0.03
2026-06-16,23674,Nayatel,17557,PKTELECOM-AS-PK - Pakistan Telecommu,0.7106
2026-06-16,23674,Nayatel,38193,TWA-AS-AP - Transworld Associates (P,0.2894
2026-06-16,23888,NTC,174,"COGENT-174 - Cogent Communications, ",0.1169
2026-06-16,23888,NTC,3356,"LEVEL3 - Level 3 Parent, LLC, US",0.039
2026-06-16,23888,NTC,6762,SEABONE-NET TELECOM ITALIA SPARKLE S,0.0531
2026-06-16,23888,NTC,8529,OMANTEL-AS Zain Omantel Internationa,0.2001
2026-06-16,23888,NTC,8966,Etisalat-AS EMIRATES TELECOMMUNICATI,0.1095
2026-06-16,23888,NTC,17557,PKTELECOM-AS-PK - Pakistan Telecommu,0.6711
2026-06-16,23888,NTC,38193,TWA-AS-AP - Transworld Associates (P,0.3289
2026-06-16,23888,NTC,137409,GSLNETWORKS-AS-AP - GSL Networks Pty,0.1542
2026-06-16,38193,Transworld,174,"COGENT-174 - Cogent Communications, ",0.1522
2026-06-16,38193,Transworld,3356,"LEVEL3 - Level 3 Parent, LLC, US",0.2161
2026-06-16,38193,Transworld,6762,SEABONE-NET TELECOM ITALIA SPARKLE S,0.0906
2026-06-16,38193,Transworld,6939,"HURRICANE - Hurricane Electric LLC, ",0.0335
2026-06-16,38193,Transworld,8529,OMANTEL-AS Zain Omantel Internationa,0.0446
2026-06-16,38193,Transworld,8966,Etisalat-AS EMIRATES TELECOMMUNICATI,0.0201
2026-06-16,135407,TES,174,"COGENT-174 - Cogent Communications, ",0.1684
2026-06-16,135407,TES,3356,"LEVEL3 - Level 3 Parent, LLC, US",0.0398
2026-06-16,135407,TES,6762,SEABONE-NET TELECOM ITALIA SPARKLE S,0.133
2026-06-16,135407,TES,6939,"HURRICANE - Hurricane Electric LLC, ",0.0416
2026-06-16,135407,TES,8529,OMANTEL-AS Zain Omantel Internationa,0.0743
2026-06-16,135407,TES,8966,Etisalat-AS EMIRATES TELECOMMUNICATI,0.1064
2026-06-16,135407,TES,38193,TWA-AS-AP - Transworld Associates (P,1.0
2026-06-16,136174,Nova,174,"COGENT-174 - Cogent Communications, ",0.0439
2026-06-16,136174,Nova,3356,"LEVEL3 - Level 3 Parent, LLC, US",0.0221
2026-06-16,136174,Nova,6762,SEABONE-NET TELECOM ITALIA SPARKLE S,0.4687
2026-06-16,136174,Nova,6939,"HURRICANE - Hurricane Electric LLC, ",0.0377
2026-06-16,136174,Nova,8529,OMANTEL-AS Zain Omantel Internationa,0.0358
2026-06-16,136174,Nova,17557,PKTELECOM-AS-PK - Pakistan Telecommu,0.125
2026-06-16,136174,Nova,38193,TWA-AS-AP - Transworld Associates (P,0.875
2026-06-16,150683,Fasttel,174,"COGENT-174 - Cogent Communications, ",0.0584
2026-06-16,150683,Fasttel,3356,"LEVEL3 - Level 3 Parent, LLC, US",0.0807
2026-06-16,150683,Fasttel,6762,SEABONE-NET TELECOM ITALIA SPARKLE S,0.0333
2026-06-16,150683,Fasttel,8966,Etisalat-AS EMIRATES TELECOMMUNICATI,0.0251
2026-06-16,150683,Fasttel,17557,PKTELECOM-AS-PK - Pakistan Telecommu,0.77
2026-06-16,150683,Fasttel,24499,"TPP-AS-PK - Telenor Pakistan, PK",0.0739
2026-06-16,150683,Fasttel,38193,TWA-AS-AP - Transworld Associates (P,0.23
2026-06-16,150683,Fasttel,38264,WATEEN-IMS-PK-AS-AP - National WiMAX,0.038
2026-06-16,150683,Fasttel,138423,CMPAKLIMITED-AS-ENTCORP - CMPak Limi,0.8872
2026-06-16,150683,Fasttel,138655,TES-PL-AS-AP - Trans World Enterpris,0.0556
2026-06-16,151983,Orbit,174,"COGENT-174 - Cogent Communications, ",0.1787
2026-06-16,151983,Orbit,6762,SEABONE-NET TELECOM ITALIA SPARKLE S,0.2863
2026-06-16,151983,Orbit,6939,"HURRICANE - Hurricane Electric LLC, ",0.0212
2026-06-16,151983,Orbit,8529,OMANTEL-AS Zain Omantel Internationa,0.0215
2026-06-16,151983,Orbit,23674,"NAYATEL-PK - Nayatel (Pvt) Ltd, PK",0.1125
2026-06-16,151983,Orbit,38193,TWA-AS-AP - Transworld Associates (P,1.0
2026-06-16,151983,Orbit,58470,Mobilink-Peering-AS-PK - IX Peering ,0.1111
2026-06-16,151983,Orbit,138655,TES-PL-AS-AP - Trans World Enterpris,0.7879
2026-06-16,152605,Z-Com,174,"COGENT-174 - Cogent Communications, ",0.3623
2026-06-16,152605,Z-Com,6762,SEABONE-NET TELECOM ITALIA SPARKLE S,0.2669
2026-06-16,152605,Z-Com,38193,TWA-AS-AP - Transworld Associates (P,1.0
2026-06-17,9541,Cybernet,174,"COGENT-174 - Cogent Communications, ",0.2485
2026-06-17,9541,Cybernet,1299,"TWELVE99 Arelion Sweden AB, SE",0.0936
2026-06-17,9541,Cybernet,3356,"LEVEL3 - Level 3 Parent, LLC, US",0.0824
2026-06-17,9541,Cybernet,8529,OMANTEL-AS Zain Omantel Internationa,0.025
2026-06-17,9541,Cybernet,17557,PKTELECOM-AS-PK - Pakistan Telecommu,0.1185
2026-06-17,9541,Cybernet,23764,"CTGNet - CTGNet, HK",0.0295
2026-06-17,9541,Cybernet,57463,"NetIX NetIX Communications JSC, BG",0.0728
2026-06-17,17557,PTCL,3356,"LEVEL3 - Level 3 Parent, LLC, US",0.0419
2026-06-17,17557,PTCL,8966,Etisalat-AS EMIRATES TELECOMMUNICATI,0.0783
2026-06-17,23674,Nayatel,174,"COGENT-174 - Cogent Communications, ",0.1479
2026-06-17,23674,Nayatel,1299,"TWELVE99 Arelion Sweden AB, SE",0.0422
2026-06-17,23674,Nayatel,6762,SEABONE-NET TELECOM ITALIA SPARKLE S,0.0948
2026-06-17,23674,Nayatel,8529,OMANTEL-AS Zain Omantel Internationa,0.0298
2026-06-17,23674,Nayatel,8966,Etisalat-AS EMIRATES TELECOMMUNICATI,0.0291
2026-06-17,23674,Nayatel,17557,PKTELECOM-AS-PK - Pakistan Telecommu,0.7163
2026-06-17,23674,Nayatel,38193,TWA-AS-AP - Transworld Associates (P,0.2837
2026-06-17,23888,NTC,174,"COGENT-174 - Cogent Communications, ",0.0898
2026-06-17,23888,NTC,6762,SEABONE-NET TELECOM ITALIA SPARKLE S,0.0401
2026-06-17,23888,NTC,8529,OMANTEL-AS Zain Omantel Internationa,0.2318
2026-06-17,23888,NTC,8966,Etisalat-AS EMIRATES TELECOMMUNICATI,0.1318
2026-06-17,23888,NTC,17557,PKTELECOM-AS-PK - Pakistan Telecommu,0.7267
2026-06-17,23888,NTC,38193,TWA-AS-AP - Transworld Associates (P,0.2733
2026-06-17,23888,NTC,137409,GSLNETWORKS-AS-AP - GSL Networks Pty,0.1813
2026-06-17,38193,Transworld,174,"COGENT-174 - Cogent Communications, ",0.1916
2026-06-17,38193,Transworld,1299,"TWELVE99 Arelion Sweden AB, SE",0.0201
2026-06-17,38193,Transworld,3356,"LEVEL3 - Level 3 Parent, LLC, US",0.1962
2026-06-17,38193,Transworld,6762,SEABONE-NET TELECOM ITALIA SPARKLE S,0.0843
2026-06-17,38193,Transworld,8529,OMANTEL-AS Zain Omantel Internationa,0.0451
2026-06-17,38193,Transworld,8966,Etisalat-AS EMIRATES TELECOMMUNICATI,0.0252
2026-06-17,135407,TES,174,"COGENT-174 - Cogent Communications, ",0.189
2026-06-17,135407,TES,3356,"LEVEL3 - Level 3 Parent, LLC, US",0.0292
2026-06-17,135407,TES,6762,SEABONE-NET TELECOM ITALIA SPARKLE S,0.1331
2026-06-17,135407,TES,6939,"HURRICANE - Hurricane Electric LLC, ",0.0228
2026-06-17,135407,TES,8529,OMANTEL-AS Zain Omantel Internationa,0.0697
2026-06-17,135407,TES,8966,Etisalat-AS EMIRATES TELECOMMUNICATI,0.1445
2026-06-17,135407,TES,38193,TWA-AS-AP - Transworld Associates (P,1.0
2026-06-17,136174,Nova,174,"COGENT-174 - Cogent Communications, ",0.0506
2026-06-17,136174,Nova,1299,"TWELVE99 Arelion Sweden AB, SE",0.0685
2026-06-17,136174,Nova,6762,SEABONE-NET TELECOM ITALIA SPARKLE S,0.4831
2026-06-17,136174,Nova,8529,OMANTEL-AS Zain Omantel Internationa,0.0418
2026-06-17,136174,Nova,17557,PKTELECOM-AS-PK - Pakistan Telecommu,0.125
2026-06-17,136174,Nova,38193,TWA-AS-AP - Transworld Associates (P,0.875
2026-06-17,136174,Nova,137409,GSLNETWORKS-AS-AP - GSL Networks Pty,0.0208
2026-06-17,150683,Fasttel,174,"COGENT-174 - Cogent Communications, ",0.057
2026-06-17,150683,Fasttel,1299,"TWELVE99 Arelion Sweden AB, SE",0.0258
2026-06-17,150683,Fasttel,3356,"LEVEL3 - Level 3 Parent, LLC, US",0.0451
2026-06-17,150683,Fasttel,6762,SEABONE-NET TELECOM ITALIA SPARKLE S,0.0301
2026-06-17,150683,Fasttel,8966,Etisalat-AS EMIRATES TELECOMMUNICATI,0.1086
2026-06-17,150683,Fasttel,17557,PKTELECOM-AS-PK - Pakistan Telecommu,0.7885
2026-06-17,150683,Fasttel,24499,"TPP-AS-PK - Telenor Pakistan, PK",0.0284
2026-06-17,150683,Fasttel,38193,TWA-AS-AP - Transworld Associates (P,0.2115
2026-06-17,150683,Fasttel,38264,WATEEN-IMS-PK-AS-AP - National WiMAX,0.0317
2026-06-17,150683,Fasttel,138423,CMPAKLIMITED-AS-ENTCORP - CMPak Limi,0.8888
2026-06-17,150683,Fasttel,138655,TES-PL-AS-AP - Trans World Enterpris,0.0556
2026-06-17,151983,Orbit,174,"COGENT-174 - Cogent Communications, ",0.2041
2026-06-17,151983,Orbit,1299,"TWELVE99 Arelion Sweden AB, SE",0.0317
2026-06-17,151983,Orbit,6762,SEABONE-NET TELECOM ITALIA SPARKLE S,0.2863
2026-06-17,151983,Orbit,23674,"NAYATEL-PK - Nayatel (Pvt) Ltd, PK",0.1111
2026-06-17,151983,Orbit,38193,TWA-AS-AP - Transworld Associates (P,1.0
2026-06-17,151983,Orbit,58453,CMI-INT-HK - China Mobile Internatio,0.0326
2026-06-17,151983,Orbit,58470,Mobilink-Peering-AS-PK - IX Peering ,0.1111
2026-06-17,151983,Orbit,138655,TES-PL-AS-AP - Trans World Enterpris,0.7778
2026-06-17,152605,Z-Com,174,"COGENT-174 - Cogent Communications, ",0.4121
2026-06-17,152605,Z-Com,6762,SEABONE-NET TELECOM ITALIA SPARKLE S,0.2207
2026-06-17,152605,Z-Com,38193,TWA-AS-AP - Transworld Associates (P,1.0
2026-06-17,152605,Z-Com,58453,CMI-INT-HK - China Mobile Internatio,0.0302
2026-06-18,9541,Cybernet,174,"COGENT-174 - Cogent Communications, ",0.2486
2026-06-18,9541,Cybernet,1299,"TWELVE99 Arelion Sweden AB, SE",0.1156
2026-06-18,9541,Cybernet,3356,"LEVEL3 - Level 3 Parent, LLC, US",0.0895
2026-06-18,9541,Cybernet,6461,"ZAYO-6461 - Zayo Bandwidth, US",0.0323
2026-06-18,9541,Cybernet,6939,"HURRICANE - Hurricane Electric LLC, ",0.0323
2026-06-18,9541,Cybernet,8529,OMANTEL-AS Zain Omantel Internationa,0.0281
2026-06-18,9541,Cybernet,17557,PKTELECOM-AS-PK - Pakistan Telecommu,0.1167
2026-06-18,9541,Cybernet,23764,"CTGNet - CTGNet, HK",0.0445
2026-06-18,9541,Cybernet,57463,"NetIX NetIX Communications JSC, BG",0.0559
2026-06-18,9541,Cybernet,400587,"RYAMER - Ryamer, LLC, US",0.0612
2026-06-18,17557,PTCL,1299,"TWELVE99 Arelion Sweden AB, SE",0.0676
2026-06-18,17557,PTCL,3356,"LEVEL3 - Level 3 Parent, LLC, US",0.0585
2026-06-18,17557,PTCL,6939,"HURRICANE - Hurricane Electric LLC, ",0.1421
2026-06-18,17557,PTCL,8966,Etisalat-AS EMIRATES TELECOMMUNICATI,0.058
2026-06-18,23674,Nayatel,174,"COGENT-174 - Cogent Communications, ",0.1015
2026-06-18,23674,Nayatel,1299,"TWELVE99 Arelion Sweden AB, SE",0.1067
2026-06-18,23674,Nayatel,6762,SEABONE-NET TELECOM ITALIA SPARKLE S,0.1009
2026-06-18,23674,Nayatel,6939,"HURRICANE - Hurricane Electric LLC, ",0.1714
2026-06-18,23674,Nayatel,8529,OMANTEL-AS Zain Omantel Internationa,0.0312
2026-06-18,23674,Nayatel,8966,Etisalat-AS EMIRATES TELECOMMUNICATI,0.0328
2026-06-18,23674,Nayatel,17557,PKTELECOM-AS-PK - Pakistan Telecommu,0.7186
2026-06-18,23674,Nayatel,38193,TWA-AS-AP - Transworld Associates (P,0.2814
2026-06-18,23674,Nayatel,137409,GSLNETWORKS-AS-AP - GSL Networks Pty,0.031
2026-06-18,23888,NTC,174,"COGENT-174 - Cogent Communications, ",0.0653
2026-06-18,23888,NTC,1299,"TWELVE99 Arelion Sweden AB, SE",0.0372
2026-06-18,23888,NTC,6762,SEABONE-NET TELECOM ITALIA SPARKLE S,0.0344
2026-06-18,23888,NTC,6939,"HURRICANE - Hurricane Electric LLC, ",0.119
2026-06-18,23888,NTC,8529,OMANTEL-AS Zain Omantel Internationa,0.2145
2026-06-18,23888,NTC,8966,Etisalat-AS EMIRATES TELECOMMUNICATI,0.0884
2026-06-18,23888,NTC,17557,PKTELECOM-AS-PK - Pakistan Telecommu,0.6917
2026-06-18,23888,NTC,38193,TWA-AS-AP - Transworld Associates (P,0.3083
2026-06-18,23888,NTC,137409,GSLNETWORKS-AS-AP - GSL Networks Pty,0.166
2026-06-18,38193,Transworld,174,"COGENT-174 - Cogent Communications, ",0.1169
2026-06-18,38193,Transworld,3356,"LEVEL3 - Level 3 Parent, LLC, US",0.1354
2026-06-18,38193,Transworld,6762,SEABONE-NET TELECOM ITALIA SPARKLE S,0.0567
2026-06-18,38193,Transworld,6939,"HURRICANE - Hurricane Electric LLC, ",0.0913
2026-06-18,38193,Transworld,8529,OMANTEL-AS Zain Omantel Internationa,0.0452
2026-06-18,38193,Transworld,8966,Etisalat-AS EMIRATES TELECOMMUNICATI,0.0254
2026-06-18,135407,TES,174,"COGENT-174 - Cogent Communications, ",0.1132
2026-06-18,135407,TES,3356,"LEVEL3 - Level 3 Parent, LLC, US",0.0267
2026-06-18,135407,TES,6762,SEABONE-NET TELECOM ITALIA SPARKLE S,0.0913
2026-06-18,135407,TES,6939,"HURRICANE - Hurricane Electric LLC, ",0.0949
2026-06-18,135407,TES,8529,OMANTEL-AS Zain Omantel Internationa,0.0716
2026-06-18,135407,TES,8966,Etisalat-AS EMIRATES TELECOMMUNICATI,0.1034
2026-06-18,135407,TES,38193,TWA-AS-AP - Transworld Associates (P,1.0
2026-06-18,135407,TES,137409,GSLNETWORKS-AS-AP - GSL Networks Pty,0.0246
2026-06-18,136174,Nova,174,"COGENT-174 - Cogent Communications, ",0.0374
2026-06-18,136174,Nova,1299,"TWELVE99 Arelion Sweden AB, SE",0.0865
2026-06-18,136174,Nova,6762,SEABONE-NET TELECOM ITALIA SPARKLE S,0.3572
2026-06-18,136174,Nova,6939,"HURRICANE - Hurricane Electric LLC, ",0.1008
2026-06-18,136174,Nova,8529,OMANTEL-AS Zain Omantel Internationa,0.0373
2026-06-18,136174,Nova,17557,PKTELECOM-AS-PK - Pakistan Telecommu,0.125
2026-06-18,136174,Nova,38193,TWA-AS-AP - Transworld Associates (P,0.875
2026-06-18,150683,Fasttel,174,"COGENT-174 - Cogent Communications, ",0.0369
2026-06-18,150683,Fasttel,1299,"TWELVE99 Arelion Sweden AB, SE",0.0641
2026-06-18,150683,Fasttel,6762,SEABONE-NET TELECOM ITALIA SPARKLE S,0.0251
2026-06-18,150683,Fasttel,6939,"HURRICANE - Hurricane Electric LLC, ",0.1627
2026-06-18,150683,Fasttel,8966,Etisalat-AS EMIRATES TELECOMMUNICATI,0.0414
2026-06-18,150683,Fasttel,17557,PKTELECOM-AS-PK - Pakistan Telecommu,0.7777
2026-06-18,150683,Fasttel,24499,"TPP-AS-PK - Telenor Pakistan, PK",0.023
2026-06-18,150683,Fasttel,38193,TWA-AS-AP - Transworld Associates (P,0.2223
2026-06-18,150683,Fasttel,38264,WATEEN-IMS-PK-AS-AP - National WiMAX,0.0365
2026-06-18,150683,Fasttel,138423,CMPAKLIMITED-AS-ENTCORP - CMPak Limi,0.8889
2026-06-18,150683,Fasttel,138655,TES-PL-AS-AP - Trans World Enterpris,0.0556
2026-06-18,151983,Orbit,174,"COGENT-174 - Cogent Communications, ",0.132
2026-06-18,151983,Orbit,1299,"TWELVE99 Arelion Sweden AB, SE",0.0498
2026-06-18,151983,Orbit,3356,"LEVEL3 - Level 3 Parent, LLC, US",0.026
2026-06-18,151983,Orbit,6762,SEABONE-NET TELECOM ITALIA SPARKLE S,0.2044
2026-06-18,151983,Orbit,6939,"HURRICANE - Hurricane Electric LLC, ",0.1788
2026-06-18,151983,Orbit,8529,OMANTEL-AS Zain Omantel Internationa,0.0234
2026-06-18,151983,Orbit,23674,"NAYATEL-PK - Nayatel (Pvt) Ltd, PK",0.1117
2026-06-18,151983,Orbit,38193,TWA-AS-AP - Transworld Associates (P,1.0
2026-06-18,151983,Orbit,58470,Mobilink-Peering-AS-PK - IX Peering ,0.1111
2026-06-18,151983,Orbit,138655,TES-PL-AS-AP - Trans World Enterpris,0.7821
2026-06-18,152605,Z-Com,174,"COGENT-174 - Cogent Communications, ",0.2549
2026-06-18,152605,Z-Com,3356,"LEVEL3 - Level 3 Parent, LLC, US",0.0524
2026-06-18,152605,Z-Com,6762,SEABONE-NET TELECOM ITALIA SPARKLE S,0.1843
2026-06-18,152605,Z-Com,6939,"HURRICANE - Hurricane Electric LLC, ",0.1643
2026-06-18,152605,Z-Com,38193,TWA-AS-AP - Transworld Associates (P,1.0
2026-06-18,152605,Z-Com,58453,CMI-INT-HK - China Mobile Internatio,0.0466
2026-06-19,9541,Cybernet,174,"COGENT-174 - Cogent Communications, ",0.2558
2026-06-19,9541,Cybernet,1299,"TWELVE99 Arelion Sweden AB, SE",0.1835
2026-06-19,9541,Cybernet,3356,"LEVEL3 - Level 3 Parent, LLC, US",0.1429
2026-06-19,9541,Cybernet,6461,"ZAYO-6461 - Zayo Bandwidth, US",0.0323
2026-06-19,9541,Cybernet,6939,"HURRICANE - Hurricane Electric LLC, ",0.0312
2026-06-19,9541,Cybernet,17557,PKTELECOM-AS-PK - Pakistan Telecommu,0.1195
2026-06-19,9541,Cybernet,23764,"CTGNet - CTGNet, HK",0.0411
2026-06-19,9541,Cybernet,400587,"RYAMER - Ryamer, LLC, US",0.0613
2026-06-19,17557,PTCL,1299,"TWELVE99 Arelion Sweden AB, SE",0.0676
2026-06-19,17557,PTCL,3356,"LEVEL3 - Level 3 Parent, LLC, US",0.0585
2026-06-19,17557,PTCL,6939,"HURRICANE - Hurricane Electric LLC, ",0.1421
2026-06-19,17557,PTCL,8966,Etisalat-AS EMIRATES TELECOMMUNICATI,0.058
2026-06-19,23674,Nayatel,174,"COGENT-174 - Cogent Communications, ",0.0824
2026-06-19,23674,Nayatel,1299,"TWELVE99 Arelion Sweden AB, SE",0.0922
2026-06-19,23674,Nayatel,6762,SEABONE-NET TELECOM ITALIA SPARKLE S,0.1211
2026-06-19,23674,Nayatel,6939,"HURRICANE - Hurricane Electric LLC, ",0.1712
2026-06-19,23674,Nayatel,8529,OMANTEL-AS Zain Omantel Internationa,0.0311
2026-06-19,23674,Nayatel,8966,Etisalat-AS EMIRATES TELECOMMUNICATI,0.0352
2026-06-19,23674,Nayatel,17557,PKTELECOM-AS-PK - Pakistan Telecommu,0.7159
2026-06-19,23674,Nayatel,38193,TWA-AS-AP - Transworld Associates (P,0.2841
2026-06-19,23674,Nayatel,137409,GSLNETWORKS-AS-AP - GSL Networks Pty,0.0302
2026-06-19,23888,NTC,174,"COGENT-174 - Cogent Communications, ",0.047
2026-06-19,23888,NTC,1299,"TWELVE99 Arelion Sweden AB, SE",0.0372
2026-06-19,23888,NTC,6762,SEABONE-NET TELECOM ITALIA SPARKLE S,0.0486
2026-06-19,23888,NTC,6939,"HURRICANE - Hurricane Electric LLC, ",0.119
2026-06-19,23888,NTC,8529,OMANTEL-AS Zain Omantel Internationa,0.2575
2026-06-19,23888,NTC,8966,Etisalat-AS EMIRATES TELECOMMUNICATI,0.0356
2026-06-19,23888,NTC,17557,PKTELECOM-AS-PK - Pakistan Telecommu,0.6685
2026-06-19,23888,NTC,38193,TWA-AS-AP - Transworld Associates (P,0.3315
2026-06-19,23888,NTC,137409,GSLNETWORKS-AS-AP - GSL Networks Pty,0.1903
2026-06-19,38193,Transworld,174,"COGENT-174 - Cogent Communications, ",0.0881
2026-06-19,38193,Transworld,3356,"LEVEL3 - Level 3 Parent, LLC, US",0.1319
2026-06-19,38193,Transworld,6762,SEABONE-NET TELECOM ITALIA SPARKLE S,0.0311
2026-06-19,38193,Transworld,6939,"HURRICANE - Hurricane Electric LLC, ",0.203
2026-06-19,38193,Transworld,8529,OMANTEL-AS Zain Omantel Internationa,0.0402
2026-06-19,135407,TES,174,"COGENT-174 - Cogent Communications, ",0.0974
2026-06-19,135407,TES,3356,"LEVEL3 - Level 3 Parent, LLC, US",0.0275
2026-06-19,135407,TES,6762,SEABONE-NET TELECOM ITALIA SPARKLE S,0.077
2026-06-19,135407,TES,6939,"HURRICANE - Hurricane Electric LLC, ",0.1978
2026-06-19,135407,TES,8529,OMANTEL-AS Zain Omantel Internationa,0.0621
2026-06-19,135407,TES,8966,Etisalat-AS EMIRATES TELECOMMUNICATI,0.0516
2026-06-19,135407,TES,38193,TWA-AS-AP - Transworld Associates (P,1.0
2026-06-19,135407,TES,137409,GSLNETWORKS-AS-AP - GSL Networks Pty,0.0253
2026-06-19,136174,Nova,1299,"TWELVE99 Arelion Sweden AB, SE",0.0865
2026-06-19,136174,Nova,6762,SEABONE-NET TELECOM ITALIA SPARKLE S,0.3269
2026-06-19,136174,Nova,6939,"HURRICANE - Hurricane Electric LLC, ",0.2212
2026-06-19,136174,Nova,17557,PKTELECOM-AS-PK - Pakistan Telecommu,0.125
2026-06-19,136174,Nova,38193,TWA-AS-AP - Transworld Associates (P,0.875
2026-06-19,150683,Fasttel,174,"COGENT-174 - Cogent Communications, ",0.0385
2026-06-19,150683,Fasttel,1299,"TWELVE99 Arelion Sweden AB, SE",0.0641
2026-06-19,150683,Fasttel,6762,SEABONE-NET TELECOM ITALIA SPARKLE S,0.0299
2026-06-19,150683,Fasttel,6939,"HURRICANE - Hurricane Electric LLC, ",0.1624
2026-06-19,150683,Fasttel,8966,Etisalat-AS EMIRATES TELECOMMUNICATI,0.0651
2026-06-19,150683,Fasttel,17557,PKTELECOM-AS-PK - Pakistan Telecommu,0.7756
2026-06-19,150683,Fasttel,24499,"TPP-AS-PK - Telenor Pakistan, PK",0.059
2026-06-19,150683,Fasttel,38193,TWA-AS-AP - Transworld Associates (P,0.2244
2026-06-19,150683,Fasttel,38264,WATEEN-IMS-PK-AS-AP - National WiMAX,0.0342
2026-06-19,150683,Fasttel,138423,CMPAKLIMITED-AS-ENTCORP - CMPak Limi,0.8542
2026-06-19,150683,Fasttel,138655,TES-PL-AS-AP - Trans World Enterpris,0.0556
2026-06-19,151983,Orbit,174,"COGENT-174 - Cogent Communications, ",0.1199
2026-06-19,151983,Orbit,1299,"TWELVE99 Arelion Sweden AB, SE",0.0511
2026-06-19,151983,Orbit,3356,"LEVEL3 - Level 3 Parent, LLC, US",0.0259
2026-06-19,151983,Orbit,6762,SEABONE-NET TELECOM ITALIA SPARKLE S,0.1794
2026-06-19,151983,Orbit,6939,"HURRICANE - Hurricane Electric LLC, ",0.1792
2026-06-19,151983,Orbit,23674,"NAYATEL-PK - Nayatel (Pvt) Ltd, PK",0.1113
2026-06-19,151983,Orbit,38193,TWA-AS-AP - Transworld Associates (P,1.0
2026-06-19,151983,Orbit,58470,Mobilink-Peering-AS-PK - IX Peering ,0.1111
2026-06-19,151983,Orbit,138655,TES-PL-AS-AP - Trans World Enterpris,0.7792
2026-06-19,152605,Z-Com,174,"COGENT-174 - Cogent Communications, ",0.1644
2026-06-19,152605,Z-Com,3356,"LEVEL3 - Level 3 Parent, LLC, US",0.0521
2026-06-19,152605,Z-Com,6762,SEABONE-NET TELECOM ITALIA SPARKLE S,0.1554
2026-06-19,152605,Z-Com,6939,"HURRICANE - Hurricane Electric LLC, ",0.1644
2026-06-19,152605,Z-Com,38193,TWA-AS-AP - Transworld Associates (P,1.0
2026-06-19,152605,Z-Com,58453,CMI-INT-HK - China Mobile Internatio,0.0703
2026-06-20,9541,Cybernet,174,"COGENT-174 - Cogent Communications, ",0.2552
2026-06-20,9541,Cybernet,1299,"TWELVE99 Arelion Sweden AB, SE",0.1841
2026-06-20,9541,Cybernet,3356,"LEVEL3 - Level 3 Parent, LLC, US",0.1431
2026-06-20,9541,Cybernet,6461,"ZAYO-6461 - Zayo Bandwidth, US",0.0323
2026-06-20,9541,Cybernet,6939,"HURRICANE - Hurricane Electric LLC, ",0.0312
2026-06-20,9541,Cybernet,17557,PKTELECOM-AS-PK - Pakistan Telecommu,0.1195
2026-06-20,9541,Cybernet,23764,"CTGNet - CTGNet, HK",0.0407
2026-06-20,9541,Cybernet,400587,"RYAMER - Ryamer, LLC, US",0.0613
2026-06-20,17557,PTCL,1299,"TWELVE99 Arelion Sweden AB, SE",0.0676
2026-06-20,17557,PTCL,3356,"LEVEL3 - Level 3 Parent, LLC, US",0.0585
2026-06-20,17557,PTCL,6939,"HURRICANE - Hurricane Electric LLC, ",0.1421
2026-06-20,17557,PTCL,8966,Etisalat-AS EMIRATES TELECOMMUNICATI,0.058
2026-06-20,23674,Nayatel,174,"COGENT-174 - Cogent Communications, ",0.0814
2026-06-20,23674,Nayatel,1299,"TWELVE99 Arelion Sweden AB, SE",0.0898
2026-06-20,23674,Nayatel,6762,SEABONE-NET TELECOM ITALIA SPARKLE S,0.1176
2026-06-20,23674,Nayatel,6939,"HURRICANE - Hurricane Electric LLC, ",0.1712
2026-06-20,23674,Nayatel,8529,OMANTEL-AS Zain Omantel Internationa,0.0319
2026-06-20,23674,Nayatel,8966,Etisalat-AS EMIRATES TELECOMMUNICATI,0.0353
2026-06-20,23674,Nayatel,17557,PKTELECOM-AS-PK - Pakistan Telecommu,0.7191
2026-06-20,23674,Nayatel,38193,TWA-AS-AP - Transworld Associates (P,0.2809
2026-06-20,23674,Nayatel,137409,GSLNETWORKS-AS-AP - GSL Networks Pty,0.031
2026-06-20,23888,NTC,174,"COGENT-174 - Cogent Communications, ",0.047
2026-06-20,23888,NTC,1299,"TWELVE99 Arelion Sweden AB, SE",0.0372
2026-06-20,23888,NTC,6762,SEABONE-NET TELECOM ITALIA SPARKLE S,0.0486
2026-06-20,23888,NTC,6939,"HURRICANE - Hurricane Electric LLC, ",0.119
2026-06-20,23888,NTC,8529,OMANTEL-AS Zain Omantel Internationa,0.2575
2026-06-20,23888,NTC,8966,Etisalat-AS EMIRATES TELECOMMUNICATI,0.0356
2026-06-20,23888,NTC,17557,PKTELECOM-AS-PK - Pakistan Telecommu,0.6685
2026-06-20,23888,NTC,38193,TWA-AS-AP - Transworld Associates (P,0.3315
2026-06-20,23888,NTC,137409,GSLNETWORKS-AS-AP - GSL Networks Pty,0.1903
2026-06-20,38193,Transworld,174,"COGENT-174 - Cogent Communications, ",0.0886
2026-06-20,38193,Transworld,3356,"LEVEL3 - Level 3 Parent, LLC, US",0.131
2026-06-20,38193,Transworld,6762,SEABONE-NET TELECOM ITALIA SPARKLE S,0.0314
2026-06-20,38193,Transworld,6939,"HURRICANE - Hurricane Electric LLC, ",0.2032
2026-06-20,38193,Transworld,8529,OMANTEL-AS Zain Omantel Internationa,0.0399
2026-06-20,135407,TES,174,"COGENT-174 - Cogent Communications, ",0.0973
2026-06-20,135407,TES,3356,"LEVEL3 - Level 3 Parent, LLC, US",0.0275
2026-06-20,135407,TES,6762,SEABONE-NET TELECOM ITALIA SPARKLE S,0.077
2026-06-20,135407,TES,6939,"HURRICANE - Hurricane Electric LLC, ",0.1978
2026-06-20,135407,TES,8529,OMANTEL-AS Zain Omantel Internationa,0.0621
2026-06-20,135407,TES,8966,Etisalat-AS EMIRATES TELECOMMUNICATI,0.0516
2026-06-20,135407,TES,38193,TWA-AS-AP - Transworld Associates (P,1.0
2026-06-20,135407,TES,137409,GSLNETWORKS-AS-AP - GSL Networks Pty,0.0253
2026-06-20,136174,Nova,1299,"TWELVE99 Arelion Sweden AB, SE",0.0865
2026-06-20,136174,Nova,6762,SEABONE-NET TELECOM ITALIA SPARKLE S,0.3269
2026-06-20,136174,Nova,6939,"HURRICANE - Hurricane Electric LLC, ",0.2212
2026-06-20,136174,Nova,17557,PKTELECOM-AS-PK - Pakistan Telecommu,0.125
2026-06-20,136174,Nova,38193,TWA-AS-AP - Transworld Associates (P,0.875
2026-06-20,150683,Fasttel,174,"COGENT-174 - Cogent Communications, ",0.0392
2026-06-20,150683,Fasttel,1299,"TWELVE99 Arelion Sweden AB, SE",0.0639
2026-06-20,150683,Fasttel,6762,SEABONE-NET TELECOM ITALIA SPARKLE S,0.0302
2026-06-20,150683,Fasttel,6939,"HURRICANE - Hurricane Electric LLC, ",0.162
2026-06-20,150683,Fasttel,8966,Etisalat-AS EMIRATES TELECOMMUNICATI,0.068
2026-06-20,150683,Fasttel,17557,PKTELECOM-AS-PK - Pakistan Telecommu,0.7715
2026-06-20,150683,Fasttel,24499,"TPP-AS-PK - Telenor Pakistan, PK",0.0791
2026-06-20,150683,Fasttel,38193,TWA-AS-AP - Transworld Associates (P,0.2285
2026-06-20,150683,Fasttel,38264,WATEEN-IMS-PK-AS-AP - National WiMAX,0.0342
2026-06-20,150683,Fasttel,138423,CMPAKLIMITED-AS-ENTCORP - CMPak Limi,0.8292
2026-06-20,150683,Fasttel,138655,TES-PL-AS-AP - Trans World Enterpris,0.0597
2026-06-20,151983,Orbit,174,"COGENT-174 - Cogent Communications, ",0.1197
2026-06-20,151983,Orbit,1299,"TWELVE99 Arelion Sweden AB, SE",0.0513
2026-06-20,151983,Orbit,3356,"LEVEL3 - Level 3 Parent, LLC, US",0.0256
2026-06-20,151983,Orbit,6762,SEABONE-NET TELECOM ITALIA SPARKLE S,0.1795
2026-06-20,151983,Orbit,6939,"HURRICANE - Hurricane Electric LLC, ",0.1795
2026-06-20,151983,Orbit,23674,"NAYATEL-PK - Nayatel (Pvt) Ltd, PK",0.1111
2026-06-20,151983,Orbit,38193,TWA-AS-AP - Transworld Associates (P,1.0
2026-06-20,151983,Orbit,58470,Mobilink-Peering-AS-PK - IX Peering ,0.1111
2026-06-20,151983,Orbit,138655,TES-PL-AS-AP - Trans World Enterpris,0.7778
2026-06-20,152605,Z-Com,174,"COGENT-174 - Cogent Communications, ",0.1648
2026-06-20,152605,Z-Com,3356,"LEVEL3 - Level 3 Parent, LLC, US",0.0513
2026-06-20,152605,Z-Com,6762,SEABONE-NET TELECOM ITALIA SPARKLE S,0.1548
2026-06-20,152605,Z-Com,6939,"HURRICANE - Hurricane Electric LLC, ",0.1648
2026-06-20,152605,Z-Com,38193,TWA-AS-AP - Transworld Associates (P,1.0
2026-06-20,152605,Z-Com,58453,CMI-INT-HK - China Mobile Internatio,0.0668
2026-06-21,9541,Cybernet,174,"COGENT-174 - Cogent Communications, ",0.2544
2026-06-21,9541,Cybernet,1299,"TWELVE99 Arelion Sweden AB, SE",0.0602
2026-06-21,9541,Cybernet,3356,"LEVEL3 - Level 3 Parent, LLC, US",0.1076
2026-06-21,9541,Cybernet,8529,OMANTEL-AS Zain Omantel Internationa,0.0269
2026-06-21,9541,Cybernet,17557,PKTELECOM-AS-PK - Pakistan Telecommu,0.1143
2026-06-21,9541,Cybernet,57463,"NetIX NetIX Communications JSC, BG",0.0422
2026-06-21,17557,PTCL,3356,"LEVEL3 - Level 3 Parent, LLC, US",0.0553
2026-06-21,23674,Nayatel,174,"COGENT-174 - Cogent Communications, ",0.1271
2026-06-21,23674,Nayatel,6762,SEABONE-NET TELECOM ITALIA SPARKLE S,0.0983
2026-06-21,23674,Nayatel,8529,OMANTEL-AS Zain Omantel Internationa,0.0304
2026-06-21,23674,Nayatel,17557,PKTELECOM-AS-PK - Pakistan Telecommu,0.7227
2026-06-21,23674,Nayatel,38193,TWA-AS-AP - Transworld Associates (P,0.2773
2026-06-21,23888,NTC,174,"COGENT-174 - Cogent Communications, ",0.1027
2026-06-21,23888,NTC,3356,"LEVEL3 - Level 3 Parent, LLC, US",0.0243
2026-06-21,23888,NTC,6762,SEABONE-NET TELECOM ITALIA SPARKLE S,0.0422
2026-06-21,23888,NTC,8529,OMANTEL-AS Zain Omantel Internationa,0.1845
2026-06-21,23888,NTC,8966,Etisalat-AS EMIRATES TELECOMMUNICATI,0.0989
2026-06-21,23888,NTC,17557,PKTELECOM-AS-PK - Pakistan Telecommu,0.6833
2026-06-21,23888,NTC,38193,TWA-AS-AP - Transworld Associates (P,0.3167
2026-06-21,23888,NTC,137409,GSLNETWORKS-AS-AP - GSL Networks Pty,0.14
2026-06-21,38193,Transworld,174,"COGENT-174 - Cogent Communications, ",0.1393
2026-06-21,38193,Transworld,3356,"LEVEL3 - Level 3 Parent, LLC, US",0.18
2026-06-21,38193,Transworld,6762,SEABONE-NET TELECOM ITALIA SPARKLE S,0.0831
2026-06-21,38193,Transworld,6939,"HURRICANE - Hurricane Electric LLC, ",0.0219
2026-06-21,38193,Transworld,8529,OMANTEL-AS Zain Omantel Internationa,0.0451
2026-06-21,38193,Transworld,8966,Etisalat-AS EMIRATES TELECOMMUNICATI,0.0214
2026-06-21,135407,TES,174,"COGENT-174 - Cogent Communications, ",0.1566
2026-06-21,135407,TES,3356,"LEVEL3 - Level 3 Parent, LLC, US",0.0324
2026-06-21,135407,TES,6762,SEABONE-NET TELECOM ITALIA SPARKLE S,0.1224
2026-06-21,135407,TES,6939,"HURRICANE - Hurricane Electric LLC, ",0.0315
2026-06-21,135407,TES,8529,OMANTEL-AS Zain Omantel Internationa,0.075
2026-06-21,135407,TES,8966,Etisalat-AS EMIRATES TELECOMMUNICATI,0.1174
2026-06-21,135407,TES,38193,TWA-AS-AP - Transworld Associates (P,1.0
2026-06-21,136174,Nova,174,"COGENT-174 - Cogent Communications, ",0.0404
2026-06-21,136174,Nova,6762,SEABONE-NET TELECOM ITALIA SPARKLE S,0.4321
2026-06-21,136174,Nova,6939,"HURRICANE - Hurricane Electric LLC, ",0.0231
2026-06-21,136174,Nova,8529,OMANTEL-AS Zain Omantel Internationa,0.0346
2026-06-21,136174,Nova,17557,PKTELECOM-AS-PK - Pakistan Telecommu,0.125
2026-06-21,136174,Nova,38193,TWA-AS-AP - Transworld Associates (P,0.875
2026-06-21,150683,Fasttel,174,"COGENT-174 - Cogent Communications, ",0.053
2026-06-21,150683,Fasttel,3356,"LEVEL3 - Level 3 Parent, LLC, US",0.0556
2026-06-21,150683,Fasttel,6762,SEABONE-NET TELECOM ITALIA SPARKLE S,0.033
2026-06-21,150683,Fasttel,8966,Etisalat-AS EMIRATES TELECOMMUNICATI,0.0272
2026-06-21,150683,Fasttel,17557,PKTELECOM-AS-PK - Pakistan Telecommu,0.7717
2026-06-21,150683,Fasttel,24499,"TPP-AS-PK - Telenor Pakistan, PK",0.0737
2026-06-21,150683,Fasttel,38193,TWA-AS-AP - Transworld Associates (P,0.2283
2026-06-21,150683,Fasttel,38264,WATEEN-IMS-PK-AS-AP - National WiMAX,0.0393
2026-06-21,150683,Fasttel,138423,CMPAKLIMITED-AS-ENTCORP - CMPak Limi,0.8333
2026-06-21,150683,Fasttel,138655,TES-PL-AS-AP - Trans World Enterpris,0.0556
2026-06-21,151983,Orbit,174,"COGENT-174 - Cogent Communications, ",0.1705
2026-06-21,151983,Orbit,6762,SEABONE-NET TELECOM ITALIA SPARKLE S,0.2598
2026-06-21,151983,Orbit,23674,"NAYATEL-PK - Nayatel (Pvt) Ltd, PK",0.1111
2026-06-21,151983,Orbit,38193,TWA-AS-AP - Transworld Associates (P,1.0
2026-06-21,151983,Orbit,58470,Mobilink-Peering-AS-PK - IX Peering ,0.1111
2026-06-21,151983,Orbit,138655,TES-PL-AS-AP - Trans World Enterpris,0.7778
2026-06-21,152605,Z-Com,174,"COGENT-174 - Cogent Communications, ",0.336
2026-06-21,152605,Z-Com,6762,SEABONE-NET TELECOM ITALIA SPARKLE S,0.2198
2026-06-21,152605,Z-Com,38193,TWA-AS-AP - Transworld Associates (P,1.0
2026-06-21,152605,Z-Com,58453,CMI-INT-HK - China Mobile Internatio,0.0259
2026-06-22,9541,Cybernet,174,"COGENT-174 - Cogent Communications, ",0.243
2026-06-22,9541,Cybernet,1299,"TWELVE99 Arelion Sweden AB, SE",0.0943
2026-06-22,9541,Cybernet,3356,"LEVEL3 - Level 3 Parent, LLC, US",0.078
2026-06-22,9541,Cybernet,8529,OMANTEL-AS Zain Omantel Internationa,0.024
2026-06-22,9541,Cybernet,17557,PKTELECOM-AS-PK - Pakistan Telecommu,0.1177
2026-06-22,9541,Cybernet,23764,"CTGNet - CTGNet, HK",0.0277
2026-06-22,9541,Cybernet,57463,"NetIX NetIX Communications JSC, BG",0.077
2026-06-22,17557,PTCL,3356,"LEVEL3 - Level 3 Parent, LLC, US",0.043
2026-06-22,17557,PTCL,8966,Etisalat-AS EMIRATES TELECOMMUNICATI,0.0794
2026-06-22,23674,Nayatel,174,"COGENT-174 - Cogent Communications, ",0.1394
2026-06-22,23674,Nayatel,1299,"TWELVE99 Arelion Sweden AB, SE",0.0394
2026-06-22,23674,Nayatel,6762,SEABONE-NET TELECOM ITALIA SPARKLE S,0.0896
2026-06-22,23674,Nayatel,8529,OMANTEL-AS Zain Omantel Internationa,0.0325
2026-06-22,23674,Nayatel,8966,Etisalat-AS EMIRATES TELECOMMUNICATI,0.0305
2026-06-22,23674,Nayatel,17557,PKTELECOM-AS-PK - Pakistan Telecommu,0.7297
2026-06-22,23674,Nayatel,38193,TWA-AS-AP - Transworld Associates (P,0.2703
2026-06-22,23888,NTC,174,"COGENT-174 - Cogent Communications, ",0.0879
2026-06-22,23888,NTC,6762,SEABONE-NET TELECOM ITALIA SPARKLE S,0.0405
2026-06-22,23888,NTC,8529,OMANTEL-AS Zain Omantel Internationa,0.2392
2026-06-22,23888,NTC,8966,Etisalat-AS EMIRATES TELECOMMUNICATI,0.1316
2026-06-22,23888,NTC,17557,PKTELECOM-AS-PK - Pakistan Telecommu,0.7267
2026-06-22,23888,NTC,38193,TWA-AS-AP - Transworld Associates (P,0.2733
2026-06-22,23888,NTC,137409,GSLNETWORKS-AS-AP - GSL Networks Pty,0.1881
2026-06-22,38193,Transworld,174,"COGENT-174 - Cogent Communications, ",0.1838
2026-06-22,38193,Transworld,1299,"TWELVE99 Arelion Sweden AB, SE",0.0209
2026-06-22,38193,Transworld,3356,"LEVEL3 - Level 3 Parent, LLC, US",0.1961
2026-06-22,38193,Transworld,6762,SEABONE-NET TELECOM ITALIA SPARKLE S,0.0864
2026-06-22,38193,Transworld,8529,OMANTEL-AS Zain Omantel Internationa,0.0449
2026-06-22,38193,Transworld,8966,Etisalat-AS EMIRATES TELECOMMUNICATI,0.0252
2026-06-22,135407,TES,174,"COGENT-174 - Cogent Communications, ",0.18
2026-06-22,135407,TES,1299,"TWELVE99 Arelion Sweden AB, SE",0.0243
2026-06-22,135407,TES,3356,"LEVEL3 - Level 3 Parent, LLC, US",0.0292
2026-06-22,135407,TES,6762,SEABONE-NET TELECOM ITALIA SPARKLE S,0.1443
2026-06-22,135407,TES,6939,"HURRICANE - Hurricane Electric LLC, ",0.0239
2026-06-22,135407,TES,8529,OMANTEL-AS Zain Omantel Internationa,0.0712
2026-06-22,135407,TES,8966,Etisalat-AS EMIRATES TELECOMMUNICATI,0.1501
2026-06-22,135407,TES,38193,TWA-AS-AP - Transworld Associates (P,1.0
2026-06-22,136174,Nova,174,"COGENT-174 - Cogent Communications, ",0.0491
2026-06-22,136174,Nova,1299,"TWELVE99 Arelion Sweden AB, SE",0.0641
2026-06-22,136174,Nova,6762,SEABONE-NET TELECOM ITALIA SPARKLE S,0.4735
2026-06-22,136174,Nova,8529,OMANTEL-AS Zain Omantel Internationa,0.0432
2026-06-22,136174,Nova,17557,PKTELECOM-AS-PK - Pakistan Telecommu,0.125
2026-06-22,136174,Nova,38193,TWA-AS-AP - Transworld Associates (P,0.875
2026-06-22,136174,Nova,137409,GSLNETWORKS-AS-AP - GSL Networks Pty,0.0208
2026-06-22,150683,Fasttel,174,"COGENT-174 - Cogent Communications, ",0.0552
2026-06-22,150683,Fasttel,1299,"TWELVE99 Arelion Sweden AB, SE",0.0227
2026-06-22,150683,Fasttel,3356,"LEVEL3 - Level 3 Parent, LLC, US",0.0329
2026-06-22,150683,Fasttel,6762,SEABONE-NET TELECOM ITALIA SPARKLE S,0.0332
2026-06-22,150683,Fasttel,8966,Etisalat-AS EMIRATES TELECOMMUNICATI,0.1161
2026-06-22,150683,Fasttel,17557,PKTELECOM-AS-PK - Pakistan Telecommu,0.7873
2026-06-22,150683,Fasttel,24499,"TPP-AS-PK - Telenor Pakistan, PK",0.0807
2026-06-22,150683,Fasttel,38193,TWA-AS-AP - Transworld Associates (P,0.2127
2026-06-22,150683,Fasttel,38264,WATEEN-IMS-PK-AS-AP - National WiMAX,0.0324
2026-06-22,150683,Fasttel,138423,CMPAKLIMITED-AS-ENTCORP - CMPak Limi,0.8333
2026-06-22,150683,Fasttel,138655,TES-PL-AS-AP - Trans World Enterpris,0.0556
2026-06-22,151983,Orbit,174,"COGENT-174 - Cogent Communications, ",0.2028
2026-06-22,151983,Orbit,1299,"TWELVE99 Arelion Sweden AB, SE",0.0323
2026-06-22,151983,Orbit,6762,SEABONE-NET TELECOM ITALIA SPARKLE S,0.2862
2026-06-22,151983,Orbit,23674,"NAYATEL-PK - Nayatel (Pvt) Ltd, PK",0.1111
2026-06-22,151983,Orbit,38193,TWA-AS-AP - Transworld Associates (P,1.0
2026-06-22,151983,Orbit,58453,CMI-INT-HK - China Mobile Internatio,0.0326
2026-06-22,151983,Orbit,58470,Mobilink-Peering-AS-PK - IX Peering ,0.1111
2026-06-22,151983,Orbit,138655,TES-PL-AS-AP - Trans World Enterpris,0.7778
2026-06-22,152605,Z-Com,174,"COGENT-174 - Cogent Communications, ",0.4042
2026-06-22,152605,Z-Com,6762,SEABONE-NET TELECOM ITALIA SPARKLE S,0.2106
2026-06-22,152605,Z-Com,38193,TWA-AS-AP - Transworld Associates (P,1.0
2026-06-22,152605,Z-Com,58453,CMI-INT-HK - China Mobile Internatio,0.0328
2026-06-23,9541,Cybernet,174,"COGENT-174 - Cogent Communications, ",0.248
2026-06-23,9541,Cybernet,1299,"TWELVE99 Arelion Sweden AB, SE",0.0499
2026-06-23,9541,Cybernet,3356,"LEVEL3 - Level 3 Parent, LLC, US",0.1303
2026-06-23,9541,Cybernet,8529,OMANTEL-AS Zain Omantel Internationa,0.0297
2026-06-23,9541,Cybernet,17557,PKTELECOM-AS-PK - Pakistan Telecommu,0.1148
2026-06-23,9541,Cybernet,57463,"NetIX NetIX Communications JSC, BG",0.0717
2026-06-23,17557,PTCL,3356,"LEVEL3 - Level 3 Parent, LLC, US",0.0929
2026-06-23,23674,Nayatel,174,"COGENT-174 - Cogent Communications, ",0.1292
2026-06-23,23674,Nayatel,1299,"TWELVE99 Arelion Sweden AB, SE",0.0293
2026-06-23,23674,Nayatel,3356,"LEVEL3 - Level 3 Parent, LLC, US",0.0282
2026-06-23,23674,Nayatel,6762,SEABONE-NET TELECOM ITALIA SPARKLE S,0.1106
2026-06-23,23674,Nayatel,8529,OMANTEL-AS Zain Omantel Internationa,0.0425
2026-06-23,23674,Nayatel,17557,PKTELECOM-AS-PK - Pakistan Telecommu,0.7346
2026-06-23,23674,Nayatel,38193,TWA-AS-AP - Transworld Associates (P,0.2655
2026-06-23,23888,NTC,174,"COGENT-174 - Cogent Communications, ",0.097
2026-06-23,23888,NTC,3356,"LEVEL3 - Level 3 Parent, LLC, US",0.0519
2026-06-23,23888,NTC,6762,SEABONE-NET TELECOM ITALIA SPARKLE S,0.0623
2026-06-23,23888,NTC,8529,OMANTEL-AS Zain Omantel Internationa,0.2262
2026-06-23,23888,NTC,8966,Etisalat-AS EMIRATES TELECOMMUNICATI,0.0391
2026-06-23,23888,NTC,17557,PKTELECOM-AS-PK - Pakistan Telecommu,0.6917
2026-06-23,23888,NTC,38193,TWA-AS-AP - Transworld Associates (P,0.3083
2026-06-23,23888,NTC,137409,GSLNETWORKS-AS-AP - GSL Networks Pty,0.1765
2026-06-23,38193,Transworld,174,"COGENT-174 - Cogent Communications, ",0.1603
2026-06-23,38193,Transworld,3356,"LEVEL3 - Level 3 Parent, LLC, US",0.2106
2026-06-23,38193,Transworld,6762,SEABONE-NET TELECOM ITALIA SPARKLE S,0.1176
2026-06-23,38193,Transworld,8529,OMANTEL-AS Zain Omantel Internationa,0.0454
2026-06-23,135407,TES,174,"COGENT-174 - Cogent Communications, ",0.1864
2026-06-23,135407,TES,3356,"LEVEL3 - Level 3 Parent, LLC, US",0.0471
2026-06-23,135407,TES,6762,SEABONE-NET TELECOM ITALIA SPARKLE S,0.1757
2026-06-23,135407,TES,6939,"HURRICANE - Hurricane Electric LLC, ",0.0217
2026-06-23,135407,TES,8529,OMANTEL-AS Zain Omantel Internationa,0.0756
2026-06-23,135407,TES,8966,Etisalat-AS EMIRATES TELECOMMUNICATI,0.0886
2026-06-23,135407,TES,38193,TWA-AS-AP - Transworld Associates (P,1.0
2026-06-23,136174,Nova,174,"COGENT-174 - Cogent Communications, ",0.0459
2026-06-23,136174,Nova,6762,SEABONE-NET TELECOM ITALIA SPARKLE S,0.4969
2026-06-23,136174,Nova,8529,OMANTEL-AS Zain Omantel Internationa,0.0434
2026-06-23,136174,Nova,17557,PKTELECOM-AS-PK - Pakistan Telecommu,0.125
2026-06-23,136174,Nova,38193,TWA-AS-AP - Transworld Associates (P,0.875
2026-06-23,150683,Fasttel,174,"COGENT-174 - Cogent Communications, ",0.0631
2026-06-23,150683,Fasttel,3356,"LEVEL3 - Level 3 Parent, LLC, US",0.084
2026-06-23,150683,Fasttel,6762,SEABONE-NET TELECOM ITALIA SPARKLE S,0.0654
2026-06-23,150683,Fasttel,17557,PKTELECOM-AS-PK - Pakistan Telecommu,0.7628
2026-06-23,150683,Fasttel,24499,"TPP-AS-PK - Telenor Pakistan, PK",0.0728
2026-06-23,150683,Fasttel,38193,TWA-AS-AP - Transworld Associates (P,0.2372
2026-06-23,150683,Fasttel,38264,WATEEN-IMS-PK-AS-AP - National WiMAX,0.0408
2026-06-23,150683,Fasttel,138423,CMPAKLIMITED-AS-ENTCORP - CMPak Limi,0.8333
2026-06-23,150683,Fasttel,138655,TES-PL-AS-AP - Trans World Enterpris,0.0556
2026-06-23,151983,Orbit,174,"COGENT-174 - Cogent Communications, ",0.1998
2026-06-23,151983,Orbit,6762,SEABONE-NET TELECOM ITALIA SPARKLE S,0.3052
2026-06-23,151983,Orbit,8529,OMANTEL-AS Zain Omantel Internationa,0.0204
2026-06-23,151983,Orbit,23674,"NAYATEL-PK - Nayatel (Pvt) Ltd, PK",0.1111
2026-06-23,151983,Orbit,38193,TWA-AS-AP - Transworld Associates (P,1.0
2026-06-23,151983,Orbit,58453,CMI-INT-HK - China Mobile Internatio,0.0307
2026-06-23,151983,Orbit,58470,Mobilink-Peering-AS-PK - IX Peering ,0.1111
2026-06-23,151983,Orbit,138655,TES-PL-AS-AP - Trans World Enterpris,0.7778
2026-06-23,152605,Z-Com,174,"COGENT-174 - Cogent Communications, ",0.3665
2026-06-23,152605,Z-Com,6762,SEABONE-NET TELECOM ITALIA SPARKLE S,0.2408
2026-06-23,152605,Z-Com,38193,TWA-AS-AP - Transworld Associates (P,1.0
2026-06-23,152605,Z-Com,58453,CMI-INT-HK - China Mobile Internatio,0.0354
2026-06-24,9541,Cybernet,174,"COGENT-174 - Cogent Communications, ",0.2386
2026-06-24,9541,Cybernet,1299,"TWELVE99 Arelion Sweden AB, SE",0.0755
2026-06-24,9541,Cybernet,3356,"LEVEL3 - Level 3 Parent, LLC, US",0.1363
2026-06-24,9541,Cybernet,17557,PKTELECOM-AS-PK - Pakistan Telecommu,0.1131
2026-06-24,9541,Cybernet,57463,"NetIX NetIX Communications JSC, BG",0.0297
2026-06-24,17557,PTCL,3356,"LEVEL3 - Level 3 Parent, LLC, US",0.0972
2026-06-24,23674,Nayatel,174,"COGENT-174 - Cogent Communications, ",0.1305
2026-06-24,23674,Nayatel,1299,"TWELVE99 Arelion Sweden AB, SE",0.0302
2026-06-24,23674,Nayatel,3356,"LEVEL3 - Level 3 Parent, LLC, US",0.0269
2026-06-24,23674,Nayatel,6762,SEABONE-NET TELECOM ITALIA SPARKLE S,0.0916
2026-06-24,23674,Nayatel,17557,PKTELECOM-AS-PK - Pakistan Telecommu,0.724
2026-06-24,23674,Nayatel,38193,TWA-AS-AP - Transworld Associates (P,0.276
2026-06-24,23888,NTC,174,"COGENT-174 - Cogent Communications, ",0.1265
2026-06-24,23888,NTC,3356,"LEVEL3 - Level 3 Parent, LLC, US",0.0445
2026-06-24,23888,NTC,6762,SEABONE-NET TELECOM ITALIA SPARKLE S,0.0376
2026-06-24,23888,NTC,8529,OMANTEL-AS Zain Omantel Internationa,0.1749
2026-06-24,23888,NTC,8966,Etisalat-AS EMIRATES TELECOMMUNICATI,0.1108
2026-06-24,23888,NTC,17557,PKTELECOM-AS-PK - Pakistan Telecommu,0.6413
2026-06-24,23888,NTC,38193,TWA-AS-AP - Transworld Associates (P,0.3587
2026-06-24,23888,NTC,137409,GSLNETWORKS-AS-AP - GSL Networks Pty,0.1328
2026-06-24,38193,Transworld,174,"COGENT-174 - Cogent Communications, ",0.1162
2026-06-24,38193,Transworld,3356,"LEVEL3 - Level 3 Parent, LLC, US",0.236
2026-06-24,38193,Transworld,6762,SEABONE-NET TELECOM ITALIA SPARKLE S,0.0514
2026-06-24,38193,Transworld,6939,"HURRICANE - Hurricane Electric LLC, ",0.0374
2026-06-24,38193,Transworld,8529,OMANTEL-AS Zain Omantel Internationa,0.0373
2026-06-24,135407,TES,174,"COGENT-174 - Cogent Communications, ",0.1598
2026-06-24,135407,TES,3356,"LEVEL3 - Level 3 Parent, LLC, US",0.0512
2026-06-24,135407,TES,6762,SEABONE-NET TELECOM ITALIA SPARKLE S,0.1065
2026-06-24,135407,TES,6939,"HURRICANE - Hurricane Electric LLC, ",0.0471
2026-06-24,135407,TES,8529,OMANTEL-AS Zain Omantel Internationa,0.0559
2026-06-24,135407,TES,8966,Etisalat-AS EMIRATES TELECOMMUNICATI,0.0926
2026-06-24,135407,TES,38193,TWA-AS-AP - Transworld Associates (P,1.0
2026-06-24,136174,Nova,174,"COGENT-174 - Cogent Communications, ",0.0408
2026-06-24,136174,Nova,3356,"LEVEL3 - Level 3 Parent, LLC, US",0.0274
2026-06-24,136174,Nova,6762,SEABONE-NET TELECOM ITALIA SPARKLE S,0.4201
2026-06-24,136174,Nova,6939,"HURRICANE - Hurricane Electric LLC, ",0.0485
2026-06-24,136174,Nova,8529,OMANTEL-AS Zain Omantel Internationa,0.0204
2026-06-24,136174,Nova,17557,PKTELECOM-AS-PK - Pakistan Telecommu,0.125
2026-06-24,136174,Nova,38193,TWA-AS-AP - Transworld Associates (P,0.875
2026-06-24,150683,Fasttel,174,"COGENT-174 - Cogent Communications, ",0.0739
2026-06-24,150683,Fasttel,3356,"LEVEL3 - Level 3 Parent, LLC, US",0.0676
2026-06-24,150683,Fasttel,6762,SEABONE-NET TELECOM ITALIA SPARKLE S,0.0253
2026-06-24,150683,Fasttel,8966,Etisalat-AS EMIRATES TELECOMMUNICATI,0.0345
2026-06-24,150683,Fasttel,17557,PKTELECOM-AS-PK - Pakistan Telecommu,0.7194
2026-06-24,150683,Fasttel,24499,"TPP-AS-PK - Telenor Pakistan, PK",0.0738
2026-06-24,150683,Fasttel,38193,TWA-AS-AP - Transworld Associates (P,0.2806
2026-06-24,150683,Fasttel,38264,WATEEN-IMS-PK-AS-AP - National WiMAX,0.0393
2026-06-24,150683,Fasttel,58470,Mobilink-Peering-AS-PK - IX Peering ,0.0721
2026-06-24,150683,Fasttel,138423,CMPAKLIMITED-AS-ENTCORP - CMPak Limi,0.793
2026-06-24,150683,Fasttel,138655,TES-PL-AS-AP - Trans World Enterpris,0.0558
2026-06-24,151983,Orbit,174,"COGENT-174 - Cogent Communications, ",0.1796
2026-06-24,151983,Orbit,6762,SEABONE-NET TELECOM ITALIA SPARKLE S,0.2379
2026-06-24,151983,Orbit,6939,"HURRICANE - Hurricane Electric LLC, ",0.0271
2026-06-24,151983,Orbit,23674,"NAYATEL-PK - Nayatel (Pvt) Ltd, PK",0.1114
2026-06-24,151983,Orbit,38193,TWA-AS-AP - Transworld Associates (P,1.0
2026-06-24,151983,Orbit,58470,Mobilink-Peering-AS-PK - IX Peering ,0.1111
2026-06-24,151983,Orbit,138655,TES-PL-AS-AP - Trans World Enterpris,0.7798
2026-06-24,152605,Z-Com,174,"COGENT-174 - Cogent Communications, ",0.3751
2026-06-24,152605,Z-Com,6762,SEABONE-NET TELECOM ITALIA SPARKLE S,0.1956
2026-06-24,152605,Z-Com,6939,"HURRICANE - Hurricane Electric LLC, ",0.0233
2026-06-24,152605,Z-Com,38193,TWA-AS-AP - Transworld Associates (P,1.0
2026-06-24,152605,Z-Com,58453,CMI-INT-HK - China Mobile Internatio,0.0214
2026-06-25,9541,Cybernet,174,"COGENT-174 - Cogent Communications, ",0.2352
2026-06-25,9541,Cybernet,1299,"TWELVE99 Arelion Sweden AB, SE",0.0726
2026-06-25,9541,Cybernet,3356,"LEVEL3 - Level 3 Parent, LLC, US",0.1135
2026-06-25,9541,Cybernet,8529,OMANTEL-AS Zain Omantel Internationa,0.0234
2026-06-25,9541,Cybernet,17557,PKTELECOM-AS-PK - Pakistan Telecommu,0.1125
2026-06-25,9541,Cybernet,57463,"NetIX NetIX Communications JSC, BG",0.0767
2026-06-25,17557,PTCL,3356,"LEVEL3 - Level 3 Parent, LLC, US",0.067
2026-06-25,17557,PTCL,8966,Etisalat-AS EMIRATES TELECOMMUNICATI,0.0245
2026-06-25,23674,Nayatel,174,"COGENT-174 - Cogent Communications, ",0.1281
2026-06-25,23674,Nayatel,1299,"TWELVE99 Arelion Sweden AB, SE",0.0248
2026-06-25,23674,Nayatel,3356,"LEVEL3 - Level 3 Parent, LLC, US",0.0224
2026-06-25,23674,Nayatel,6762,SEABONE-NET TELECOM ITALIA SPARKLE S,0.1082
2026-06-25,23674,Nayatel,8529,OMANTEL-AS Zain Omantel Internationa,0.0312
2026-06-25,23674,Nayatel,17557,PKTELECOM-AS-PK - Pakistan Telecommu,0.7176
2026-06-25,23674,Nayatel,38193,TWA-AS-AP - Transworld Associates (P,0.2824
2026-06-25,23888,NTC,174,"COGENT-174 - Cogent Communications, ",0.1113
2026-06-25,23888,NTC,3356,"LEVEL3 - Level 3 Parent, LLC, US",0.0416
2026-06-25,23888,NTC,6762,SEABONE-NET TELECOM ITALIA SPARKLE S,0.0572
2026-06-25,23888,NTC,8529,OMANTEL-AS Zain Omantel Internationa,0.185
2026-06-25,23888,NTC,8966,Etisalat-AS EMIRATES TELECOMMUNICATI,0.1057
2026-06-25,23888,NTC,17557,PKTELECOM-AS-PK - Pakistan Telecommu,0.665
2026-06-25,23888,NTC,38193,TWA-AS-AP - Transworld Associates (P,0.335
2026-06-25,23888,NTC,137409,GSLNETWORKS-AS-AP - GSL Networks Pty,0.1376
2026-06-25,38193,Transworld,174,"COGENT-174 - Cogent Communications, ",0.1377
2026-06-25,38193,Transworld,3356,"LEVEL3 - Level 3 Parent, LLC, US",0.2172
2026-06-25,38193,Transworld,6762,SEABONE-NET TELECOM ITALIA SPARKLE S,0.0871
2026-06-25,38193,Transworld,6939,"HURRICANE - Hurricane Electric LLC, ",0.0344
2026-06-25,38193,Transworld,8529,OMANTEL-AS Zain Omantel Internationa,0.0439
2026-06-25,38193,Transworld,8966,Etisalat-AS EMIRATES TELECOMMUNICATI,0.0201
2026-06-25,135407,TES,174,"COGENT-174 - Cogent Communications, ",0.1548
2026-06-25,135407,TES,3356,"LEVEL3 - Level 3 Parent, LLC, US",0.0414
2026-06-25,135407,TES,6762,SEABONE-NET TELECOM ITALIA SPARKLE S,0.1377
2026-06-25,135407,TES,6939,"HURRICANE - Hurricane Electric LLC, ",0.0436
2026-06-25,135407,TES,8529,OMANTEL-AS Zain Omantel Internationa,0.0765
2026-06-25,135407,TES,8966,Etisalat-AS EMIRATES TELECOMMUNICATI,0.1084
2026-06-25,135407,TES,38193,TWA-AS-AP - Transworld Associates (P,1.0
2026-06-25,136174,Nova,174,"COGENT-174 - Cogent Communications, ",0.0411
2026-06-25,136174,Nova,3356,"LEVEL3 - Level 3 Parent, LLC, US",0.0224
2026-06-25,136174,Nova,6762,SEABONE-NET TELECOM ITALIA SPARKLE S,0.4372
2026-06-25,136174,Nova,6939,"HURRICANE - Hurricane Electric LLC, ",0.0388
2026-06-25,136174,Nova,8529,OMANTEL-AS Zain Omantel Internationa,0.0349
2026-06-25,136174,Nova,17557,PKTELECOM-AS-PK - Pakistan Telecommu,0.125
2026-06-25,136174,Nova,38193,TWA-AS-AP - Transworld Associates (P,0.875
2026-06-25,150683,Fasttel,174,"COGENT-174 - Cogent Communications, ",0.0661
2026-06-25,150683,Fasttel,3356,"LEVEL3 - Level 3 Parent, LLC, US",0.0582
2026-06-25,150683,Fasttel,6762,SEABONE-NET TELECOM ITALIA SPARKLE S,0.0404
2026-06-25,150683,Fasttel,8966,Etisalat-AS EMIRATES TELECOMMUNICATI,0.0381
2026-06-25,150683,Fasttel,17557,PKTELECOM-AS-PK - Pakistan Telecommu,0.7209
2026-06-25,150683,Fasttel,24499,"TPP-AS-PK - Telenor Pakistan, PK",0.0747
2026-06-25,150683,Fasttel,38193,TWA-AS-AP - Transworld Associates (P,0.2791
2026-06-25,150683,Fasttel,38264,WATEEN-IMS-PK-AS-AP - National WiMAX,0.0375
2026-06-25,150683,Fasttel,58470,Mobilink-Peering-AS-PK - IX Peering ,0.0501
2026-06-25,150683,Fasttel,138423,CMPAKLIMITED-AS-ENTCORP - CMPak Limi,0.7833
2026-06-25,150683,Fasttel,138655,TES-PL-AS-AP - Trans World Enterpris,0.0556
2026-06-25,151983,Orbit,174,"COGENT-174 - Cogent Communications, ",0.1726
2026-06-25,151983,Orbit,6762,SEABONE-NET TELECOM ITALIA SPARKLE S,0.2791
2026-06-25,151983,Orbit,6939,"HURRICANE - Hurricane Electric LLC, ",0.0201
2026-06-25,151983,Orbit,8529,OMANTEL-AS Zain Omantel Internationa,0.0218
2026-06-25,151983,Orbit,23674,"NAYATEL-PK - Nayatel (Pvt) Ltd, PK",0.1111
2026-06-25,151983,Orbit,38193,TWA-AS-AP - Transworld Associates (P,1.0
2026-06-25,151983,Orbit,58470,Mobilink-Peering-AS-PK - IX Peering ,0.1111
2026-06-25,151983,Orbit,138655,TES-PL-AS-AP - Trans World Enterpris,0.7778
2026-06-25,152605,Z-Com,174,"COGENT-174 - Cogent Communications, ",0.3573
2026-06-25,152605,Z-Com,6762,SEABONE-NET TELECOM ITALIA SPARKLE S,0.245
2026-06-25,152605,Z-Com,38193,TWA-AS-AP - Transworld Associates (P,1.0
2026-06-26,9541,Cybernet,174,"COGENT-174 - Cogent Communications, ",0.2352
2026-06-26,9541,Cybernet,1299,"TWELVE99 Arelion Sweden AB, SE",0.1131
2026-06-26,9541,Cybernet,3356,"LEVEL3 - Level 3 Parent, LLC, US",0.0536
2026-06-26,9541,Cybernet,8529,OMANTEL-AS Zain Omantel Internationa,0.0228
2026-06-26,9541,Cybernet,17557,PKTELECOM-AS-PK - Pakistan Telecommu,0.1175
2026-06-26,9541,Cybernet,23764,"CTGNet - CTGNet, HK",0.0327
2026-06-26,9541,Cybernet,57463,"NetIX NetIX Communications JSC, BG",0.0998
2026-06-26,17557,PTCL,8966,Etisalat-AS EMIRATES TELECOMMUNICATI,0.0876
2026-06-26,23674,Nayatel,174,"COGENT-174 - Cogent Communications, ",0.1404
2026-06-26,23674,Nayatel,1299,"TWELVE99 Arelion Sweden AB, SE",0.0411
2026-06-26,23674,Nayatel,6762,SEABONE-NET TELECOM ITALIA SPARKLE S,0.0894
2026-06-26,23674,Nayatel,8529,OMANTEL-AS Zain Omantel Internationa,0.0338
2026-06-26,23674,Nayatel,8966,Etisalat-AS EMIRATES TELECOMMUNICATI,0.0369
2026-06-26,23674,Nayatel,17557,PKTELECOM-AS-PK - Pakistan Telecommu,0.7236
2026-06-26,23674,Nayatel,38193,TWA-AS-AP - Transworld Associates (P,0.2764
2026-06-26,23888,NTC,174,"COGENT-174 - Cogent Communications, ",0.0685
2026-06-26,23888,NTC,6762,SEABONE-NET TELECOM ITALIA SPARKLE S,0.0275
2026-06-26,23888,NTC,8529,OMANTEL-AS Zain Omantel Internationa,0.2554
2026-06-26,23888,NTC,8966,Etisalat-AS EMIRATES TELECOMMUNICATI,0.1574
2026-06-26,23888,NTC,17557,PKTELECOM-AS-PK - Pakistan Telecommu,0.7491
2026-06-26,23888,NTC,38193,TWA-AS-AP - Transworld Associates (P,0.2509
2026-06-26,23888,NTC,137409,GSLNETWORKS-AS-AP - GSL Networks Pty,0.2085
2026-06-26,38193,Transworld,174,"COGENT-174 - Cogent Communications, ",0.1963
2026-06-26,38193,Transworld,1299,"TWELVE99 Arelion Sweden AB, SE",0.0254
2026-06-26,38193,Transworld,3356,"LEVEL3 - Level 3 Parent, LLC, US",0.1851
2026-06-26,38193,Transworld,6762,SEABONE-NET TELECOM ITALIA SPARKLE S,0.089
2026-06-26,38193,Transworld,8529,OMANTEL-AS Zain Omantel Internationa,0.0459
2026-06-26,38193,Transworld,8966,Etisalat-AS EMIRATES TELECOMMUNICATI,0.0265
2026-06-26,135407,TES,174,"COGENT-174 - Cogent Communications, ",0.1676
2026-06-26,135407,TES,1299,"TWELVE99 Arelion Sweden AB, SE",0.0234
2026-06-26,135407,TES,6762,SEABONE-NET TELECOM ITALIA SPARKLE S,0.1452
2026-06-26,135407,TES,6939,"HURRICANE - Hurricane Electric LLC, ",0.0229
2026-06-26,135407,TES,8529,OMANTEL-AS Zain Omantel Internationa,0.0734
2026-06-26,135407,TES,8966,Etisalat-AS EMIRATES TELECOMMUNICATI,0.1599
2026-06-26,135407,TES,38193,TWA-AS-AP - Transworld Associates (P,1.0
2026-06-26,136174,Nova,174,"COGENT-174 - Cogent Communications, ",0.0507
2026-06-26,136174,Nova,1299,"TWELVE99 Arelion Sweden AB, SE",0.0828
2026-06-26,136174,Nova,6762,SEABONE-NET TELECOM ITALIA SPARKLE S,0.4696
2026-06-26,136174,Nova,8529,OMANTEL-AS Zain Omantel Internationa,0.0473
2026-06-26,136174,Nova,17557,PKTELECOM-AS-PK - Pakistan Telecommu,0.125
2026-06-26,136174,Nova,38193,TWA-AS-AP - Transworld Associates (P,0.875
2026-06-26,136174,Nova,137409,GSLNETWORKS-AS-AP - GSL Networks Pty,0.022
2026-06-26,150683,Fasttel,174,"COGENT-174 - Cogent Communications, ",0.0499
2026-06-26,150683,Fasttel,1299,"TWELVE99 Arelion Sweden AB, SE",0.0338
2026-06-26,150683,Fasttel,6762,SEABONE-NET TELECOM ITALIA SPARKLE S,0.0312
2026-06-26,150683,Fasttel,8966,Etisalat-AS EMIRATES TELECOMMUNICATI,0.13
2026-06-26,150683,Fasttel,17557,PKTELECOM-AS-PK - Pakistan Telecommu,0.7536
2026-06-26,150683,Fasttel,24499,"TPP-AS-PK - Telenor Pakistan, PK",0.0827
2026-06-26,150683,Fasttel,38193,TWA-AS-AP - Transworld Associates (P,0.2464
2026-06-26,150683,Fasttel,38264,WATEEN-IMS-PK-AS-AP - National WiMAX,0.0293
2026-06-26,150683,Fasttel,58470,Mobilink-Peering-AS-PK - IX Peering ,0.0398
2026-06-26,150683,Fasttel,138423,CMPAKLIMITED-AS-ENTCORP - CMPak Limi,0.7933
2026-06-26,150683,Fasttel,138655,TES-PL-AS-AP - Trans World Enterpris,0.0556
2026-06-26,151983,Orbit,174,"COGENT-174 - Cogent Communications, ",0.1968
2026-06-26,151983,Orbit,1299,"TWELVE99 Arelion Sweden AB, SE",0.0405
2026-06-26,151983,Orbit,6762,SEABONE-NET TELECOM ITALIA SPARKLE S,0.2853
2026-06-26,151983,Orbit,23674,"NAYATEL-PK - Nayatel (Pvt) Ltd, PK",0.1111
2026-06-26,151983,Orbit,38193,TWA-AS-AP - Transworld Associates (P,1.0
2026-06-26,151983,Orbit,58453,CMI-INT-HK - China Mobile Internatio,0.0269
2026-06-26,151983,Orbit,58470,Mobilink-Peering-AS-PK - IX Peering ,0.1111
2026-06-26,151983,Orbit,138655,TES-PL-AS-AP - Trans World Enterpris,0.7778
2026-06-26,152605,Z-Com,174,"COGENT-174 - Cogent Communications, ",0.4173
2026-06-26,152605,Z-Com,6762,SEABONE-NET TELECOM ITALIA SPARKLE S,0.2064
2026-06-26,152605,Z-Com,38193,TWA-AS-AP - Transworld Associates (P,1.0
2026-06-26,152605,Z-Com,58453,CMI-INT-HK - China Mobile Internatio,0.0215
2026-06-27,9541,Cybernet,174,"COGENT-174 - Cogent Communications, ",0.2382
2026-06-27,9541,Cybernet,1299,"TWELVE99 Arelion Sweden AB, SE",0.1027
2026-06-27,9541,Cybernet,3356,"LEVEL3 - Level 3 Parent, LLC, US",0.0526
2026-06-27,9541,Cybernet,8529,OMANTEL-AS Zain Omantel Internationa,0.0235
2026-06-27,9541,Cybernet,17557,PKTELECOM-AS-PK - Pakistan Telecommu,0.1178
2026-06-27,9541,Cybernet,23764,"CTGNet - CTGNet, HK",0.0332
2026-06-27,9541,Cybernet,57463,"NetIX NetIX Communications JSC, BG",0.0946
2026-06-27,17557,PTCL,8966,Etisalat-AS EMIRATES TELECOMMUNICATI,0.0842
2026-06-27,23674,Nayatel,174,"COGENT-174 - Cogent Communications, ",0.141
2026-06-27,23674,Nayatel,1299,"TWELVE99 Arelion Sweden AB, SE",0.0389
2026-06-27,23674,Nayatel,6762,SEABONE-NET TELECOM ITALIA SPARKLE S,0.0882
2026-06-27,23674,Nayatel,8529,OMANTEL-AS Zain Omantel Internationa,0.0311
2026-06-27,23674,Nayatel,8966,Etisalat-AS EMIRATES TELECOMMUNICATI,0.0346
2026-06-27,23674,Nayatel,17557,PKTELECOM-AS-PK - Pakistan Telecommu,0.7155
2026-06-27,23674,Nayatel,38193,TWA-AS-AP - Transworld Associates (P,0.2845
2026-06-27,23888,NTC,174,"COGENT-174 - Cogent Communications, ",0.0653
2026-06-27,23888,NTC,6762,SEABONE-NET TELECOM ITALIA SPARKLE S,0.0261
2026-06-27,23888,NTC,6939,"HURRICANE - Hurricane Electric LLC, ",0.1314
2026-06-27,23888,NTC,8529,OMANTEL-AS Zain Omantel Internationa,0.2424
2026-06-27,23888,NTC,8966,Etisalat-AS EMIRATES TELECOMMUNICATI,0.1491
2026-06-27,23888,NTC,17557,PKTELECOM-AS-PK - Pakistan Telecommu,0.7482
2026-06-27,23888,NTC,38193,TWA-AS-AP - Transworld Associates (P,0.2518
2026-06-27,23888,NTC,137409,GSLNETWORKS-AS-AP - GSL Networks Pty,0.1955
2026-06-27,38193,Transworld,174,"COGENT-174 - Cogent Communications, ",0.1873
2026-06-27,38193,Transworld,1299,"TWELVE99 Arelion Sweden AB, SE",0.0224
2026-06-27,38193,Transworld,3356,"LEVEL3 - Level 3 Parent, LLC, US",0.1728
2026-06-27,38193,Transworld,6762,SEABONE-NET TELECOM ITALIA SPARKLE S,0.0837
2026-06-27,38193,Transworld,8529,OMANTEL-AS Zain Omantel Internationa,0.0459
2026-06-27,38193,Transworld,8966,Etisalat-AS EMIRATES TELECOMMUNICATI,0.0274
2026-06-27,135407,TES,174,"COGENT-174 - Cogent Communications, ",0.1588
2026-06-27,135407,TES,1299,"TWELVE99 Arelion Sweden AB, SE",0.0212
2026-06-27,135407,TES,6762,SEABONE-NET TELECOM ITALIA SPARKLE S,0.1368
2026-06-27,135407,TES,6939,"HURRICANE - Hurricane Electric LLC, ",0.0218
2026-06-27,135407,TES,8529,OMANTEL-AS Zain Omantel Internationa,0.0725
2026-06-27,135407,TES,8966,Etisalat-AS EMIRATES TELECOMMUNICATI,0.1638
2026-06-27,135407,TES,38193,TWA-AS-AP - Transworld Associates (P,1.0
2026-06-27,136174,Nova,174,"COGENT-174 - Cogent Communications, ",0.0481
2026-06-27,136174,Nova,1299,"TWELVE99 Arelion Sweden AB, SE",0.0785
2026-06-27,136174,Nova,6762,SEABONE-NET TELECOM ITALIA SPARKLE S,0.447
2026-06-27,136174,Nova,6939,"HURRICANE - Hurricane Electric LLC, ",0.0304
2026-06-27,136174,Nova,8529,OMANTEL-AS Zain Omantel Internationa,0.0451
2026-06-27,136174,Nova,17557,PKTELECOM-AS-PK - Pakistan Telecommu,0.125
2026-06-27,136174,Nova,38193,TWA-AS-AP - Transworld Associates (P,0.875
2026-06-27,136174,Nova,137409,GSLNETWORKS-AS-AP - GSL Networks Pty,0.0208
2026-06-27,150683,Fasttel,174,"COGENT-174 - Cogent Communications, ",0.0474
2026-06-27,150683,Fasttel,1299,"TWELVE99 Arelion Sweden AB, SE",0.031
2026-06-27,150683,Fasttel,6762,SEABONE-NET TELECOM ITALIA SPARKLE S,0.0296
2026-06-27,150683,Fasttel,8966,Etisalat-AS EMIRATES TELECOMMUNICATI,0.1233
2026-06-27,150683,Fasttel,17557,PKTELECOM-AS-PK - Pakistan Telecommu,0.753
2026-06-27,150683,Fasttel,24499,"TPP-AS-PK - Telenor Pakistan, PK",0.0821
2026-06-27,150683,Fasttel,38193,TWA-AS-AP - Transworld Associates (P,0.247
2026-06-27,150683,Fasttel,38264,WATEEN-IMS-PK-AS-AP - National WiMAX,0.0306
2026-06-27,150683,Fasttel,58470,Mobilink-Peering-AS-PK - IX Peering ,0.0399
2026-06-27,150683,Fasttel,138423,CMPAKLIMITED-AS-ENTCORP - CMPak Limi,0.7936
2026-06-27,150683,Fasttel,138655,TES-PL-AS-AP - Trans World Enterpris,0.0556
2026-06-27,151983,Orbit,174,"COGENT-174 - Cogent Communications, ",0.1852
2026-06-27,151983,Orbit,1299,"TWELVE99 Arelion Sweden AB, SE",0.0385
2026-06-27,151983,Orbit,6762,SEABONE-NET TELECOM ITALIA SPARKLE S,0.2717
2026-06-27,151983,Orbit,23674,"NAYATEL-PK - Nayatel (Pvt) Ltd, PK",0.1111
2026-06-27,151983,Orbit,38193,TWA-AS-AP - Transworld Associates (P,1.0
2026-06-27,151983,Orbit,58453,CMI-INT-HK - China Mobile Internatio,0.0323
2026-06-27,151983,Orbit,58470,Mobilink-Peering-AS-PK - IX Peering ,0.1111
2026-06-27,151983,Orbit,138655,TES-PL-AS-AP - Trans World Enterpris,0.7778
2026-06-27,152605,Z-Com,174,"COGENT-174 - Cogent Communications, ",0.3956
2026-06-27,152605,Z-Com,6762,SEABONE-NET TELECOM ITALIA SPARKLE S,0.1954
2026-06-27,152605,Z-Com,38193,TWA-AS-AP - Transworld Associates (P,1.0
2026-06-27,152605,Z-Com,58453,CMI-INT-HK - China Mobile Internatio,0.0406
2026-06-28,9541,Cybernet,174,"COGENT-174 - Cogent Communications, ",0.2461
2026-06-28,9541,Cybernet,1299,"TWELVE99 Arelion Sweden AB, SE",0.0672
2026-06-28,9541,Cybernet,3356,"LEVEL3 - Level 3 Parent, LLC, US",0.1109
2026-06-28,9541,Cybernet,8529,OMANTEL-AS Zain Omantel Internationa,0.0222
2026-06-28,9541,Cybernet,17557,PKTELECOM-AS-PK - Pakistan Telecommu,0.1137
2026-06-28,9541,Cybernet,57463,"NetIX NetIX Communications JSC, BG",0.0742
2026-06-28,17557,PTCL,3356,"LEVEL3 - Level 3 Parent, LLC, US",0.0615
2026-06-28,23674,Nayatel,174,"COGENT-174 - Cogent Communications, ",0.1316
2026-06-28,23674,Nayatel,1299,"TWELVE99 Arelion Sweden AB, SE",0.0241
2026-06-28,23674,Nayatel,3356,"LEVEL3 - Level 3 Parent, LLC, US",0.0207
2026-06-28,23674,Nayatel,6762,SEABONE-NET TELECOM ITALIA SPARKLE S,0.1041
2026-06-28,23674,Nayatel,8529,OMANTEL-AS Zain Omantel Internationa,0.0301
2026-06-28,23674,Nayatel,17557,PKTELECOM-AS-PK - Pakistan Telecommu,0.7251
2026-06-28,23674,Nayatel,38193,TWA-AS-AP - Transworld Associates (P,0.2749
2026-06-28,23888,NTC,174,"COGENT-174 - Cogent Communications, ",0.1091
2026-06-28,23888,NTC,3356,"LEVEL3 - Level 3 Parent, LLC, US",0.0404
2026-06-28,23888,NTC,6762,SEABONE-NET TELECOM ITALIA SPARKLE S,0.0416
2026-06-28,23888,NTC,8529,OMANTEL-AS Zain Omantel Internationa,0.161
2026-06-28,23888,NTC,8966,Etisalat-AS EMIRATES TELECOMMUNICATI,0.1019
2026-06-28,23888,NTC,17557,PKTELECOM-AS-PK - Pakistan Telecommu,0.6826
2026-06-28,23888,NTC,38193,TWA-AS-AP - Transworld Associates (P,0.3174
2026-06-28,23888,NTC,137409,GSLNETWORKS-AS-AP - GSL Networks Pty,0.1283
2026-06-28,38193,Transworld,174,"COGENT-174 - Cogent Communications, ",0.1422
2026-06-28,38193,Transworld,3356,"LEVEL3 - Level 3 Parent, LLC, US",0.2055
2026-06-28,38193,Transworld,6762,SEABONE-NET TELECOM ITALIA SPARKLE S,0.0817
2026-06-28,38193,Transworld,6939,"HURRICANE - Hurricane Electric LLC, ",0.0219
2026-06-28,38193,Transworld,8529,OMANTEL-AS Zain Omantel Internationa,0.0438
2026-06-28,38193,Transworld,8966,Etisalat-AS EMIRATES TELECOMMUNICATI,0.021
2026-06-28,135407,TES,174,"COGENT-174 - Cogent Communications, ",0.1579
2026-06-28,135407,TES,3356,"LEVEL3 - Level 3 Parent, LLC, US",0.0378
2026-06-28,135407,TES,6762,SEABONE-NET TELECOM ITALIA SPARKLE S,0.1398
2026-06-28,135407,TES,6939,"HURRICANE - Hurricane Electric LLC, ",0.0311
2026-06-28,135407,TES,8529,OMANTEL-AS Zain Omantel Internationa,0.0759
2026-06-28,135407,TES,8966,Etisalat-AS EMIRATES TELECOMMUNICATI,0.1151
2026-06-28,135407,TES,38193,TWA-AS-AP - Transworld Associates (P,1.0
2026-06-28,136174,Nova,174,"COGENT-174 - Cogent Communications, ",0.0437
2026-06-28,136174,Nova,3356,"LEVEL3 - Level 3 Parent, LLC, US",0.0218
2026-06-28,136174,Nova,6762,SEABONE-NET TELECOM ITALIA SPARKLE S,0.4458
2026-06-28,136174,Nova,6939,"HURRICANE - Hurricane Electric LLC, ",0.0238
2026-06-28,136174,Nova,8529,OMANTEL-AS Zain Omantel Internationa,0.0317
2026-06-28,136174,Nova,17557,PKTELECOM-AS-PK - Pakistan Telecommu,0.125
2026-06-28,136174,Nova,38193,TWA-AS-AP - Transworld Associates (P,0.875
2026-06-28,150683,Fasttel,174,"COGENT-174 - Cogent Communications, ",0.0658
2026-06-28,150683,Fasttel,3356,"LEVEL3 - Level 3 Parent, LLC, US",0.063
2026-06-28,150683,Fasttel,6762,SEABONE-NET TELECOM ITALIA SPARKLE S,0.0435
2026-06-28,150683,Fasttel,8966,Etisalat-AS EMIRATES TELECOMMUNICATI,0.0265
2026-06-28,150683,Fasttel,17557,PKTELECOM-AS-PK - Pakistan Telecommu,0.721
2026-06-28,150683,Fasttel,24499,"TPP-AS-PK - Telenor Pakistan, PK",0.0743
2026-06-28,150683,Fasttel,38193,TWA-AS-AP - Transworld Associates (P,0.279
2026-06-28,150683,Fasttel,38264,WATEEN-IMS-PK-AS-AP - National WiMAX,0.0388
2026-06-28,150683,Fasttel,58470,Mobilink-Peering-AS-PK - IX Peering ,0.0494
2026-06-28,150683,Fasttel,138423,CMPAKLIMITED-AS-ENTCORP - CMPak Limi,0.784
2026-06-28,150683,Fasttel,138655,TES-PL-AS-AP - Trans World Enterpris,0.0556
2026-06-28,151983,Orbit,174,"COGENT-174 - Cogent Communications, ",0.1828
2026-06-28,151983,Orbit,6762,SEABONE-NET TELECOM ITALIA SPARKLE S,0.2609
2026-06-28,151983,Orbit,23674,"NAYATEL-PK - Nayatel (Pvt) Ltd, PK",0.1135
2026-06-28,151983,Orbit,38193,TWA-AS-AP - Transworld Associates (P,1.0
2026-06-28,151983,Orbit,58453,CMI-INT-HK - China Mobile Internatio,0.021
2026-06-28,151983,Orbit,58470,Mobilink-Peering-AS-PK - IX Peering ,0.1111
2026-06-28,151983,Orbit,138655,TES-PL-AS-AP - Trans World Enterpris,0.7949
2026-06-28,152605,Z-Com,174,"COGENT-174 - Cogent Communications, ",0.3636
2026-06-28,152605,Z-Com,6762,SEABONE-NET TELECOM ITALIA SPARKLE S,0.2163
2026-06-28,152605,Z-Com,38193,TWA-AS-AP - Transworld Associates (P,1.0
2026-06-28,152605,Z-Com,58453,CMI-INT-HK - China Mobile Internatio,0.0329
2026-06-29,9541,Cybernet,174,"COGENT-174 - Cogent Communications, ",0.2418
2026-06-29,9541,Cybernet,1299,"TWELVE99 Arelion Sweden AB, SE",0.0616
2026-06-29,9541,Cybernet,3356,"LEVEL3 - Level 3 Parent, LLC, US",0.1001
2026-06-29,9541,Cybernet,8529,OMANTEL-AS Zain Omantel Internationa,0.0238
2026-06-29,9541,Cybernet,17557,PKTELECOM-AS-PK - Pakistan Telecommu,0.1126
2026-06-29,9541,Cybernet,57463,"NetIX NetIX Communications JSC, BG",0.066
2026-06-29,17557,PTCL,3356,"LEVEL3 - Level 3 Parent, LLC, US",0.045
2026-06-29,23674,Nayatel,174,"COGENT-174 - Cogent Communications, ",0.1257
2026-06-29,23674,Nayatel,1299,"TWELVE99 Arelion Sweden AB, SE",0.0204
2026-06-29,23674,Nayatel,3356,"LEVEL3 - Level 3 Parent, LLC, US",0.0201
2026-06-29,23674,Nayatel,6762,SEABONE-NET TELECOM ITALIA SPARKLE S,0.1006
2026-06-29,23674,Nayatel,8529,OMANTEL-AS Zain Omantel Internationa,0.0316
2026-06-29,23674,Nayatel,17557,PKTELECOM-AS-PK - Pakistan Telecommu,0.7274
2026-06-29,23674,Nayatel,38193,TWA-AS-AP - Transworld Associates (P,0.2726
2026-06-29,23888,NTC,174,"COGENT-174 - Cogent Communications, ",0.1057
2026-06-29,23888,NTC,3356,"LEVEL3 - Level 3 Parent, LLC, US",0.0315
2026-06-29,23888,NTC,6762,SEABONE-NET TELECOM ITALIA SPARKLE S,0.0367
2026-06-29,23888,NTC,8529,OMANTEL-AS Zain Omantel Internationa,0.1767
2026-06-29,23888,NTC,8966,Etisalat-AS EMIRATES TELECOMMUNICATI,0.0985
2026-06-29,23888,NTC,17557,PKTELECOM-AS-PK - Pakistan Telecommu,0.6833
2026-06-29,23888,NTC,38193,TWA-AS-AP - Transworld Associates (P,0.3167
2026-06-29,23888,NTC,137409,GSLNETWORKS-AS-AP - GSL Networks Pty,0.1322
2026-06-29,38193,Transworld,174,"COGENT-174 - Cogent Communications, ",0.1301
2026-06-29,38193,Transworld,3356,"LEVEL3 - Level 3 Parent, LLC, US",0.2013
2026-06-29,38193,Transworld,6762,SEABONE-NET TELECOM ITALIA SPARKLE S,0.0848
2026-06-29,38193,Transworld,6939,"HURRICANE - Hurricane Electric LLC, ",0.0223
2026-06-29,38193,Transworld,8529,OMANTEL-AS Zain Omantel Internationa,0.0442
2026-06-29,38193,Transworld,8966,Etisalat-AS EMIRATES TELECOMMUNICATI,0.0213
2026-06-29,135407,TES,174,"COGENT-174 - Cogent Communications, ",0.1446
2026-06-29,135407,TES,3356,"LEVEL3 - Level 3 Parent, LLC, US",0.0335
2026-06-29,135407,TES,6762,SEABONE-NET TELECOM ITALIA SPARKLE S,0.1384
2026-06-29,135407,TES,6939,"HURRICANE - Hurricane Electric LLC, ",0.0315
2026-06-29,135407,TES,8529,OMANTEL-AS Zain Omantel Internationa,0.0746
2026-06-29,135407,TES,8966,Etisalat-AS EMIRATES TELECOMMUNICATI,0.1172
2026-06-29,135407,TES,38193,TWA-AS-AP - Transworld Associates (P,1.0
2026-06-29,136174,Nova,174,"COGENT-174 - Cogent Communications, ",0.0417
2026-06-29,136174,Nova,6762,SEABONE-NET TELECOM ITALIA SPARKLE S,0.4365
2026-06-29,136174,Nova,6939,"HURRICANE - Hurricane Electric LLC, ",0.0231
2026-06-29,136174,Nova,8529,OMANTEL-AS Zain Omantel Internationa,0.034
2026-06-29,136174,Nova,17557,PKTELECOM-AS-PK - Pakistan Telecommu,0.125
2026-06-29,136174,Nova,38193,TWA-AS-AP - Transworld Associates (P,0.875
2026-06-29,150683,Fasttel,174,"COGENT-174 - Cogent Communications, ",0.0614
2026-06-29,150683,Fasttel,1299,"TWELVE99 Arelion Sweden AB, SE",0.0381
2026-06-29,150683,Fasttel,3356,"LEVEL3 - Level 3 Parent, LLC, US",0.0603
2026-06-29,150683,Fasttel,6461,"ZAYO-6461 - Zayo Bandwidth, US",0.0468
2026-06-29,150683,Fasttel,6762,SEABONE-NET TELECOM ITALIA SPARKLE S,0.0375
2026-06-29,150683,Fasttel,7473,SINGTEL-AS-AP - Singapore Telecommun,0.0363
2026-06-29,150683,Fasttel,8966,Etisalat-AS EMIRATES TELECOMMUNICATI,0.1429
2026-06-29,150683,Fasttel,17557,PKTELECOM-AS-PK - Pakistan Telecommu,0.7218
2026-06-29,150683,Fasttel,24499,"TPP-AS-PK - Telenor Pakistan, PK",0.0789
2026-06-29,150683,Fasttel,38193,TWA-AS-AP - Transworld Associates (P,0.2782
2026-06-29,150683,Fasttel,38264,WATEEN-IMS-PK-AS-AP - National WiMAX,0.0393
2026-06-29,150683,Fasttel,58470,Mobilink-Peering-AS-PK - IX Peering ,0.0497
2026-06-29,150683,Fasttel,138423,CMPAKLIMITED-AS-ENTCORP - CMPak Limi,0.7778
2026-06-29,150683,Fasttel,138655,TES-PL-AS-AP - Trans World Enterpris,0.0562
2026-06-29,151983,Orbit,174,"COGENT-174 - Cogent Communications, ",0.1642
2026-06-29,151983,Orbit,6762,SEABONE-NET TELECOM ITALIA SPARKLE S,0.2669
2026-06-29,151983,Orbit,23674,"NAYATEL-PK - Nayatel (Pvt) Ltd, PK",0.1123
2026-06-29,151983,Orbit,38193,TWA-AS-AP - Transworld Associates (P,1.0
2026-06-29,151983,Orbit,58470,Mobilink-Peering-AS-PK - IX Peering ,0.1111
2026-06-29,151983,Orbit,138655,TES-PL-AS-AP - Trans World Enterpris,0.7863
2026-06-29,152605,Z-Com,174,"COGENT-174 - Cogent Communications, ",0.3436
2026-06-29,152605,Z-Com,6762,SEABONE-NET TELECOM ITALIA SPARKLE S,0.2236
2026-06-29,152605,Z-Com,38193,TWA-AS-AP - Transworld Associates (P,1.0
2026-06-29,152605,Z-Com,58453,CMI-INT-HK - China Mobile Internatio,0.0268
2026-06-30,9541,Cybernet,174,"COGENT-174 - Cogent Communications, ",0.2547
2026-06-30,9541,Cybernet,1299,"TWELVE99 Arelion Sweden AB, SE",0.0852
2026-06-30,9541,Cybernet,3356,"LEVEL3 - Level 3 Parent, LLC, US",0.0794
2026-06-30,9541,Cybernet,8529,OMANTEL-AS Zain Omantel Internationa,0.0263
2026-06-30,9541,Cybernet,17557,PKTELECOM-AS-PK - Pakistan Telecommu,0.12
2026-06-30,9541,Cybernet,23764,"CTGNet - CTGNet, HK",0.0364
2026-06-30,9541,Cybernet,57463,"NetIX NetIX Communications JSC, BG",0.0616
2026-06-30,9541,Cybernet,137409,GSLNETWORKS-AS-AP - GSL Networks Pty,0.0212
2026-06-30,17557,PTCL,1299,"TWELVE99 Arelion Sweden AB, SE",0.0255
2026-06-30,17557,PTCL,3356,"LEVEL3 - Level 3 Parent, LLC, US",0.0263
2026-06-30,17557,PTCL,8966,Etisalat-AS EMIRATES TELECOMMUNICATI,0.0595
2026-06-30,23674,Nayatel,174,"COGENT-174 - Cogent Communications, ",0.1614
2026-06-30,23674,Nayatel,1299,"TWELVE99 Arelion Sweden AB, SE",0.0522
2026-06-30,23674,Nayatel,3356,"LEVEL3 - Level 3 Parent, LLC, US",0.0226
2026-06-30,23674,Nayatel,6762,SEABONE-NET TELECOM ITALIA SPARKLE S,0.0753
2026-06-30,23674,Nayatel,8529,OMANTEL-AS Zain Omantel Internationa,0.0314
2026-06-30,23674,Nayatel,8966,Etisalat-AS EMIRATES TELECOMMUNICATI,0.0237
2026-06-30,23674,Nayatel,17557,PKTELECOM-AS-PK - Pakistan Telecommu,0.7303
2026-06-30,23674,Nayatel,38193,TWA-AS-AP - Transworld Associates (P,0.2697
2026-06-30,23888,NTC,174,"COGENT-174 - Cogent Communications, ",0.0928
2026-06-30,23888,NTC,6762,SEABONE-NET TELECOM ITALIA SPARKLE S,0.0401
2026-06-30,23888,NTC,8529,OMANTEL-AS Zain Omantel Internationa,0.2444
2026-06-30,23888,NTC,8966,Etisalat-AS EMIRATES TELECOMMUNICATI,0.0806
2026-06-30,23888,NTC,17557,PKTELECOM-AS-PK - Pakistan Telecommu,0.7288
2026-06-30,23888,NTC,38193,TWA-AS-AP - Transworld Associates (P,0.2716
2026-06-30,23888,NTC,137409,GSLNETWORKS-AS-AP - GSL Networks Pty,0.179
2026-06-30,38193,Transworld,174,"COGENT-174 - Cogent Communications, ",0.1979
2026-06-30,38193,Transworld,1299,"TWELVE99 Arelion Sweden AB, SE",0.0251
2026-06-30,38193,Transworld,3356,"LEVEL3 - Level 3 Parent, LLC, US",0.2121
2026-06-30,38193,Transworld,6762,SEABONE-NET TELECOM ITALIA SPARKLE S,0.0854
2026-06-30,38193,Transworld,8529,OMANTEL-AS Zain Omantel Internationa,0.0428
2026-06-30,38193,Transworld,8966,Etisalat-AS EMIRATES TELECOMMUNICATI,0.0209
2026-06-30,135407,TES,174,"COGENT-174 - Cogent Communications, ",0.2018
2026-06-30,135407,TES,1299,"TWELVE99 Arelion Sweden AB, SE",0.026
2026-06-30,135407,TES,3356,"LEVEL3 - Level 3 Parent, LLC, US",0.0344
2026-06-30,135407,TES,6762,SEABONE-NET TELECOM ITALIA SPARKLE S,0.1379
2026-06-30,135407,TES,6939,"HURRICANE - Hurricane Electric LLC, ",0.0212
2026-06-30,135407,TES,7473,SINGTEL-AS-AP - Singapore Telecommun,0.0353
2026-06-30,135407,TES,8529,OMANTEL-AS Zain Omantel Internationa,0.0654
2026-06-30,135407,TES,8966,Etisalat-AS EMIRATES TELECOMMUNICATI,0.1251
2026-06-30,135407,TES,38193,TWA-AS-AP - Transworld Associates (P,1.0
2026-06-30,135407,TES,137409,GSLNETWORKS-AS-AP - GSL Networks Pty,0.0231
2026-06-30,136174,Nova,174,"COGENT-174 - Cogent Communications, ",0.0605
2026-06-30,136174,Nova,1299,"TWELVE99 Arelion Sweden AB, SE",0.0653
2026-06-30,136174,Nova,6762,SEABONE-NET TELECOM ITALIA SPARKLE S,0.4784
2026-06-30,136174,Nova,8529,OMANTEL-AS Zain Omantel Internationa,0.0405
2026-06-30,136174,Nova,17557,PKTELECOM-AS-PK - Pakistan Telecommu,0.125
2026-06-30,136174,Nova,38193,TWA-AS-AP - Transworld Associates (P,0.875
2026-06-30,136174,Nova,137409,GSLNETWORKS-AS-AP - GSL Networks Pty,0.0211
2026-06-30,150683,Fasttel,174,"COGENT-174 - Cogent Communications, ",0.0753
2026-06-30,150683,Fasttel,1299,"TWELVE99 Arelion Sweden AB, SE",0.0468
2026-06-30,150683,Fasttel,3356,"LEVEL3 - Level 3 Parent, LLC, US",0.0247
2026-06-30,150683,Fasttel,6762,SEABONE-NET TELECOM ITALIA SPARKLE S,0.0359
2026-06-30,150683,Fasttel,8966,Etisalat-AS EMIRATES TELECOMMUNICATI,0.0736
2026-06-30,150683,Fasttel,17557,PKTELECOM-AS-PK - Pakistan Telecommu,0.7296
2026-06-30,150683,Fasttel,24499,"TPP-AS-PK - Telenor Pakistan, PK",0.0871
2026-06-30,150683,Fasttel,38193,TWA-AS-AP - Transworld Associates (P,0.2704
2026-06-30,150683,Fasttel,38264,WATEEN-IMS-PK-AS-AP - National WiMAX,0.0266
2026-06-30,150683,Fasttel,58470,Mobilink-Peering-AS-PK - IX Peering ,0.046
2026-06-30,150683,Fasttel,138423,CMPAKLIMITED-AS-ENTCORP - CMPak Limi,0.7933
2026-06-30,150683,Fasttel,138655,TES-PL-AS-AP - Trans World Enterpris,0.0556
2026-06-30,151983,Orbit,174,"COGENT-174 - Cogent Communications, ",0.2441
2026-06-30,151983,Orbit,1299,"TWELVE99 Arelion Sweden AB, SE",0.031
2026-06-30,151983,Orbit,6762,SEABONE-NET TELECOM ITALIA SPARKLE S,0.2739
2026-06-30,151983,Orbit,23674,"NAYATEL-PK - Nayatel (Pvt) Ltd, PK",0.1112
2026-06-30,151983,Orbit,38193,TWA-AS-AP - Transworld Associates (P,1.0
2026-06-30,151983,Orbit,58453,CMI-INT-HK - China Mobile Internatio,0.033
2026-06-30,151983,Orbit,58470,Mobilink-Peering-AS-PK - IX Peering ,0.1111
2026-06-30,151983,Orbit,138655,TES-PL-AS-AP - Trans World Enterpris,0.7788
2026-06-30,152605,Z-Com,174,"COGENT-174 - Cogent Communications, ",0.4634
2026-06-30,152605,Z-Com,6762,SEABONE-NET TELECOM ITALIA SPARKLE S,0.1655
2026-06-30,152605,Z-Com,38193,TWA-AS-AP - Transworld Associates (P,1.0
2026-06-30,152605,Z-Com,58453,CMI-INT-HK - China Mobile Internatio,0.0397
2026-07-01,9541,Cybernet,174,"COGENT-174 - Cogent Communications, ",0.2354
2026-07-01,9541,Cybernet,1299,"TWELVE99 Arelion Sweden AB, SE",0.1057
2026-07-01,9541,Cybernet,3356,"LEVEL3 - Level 3 Parent, LLC, US",0.0805
2026-07-01,9541,Cybernet,6461,"ZAYO-6461 - Zayo Bandwidth, US",0.0318
2026-07-01,9541,Cybernet,6939,"HURRICANE - Hurricane Electric LLC, ",0.0294
2026-07-01,9541,Cybernet,8529,OMANTEL-AS Zain Omantel Internationa,0.0217
2026-07-01,9541,Cybernet,17557,PKTELECOM-AS-PK - Pakistan Telecommu,0.1167
2026-07-01,9541,Cybernet,23764,"CTGNet - CTGNet, HK",0.031
2026-07-01,9541,Cybernet,57463,"NetIX NetIX Communications JSC, BG",0.0835
2026-07-01,9541,Cybernet,400587,"RYAMER - Ryamer, LLC, US",0.0613
2026-07-01,17557,PTCL,1299,"TWELVE99 Arelion Sweden AB, SE",0.075
2026-07-01,17557,PTCL,3356,"LEVEL3 - Level 3 Parent, LLC, US",0.026
2026-07-01,17557,PTCL,6939,"HURRICANE - Hurricane Electric LLC, ",0.1421
2026-07-01,17557,PTCL,8966,Etisalat-AS EMIRATES TELECOMMUNICATI,0.0736
2026-07-01,23674,Nayatel,174,"COGENT-174 - Cogent Communications, ",0.1283
2026-07-01,23674,Nayatel,1299,"TWELVE99 Arelion Sweden AB, SE",0.0425
2026-07-01,23674,Nayatel,6762,SEABONE-NET TELECOM ITALIA SPARKLE S,0.0909
2026-07-01,23674,Nayatel,6939,"HURRICANE - Hurricane Electric LLC, ",0.1847
2026-07-01,23674,Nayatel,8529,OMANTEL-AS Zain Omantel Internationa,0.0312
2026-07-01,23674,Nayatel,8966,Etisalat-AS EMIRATES TELECOMMUNICATI,0.0292
2026-07-01,23674,Nayatel,17557,PKTELECOM-AS-PK - Pakistan Telecommu,0.7302
2026-07-01,23674,Nayatel,38193,TWA-AS-AP - Transworld Associates (P,0.2698
2026-07-01,23674,Nayatel,137409,GSLNETWORKS-AS-AP - GSL Networks Pty,0.0351
2026-07-01,23888,NTC,174,"COGENT-174 - Cogent Communications, ",0.0826
2026-07-01,23888,NTC,1299,"TWELVE99 Arelion Sweden AB, SE",0.0372
2026-07-01,23888,NTC,6762,SEABONE-NET TELECOM ITALIA SPARKLE S,0.0486
2026-07-01,23888,NTC,6939,"HURRICANE - Hurricane Electric LLC, ",0.1547
2026-07-01,23888,NTC,8529,OMANTEL-AS Zain Omantel Internationa,0.2173
2026-07-01,23888,NTC,8966,Etisalat-AS EMIRATES TELECOMMUNICATI,0.1169
2026-07-01,23888,NTC,17557,PKTELECOM-AS-PK - Pakistan Telecommu,0.7123
2026-07-01,23888,NTC,38193,TWA-AS-AP - Transworld Associates (P,0.2877
2026-07-01,23888,NTC,137409,GSLNETWORKS-AS-AP - GSL Networks Pty,0.1678
2026-07-01,38193,Transworld,174,"COGENT-174 - Cogent Communications, ",0.1565
2026-07-01,38193,Transworld,3356,"LEVEL3 - Level 3 Parent, LLC, US",0.1977
2026-07-01,38193,Transworld,6762,SEABONE-NET TELECOM ITALIA SPARKLE S,0.086
2026-07-01,38193,Transworld,6939,"HURRICANE - Hurricane Electric LLC, ",0.2049
2026-07-01,38193,Transworld,8529,OMANTEL-AS Zain Omantel Internationa,0.0439
2026-07-01,38193,Transworld,8966,Etisalat-AS EMIRATES TELECOMMUNICATI,0.0258
2026-07-01,135407,TES,174,"COGENT-174 - Cogent Communications, ",0.1501
2026-07-01,135407,TES,3356,"LEVEL3 - Level 3 Parent, LLC, US",0.0314
2026-07-01,135407,TES,6762,SEABONE-NET TELECOM ITALIA SPARKLE S,0.1433
2026-07-01,135407,TES,6939,"HURRICANE - Hurricane Electric LLC, ",0.0433
2026-07-01,135407,TES,8529,OMANTEL-AS Zain Omantel Internationa,0.0688
2026-07-01,135407,TES,8966,Etisalat-AS EMIRATES TELECOMMUNICATI,0.1375
2026-07-01,135407,TES,38193,TWA-AS-AP - Transworld Associates (P,1.0
2026-07-01,135407,TES,137409,GSLNETWORKS-AS-AP - GSL Networks Pty,0.0275
2026-07-01,136174,Nova,174,"COGENT-174 - Cogent Communications, ",0.047
2026-07-01,136174,Nova,1299,"TWELVE99 Arelion Sweden AB, SE",0.0596
2026-07-01,136174,Nova,6762,SEABONE-NET TELECOM ITALIA SPARKLE S,0.4667
2026-07-01,136174,Nova,6939,"HURRICANE - Hurricane Electric LLC, ",0.2212
2026-07-01,136174,Nova,8529,OMANTEL-AS Zain Omantel Internationa,0.0375
2026-07-01,136174,Nova,17557,PKTELECOM-AS-PK - Pakistan Telecommu,0.125
2026-07-01,136174,Nova,38193,TWA-AS-AP - Transworld Associates (P,0.875
2026-07-01,150683,Fasttel,174,"COGENT-174 - Cogent Communications, ",0.0626
2026-07-01,150683,Fasttel,1299,"TWELVE99 Arelion Sweden AB, SE",0.0287
2026-07-01,150683,Fasttel,6762,SEABONE-NET TELECOM ITALIA SPARKLE S,0.0611
2026-07-01,150683,Fasttel,6939,"HURRICANE - Hurricane Electric LLC, ",0.1624
2026-07-01,150683,Fasttel,8966,Etisalat-AS EMIRATES TELECOMMUNICATI,0.0823
2026-07-01,150683,Fasttel,17557,PKTELECOM-AS-PK - Pakistan Telecommu,0.5412
2026-07-01,150683,Fasttel,24499,"TPP-AS-PK - Telenor Pakistan, PK",0.086
2026-07-01,150683,Fasttel,38193,TWA-AS-AP - Transworld Associates (P,0.4588
2026-07-01,150683,Fasttel,38264,WATEEN-IMS-PK-AS-AP - National WiMAX,0.0275
2026-07-01,150683,Fasttel,58470,Mobilink-Peering-AS-PK - IX Peering ,0.0461
2026-07-01,150683,Fasttel,138423,CMPAKLIMITED-AS-ENTCORP - CMPak Limi,0.8442
2026-07-01,151983,Orbit,174,"COGENT-174 - Cogent Communications, ",0.1843
2026-07-01,151983,Orbit,1299,"TWELVE99 Arelion Sweden AB, SE",0.0306
2026-07-01,151983,Orbit,3356,"LEVEL3 - Level 3 Parent, LLC, US",0.0256
2026-07-01,151983,Orbit,6762,SEABONE-NET TELECOM ITALIA SPARKLE S,0.2765
2026-07-01,151983,Orbit,6939,"HURRICANE - Hurricane Electric LLC, ",0.1795
2026-07-01,151983,Orbit,23674,"NAYATEL-PK - Nayatel (Pvt) Ltd, PK",0.1118
2026-07-01,151983,Orbit,38193,TWA-AS-AP - Transworld Associates (P,1.0
2026-07-01,151983,Orbit,58453,CMI-INT-HK - China Mobile Internatio,0.0301
2026-07-01,151983,Orbit,58470,Mobilink-Peering-AS-PK - IX Peering ,0.1111
2026-07-01,151983,Orbit,138655,TES-PL-AS-AP - Trans World Enterpris,0.7827
2026-07-01,152605,Z-Com,174,"COGENT-174 - Cogent Communications, ",0.373
2026-07-01,152605,Z-Com,3356,"LEVEL3 - Level 3 Parent, LLC, US",0.0513
2026-07-01,152605,Z-Com,6762,SEABONE-NET TELECOM ITALIA SPARKLE S,0.201
2026-07-01,152605,Z-Com,6939,"HURRICANE - Hurricane Electric LLC, ",0.1648
2026-07-01,152605,Z-Com,38193,TWA-AS-AP - Transworld Associates (P,1.0
2026-07-01,152605,Z-Com,58453,CMI-INT-HK - China Mobile Internatio,0.0402
2026-07-02,9541,Cybernet,174,"COGENT-174 - Cogent Communications, ",0.2269
2026-07-02,9541,Cybernet,1299,"TWELVE99 Arelion Sweden AB, SE",0.2145
2026-07-02,9541,Cybernet,3356,"LEVEL3 - Level 3 Parent, LLC, US",0.1444
2026-07-02,9541,Cybernet,6461,"ZAYO-6461 - Zayo Bandwidth, US",0.0326
2026-07-02,9541,Cybernet,6939,"HURRICANE - Hurricane Electric LLC, ",0.0294
2026-07-02,9541,Cybernet,8529,OMANTEL-AS Zain Omantel Internationa,0.0201
2026-07-02,9541,Cybernet,17557,PKTELECOM-AS-PK - Pakistan Telecommu,0.1204
2026-07-02,9541,Cybernet,23764,"CTGNet - CTGNet, HK",0.0368
2026-07-02,9541,Cybernet,400587,"RYAMER - Ryamer, LLC, US",0.0613
2026-07-02,17557,PTCL,1299,"TWELVE99 Arelion Sweden AB, SE",0.0709
2026-07-02,17557,PTCL,6939,"HURRICANE - Hurricane Electric LLC, ",0.1421
2026-07-02,17557,PTCL,8966,Etisalat-AS EMIRATES TELECOMMUNICATI,0.058
2026-07-02,23674,Nayatel,174,"COGENT-174 - Cogent Communications, ",0.0602
2026-07-02,23674,Nayatel,1299,"TWELVE99 Arelion Sweden AB, SE",0.0882
2026-07-02,23674,Nayatel,6762,SEABONE-NET TELECOM ITALIA SPARKLE S,0.1144
2026-07-02,23674,Nayatel,6939,"HURRICANE - Hurricane Electric LLC, ",0.1848
2026-07-02,23674,Nayatel,8529,OMANTEL-AS Zain Omantel Internationa,0.0359
2026-07-02,23674,Nayatel,8966,Etisalat-AS EMIRATES TELECOMMUNICATI,0.0362
2026-07-02,23674,Nayatel,17557,PKTELECOM-AS-PK - Pakistan Telecommu,0.7316
2026-07-02,23674,Nayatel,38193,TWA-AS-AP - Transworld Associates (P,0.2684
2026-07-02,23674,Nayatel,137409,GSLNETWORKS-AS-AP - GSL Networks Pty,0.0351
2026-07-02,23888,NTC,174,"COGENT-174 - Cogent Communications, ",0.0456
2026-07-02,23888,NTC,1299,"TWELVE99 Arelion Sweden AB, SE",0.0372
2026-07-02,23888,NTC,3356,"LEVEL3 - Level 3 Parent, LLC, US",0.0364
2026-07-02,23888,NTC,6762,SEABONE-NET TELECOM ITALIA SPARKLE S,0.0502
2026-07-02,23888,NTC,6939,"HURRICANE - Hurricane Electric LLC, ",0.1567
2026-07-02,23888,NTC,8529,OMANTEL-AS Zain Omantel Internationa,0.2575
2026-07-02,23888,NTC,17557,PKTELECOM-AS-PK - Pakistan Telecommu,0.6727
2026-07-02,23888,NTC,38193,TWA-AS-AP - Transworld Associates (P,0.3273
2026-07-02,23888,NTC,137409,GSLNETWORKS-AS-AP - GSL Networks Pty,0.1903
2026-07-02,38193,Transworld,174,"COGENT-174 - Cogent Communications, ",0.0399
2026-07-02,38193,Transworld,3356,"LEVEL3 - Level 3 Parent, LLC, US",0.1666
2026-07-02,38193,Transworld,6762,SEABONE-NET TELECOM ITALIA SPARKLE S,0.047
2026-07-02,38193,Transworld,6939,"HURRICANE - Hurricane Electric LLC, ",0.2049
2026-07-02,38193,Transworld,8529,OMANTEL-AS Zain Omantel Internationa,0.0392
2026-07-02,135407,TES,174,"COGENT-174 - Cogent Communications, ",0.0651
2026-07-02,135407,TES,3356,"LEVEL3 - Level 3 Parent, LLC, US",0.0483
2026-07-02,135407,TES,6762,SEABONE-NET TELECOM ITALIA SPARKLE S,0.0967
2026-07-02,135407,TES,6939,"HURRICANE - Hurricane Electric LLC, ",0.2176
2026-07-02,135407,TES,8529,OMANTEL-AS Zain Omantel Internationa,0.0619
2026-07-02,135407,TES,8966,Etisalat-AS EMIRATES TELECOMMUNICATI,0.0231
2026-07-02,135407,TES,38193,TWA-AS-AP - Transworld Associates (P,1.0
2026-07-02,135407,TES,137409,GSLNETWORKS-AS-AP - GSL Networks Pty,0.0287
2026-07-02,136174,Nova,1299,"TWELVE99 Arelion Sweden AB, SE",0.0865
2026-07-02,136174,Nova,6762,SEABONE-NET TELECOM ITALIA SPARKLE S,0.3361
2026-07-02,136174,Nova,6939,"HURRICANE - Hurricane Electric LLC, ",0.2212
2026-07-02,136174,Nova,17557,PKTELECOM-AS-PK - Pakistan Telecommu,0.125
2026-07-02,136174,Nova,38193,TWA-AS-AP - Transworld Associates (P,0.875
2026-07-02,150683,Fasttel,174,"COGENT-174 - Cogent Communications, ",0.0449
2026-07-02,150683,Fasttel,1299,"TWELVE99 Arelion Sweden AB, SE",0.0346
2026-07-02,150683,Fasttel,3356,"LEVEL3 - Level 3 Parent, LLC, US",0.0299
2026-07-02,150683,Fasttel,6762,SEABONE-NET TELECOM ITALIA SPARKLE S,0.0518
2026-07-02,150683,Fasttel,6939,"HURRICANE - Hurricane Electric LLC, ",0.1624
2026-07-02,150683,Fasttel,8966,Etisalat-AS EMIRATES TELECOMMUNICATI,0.0385
2026-07-02,150683,Fasttel,17557,PKTELECOM-AS-PK - Pakistan Telecommu,0.4611
2026-07-02,150683,Fasttel,24499,"TPP-AS-PK - Telenor Pakistan, PK",0.082
2026-07-02,150683,Fasttel,38193,TWA-AS-AP - Transworld Associates (P,0.5389
2026-07-02,150683,Fasttel,38264,WATEEN-IMS-PK-AS-AP - National WiMAX,0.0307
2026-07-02,150683,Fasttel,58470,Mobilink-Peering-AS-PK - IX Peering ,0.0502
2026-07-02,150683,Fasttel,138423,CMPAKLIMITED-AS-ENTCORP - CMPak Limi,0.8446
2026-07-02,151983,Orbit,174,"COGENT-174 - Cogent Communications, ",0.105
2026-07-02,151983,Orbit,1299,"TWELVE99 Arelion Sweden AB, SE",0.0513
2026-07-02,151983,Orbit,3356,"LEVEL3 - Level 3 Parent, LLC, US",0.0256
2026-07-02,151983,Orbit,6762,SEABONE-NET TELECOM ITALIA SPARKLE S,0.1966
2026-07-02,151983,Orbit,6939,"HURRICANE - Hurricane Electric LLC, ",0.1795
2026-07-02,151983,Orbit,23674,"NAYATEL-PK - Nayatel (Pvt) Ltd, PK",0.1111
2026-07-02,151983,Orbit,38193,TWA-AS-AP - Transworld Associates (P,1.0
2026-07-02,151983,Orbit,58470,Mobilink-Peering-AS-PK - IX Peering ,0.1111
2026-07-02,151983,Orbit,138655,TES-PL-AS-AP - Trans World Enterpris,0.7778
2026-07-02,152605,Z-Com,174,"COGENT-174 - Cogent Communications, ",0.1734
2026-07-02,152605,Z-Com,3356,"LEVEL3 - Level 3 Parent, LLC, US",0.0505
2026-07-02,152605,Z-Com,6762,SEABONE-NET TELECOM ITALIA SPARKLE S,0.1527
2026-07-02,152605,Z-Com,6939,"HURRICANE - Hurricane Electric LLC, ",0.1664
2026-07-02,152605,Z-Com,38193,TWA-AS-AP - Transworld Associates (P,1.0
2026-07-02,152605,Z-Com,58453,CMI-INT-HK - China Mobile Internatio,0.0635
2026-07-03,9541,Cybernet,174,"COGENT-174 - Cogent Communications, ",0.2405
2026-07-03,9541,Cybernet,1299,"TWELVE99 Arelion Sweden AB, SE",0.0875
2026-07-03,9541,Cybernet,3356,"LEVEL3 - Level 3 Parent, LLC, US",0.0643
2026-07-03,9541,Cybernet,8529,OMANTEL-AS Zain Omantel Internationa,0.0251
2026-07-03,9541,Cybernet,17557,PKTELECOM-AS-PK - Pakistan Telecommu,0.1133
2026-07-03,9541,Cybernet,57463,"NetIX NetIX Communications JSC, BG",0.095
2026-07-03,23674,Nayatel,174,"COGENT-174 - Cogent Communications, ",0.1353
2026-07-03,23674,Nayatel,1299,"TWELVE99 Arelion Sweden AB, SE",0.0207
2026-07-03,23674,Nayatel,6762,SEABONE-NET TELECOM ITALIA SPARKLE S,0.1006
2026-07-03,23674,Nayatel,8529,OMANTEL-AS Zain Omantel Internationa,0.0376
2026-07-03,23674,Nayatel,17557,PKTELECOM-AS-PK - Pakistan Telecommu,0.7043
2026-07-03,23674,Nayatel,38193,TWA-AS-AP - Transworld Associates (P,0.2957
2026-07-03,23888,NTC,174,"COGENT-174 - Cogent Communications, ",0.0854
2026-07-03,23888,NTC,8529,OMANTEL-AS Zain Omantel Internationa,0.2104
2026-07-03,23888,NTC,8966,Etisalat-AS EMIRATES TELECOMMUNICATI,0.0473
2026-07-03,23888,NTC,17557,PKTELECOM-AS-PK - Pakistan Telecommu,0.7028
2026-07-03,23888,NTC,38193,TWA-AS-AP - Transworld Associates (P,0.2972
2026-07-03,23888,NTC,137409,GSLNETWORKS-AS-AP - GSL Networks Pty,0.1838
2026-07-03,38193,Transworld,174,"COGENT-174 - Cogent Communications, ",0.1586
2026-07-03,38193,Transworld,3356,"LEVEL3 - Level 3 Parent, LLC, US",0.1716
2026-07-03,38193,Transworld,6762,SEABONE-NET TELECOM ITALIA SPARKLE S,0.0737
2026-07-03,38193,Transworld,6939,"HURRICANE - Hurricane Electric LLC, ",0.0234
2026-07-03,38193,Transworld,8529,OMANTEL-AS Zain Omantel Internationa,0.0464
2026-07-03,135407,TES,174,"COGENT-174 - Cogent Communications, ",0.1683
2026-07-03,135407,TES,3356,"LEVEL3 - Level 3 Parent, LLC, US",0.0277
2026-07-03,135407,TES,6762,SEABONE-NET TELECOM ITALIA SPARKLE S,0.0897
2026-07-03,135407,TES,6939,"HURRICANE - Hurricane Electric LLC, ",0.0385
2026-07-03,135407,TES,8529,OMANTEL-AS Zain Omantel Internationa,0.0852
2026-07-03,135407,TES,8966,Etisalat-AS EMIRATES TELECOMMUNICATI,0.069
2026-07-03,135407,TES,38193,TWA-AS-AP - Transworld Associates (P,1.0
2026-07-03,136174,Nova,174,"COGENT-174 - Cogent Communications, ",0.0408
2026-07-03,136174,Nova,1299,"TWELVE99 Arelion Sweden AB, SE",0.0434
2026-07-03,136174,Nova,6762,SEABONE-NET TELECOM ITALIA SPARKLE S,0.412
2026-07-03,136174,Nova,6939,"HURRICANE - Hurricane Electric LLC, ",0.0357
2026-07-03,136174,Nova,8529,OMANTEL-AS Zain Omantel Internationa,0.0383
2026-07-03,136174,Nova,17557,PKTELECOM-AS-PK - Pakistan Telecommu,0.125
2026-07-03,136174,Nova,38193,TWA-AS-AP - Transworld Associates (P,0.875
2026-07-03,150683,Fasttel,174,"COGENT-174 - Cogent Communications, ",0.0363
2026-07-03,150683,Fasttel,6762,SEABONE-NET TELECOM ITALIA SPARKLE S,0.0296
2026-07-03,150683,Fasttel,8966,Etisalat-AS EMIRATES TELECOMMUNICATI,0.0228
2026-07-03,150683,Fasttel,17557,PKTELECOM-AS-PK - Pakistan Telecommu,0.6741
2026-07-03,150683,Fasttel,24499,"TPP-AS-PK - Telenor Pakistan, PK",0.0761
2026-07-03,150683,Fasttel,38193,TWA-AS-AP - Transworld Associates (P,0.3259
2026-07-03,150683,Fasttel,38264,WATEEN-IMS-PK-AS-AP - National WiMAX,0.0351
2026-07-03,150683,Fasttel,58470,Mobilink-Peering-AS-PK - IX Peering ,0.0329
2026-07-03,150683,Fasttel,138423,CMPAKLIMITED-AS-ENTCORP - CMPak Limi,0.8625
2026-07-03,151983,Orbit,174,"COGENT-174 - Cogent Communications, ",0.1673
2026-07-03,151983,Orbit,1299,"TWELVE99 Arelion Sweden AB, SE",0.0204
2026-07-03,151983,Orbit,6762,SEABONE-NET TELECOM ITALIA SPARKLE S,0.246
2026-07-03,151983,Orbit,8529,OMANTEL-AS Zain Omantel Internationa,0.0317
2026-07-03,151983,Orbit,23674,"NAYATEL-PK - Nayatel (Pvt) Ltd, PK",0.1111
2026-07-03,151983,Orbit,38193,TWA-AS-AP - Transworld Associates (P,1.0
2026-07-03,151983,Orbit,58470,Mobilink-Peering-AS-PK - IX Peering ,0.1111
2026-07-03,151983,Orbit,138655,TES-PL-AS-AP - Trans World Enterpris,0.7778
2026-07-03,152605,Z-Com,174,"COGENT-174 - Cogent Communications, ",0.3664
2026-07-03,152605,Z-Com,6762,SEABONE-NET TELECOM ITALIA SPARKLE S,0.1782
2026-07-03,152605,Z-Com,38193,TWA-AS-AP - Transworld Associates (P,1.0
2026-07-03,152605,Z-Com,58453,CMI-INT-HK - China Mobile Internatio,0.0214
2026-07-04,9541,Cybernet,174,"COGENT-174 - Cogent Communications, ",0.25
2026-07-04,9541,Cybernet,1299,"TWELVE99 Arelion Sweden AB, SE",0.0867
2026-07-04,9541,Cybernet,3356,"LEVEL3 - Level 3 Parent, LLC, US",0.1122
2026-07-04,9541,Cybernet,8529,OMANTEL-AS Zain Omantel Internationa,0.0288
2026-07-04,9541,Cybernet,17557,PKTELECOM-AS-PK - Pakistan Telecommu,0.1138
2026-07-04,9541,Cybernet,137409,GSLNETWORKS-AS-AP - GSL Networks Pty,0.0246
2026-07-04,17557,PTCL,174,"COGENT-174 - Cogent Communications, ",0.0404
2026-07-04,17557,PTCL,8966,Etisalat-AS EMIRATES TELECOMMUNICATI,0.0235
2026-07-04,23674,Nayatel,174,"COGENT-174 - Cogent Communications, ",0.131
2026-07-04,23674,Nayatel,1299,"TWELVE99 Arelion Sweden AB, SE",0.0317
2026-07-04,23674,Nayatel,6762,SEABONE-NET TELECOM ITALIA SPARKLE S,0.061
2026-07-04,23674,Nayatel,6939,"HURRICANE - Hurricane Electric LLC, ",0.0288
2026-07-04,23674,Nayatel,8529,OMANTEL-AS Zain Omantel Internationa,0.0363
2026-07-04,23674,Nayatel,17557,PKTELECOM-AS-PK - Pakistan Telecommu,0.7294
2026-07-04,23674,Nayatel,38193,TWA-AS-AP - Transworld Associates (P,0.2706
2026-07-04,23674,Nayatel,137409,GSLNETWORKS-AS-AP - GSL Networks Pty,0.0303
2026-07-04,23888,NTC,174,"COGENT-174 - Cogent Communications, ",0.0999
2026-07-04,23888,NTC,8529,OMANTEL-AS Zain Omantel Internationa,0.3398
2026-07-04,23888,NTC,17557,PKTELECOM-AS-PK - Pakistan Telecommu,0.6841
2026-07-04,23888,NTC,38193,TWA-AS-AP - Transworld Associates (P,0.3159
2026-07-04,23888,NTC,137409,GSLNETWORKS-AS-AP - GSL Networks Pty,0.2759
2026-07-04,38193,Transworld,174,"COGENT-174 - Cogent Communications, ",0.1447
2026-07-04,38193,Transworld,3356,"LEVEL3 - Level 3 Parent, LLC, US",0.1831
2026-07-04,38193,Transworld,6762,SEABONE-NET TELECOM ITALIA SPARKLE S,0.0756
2026-07-04,38193,Transworld,6939,"HURRICANE - Hurricane Electric LLC, ",0.0658
2026-07-04,38193,Transworld,8529,OMANTEL-AS Zain Omantel Internationa,0.0339
2026-07-04,135407,TES,174,"COGENT-174 - Cogent Communications, ",0.1984
2026-07-04,135407,TES,3356,"LEVEL3 - Level 3 Parent, LLC, US",0.027
2026-07-04,135407,TES,6762,SEABONE-NET TELECOM ITALIA SPARKLE S,0.0888
2026-07-04,135407,TES,6939,"HURRICANE - Hurricane Electric LLC, ",0.0724
2026-07-04,135407,TES,8529,OMANTEL-AS Zain Omantel Internationa,0.0482
2026-07-04,135407,TES,8966,Etisalat-AS EMIRATES TELECOMMUNICATI,0.0394
2026-07-04,135407,TES,38193,TWA-AS-AP - Transworld Associates (P,1.0
2026-07-04,135407,TES,137409,GSLNETWORKS-AS-AP - GSL Networks Pty,0.026
2026-07-04,136174,Nova,174,"COGENT-174 - Cogent Communications, ",0.0402
2026-07-04,136174,Nova,1299,"TWELVE99 Arelion Sweden AB, SE",0.0759
2026-07-04,136174,Nova,6762,SEABONE-NET TELECOM ITALIA SPARKLE S,0.4085
2026-07-04,136174,Nova,6939,"HURRICANE - Hurricane Electric LLC, ",0.067
2026-07-04,136174,Nova,8529,OMANTEL-AS Zain Omantel Internationa,0.0357
2026-07-04,136174,Nova,17557,PKTELECOM-AS-PK - Pakistan Telecommu,0.125
2026-07-04,136174,Nova,38193,TWA-AS-AP - Transworld Associates (P,0.875
2026-07-04,136174,Nova,137409,GSLNETWORKS-AS-AP - GSL Networks Pty,0.0268
2026-07-04,150683,Fasttel,174,"COGENT-174 - Cogent Communications, ",0.0498
2026-07-04,150683,Fasttel,6762,SEABONE-NET TELECOM ITALIA SPARKLE S,0.0315
2026-07-04,150683,Fasttel,8966,Etisalat-AS EMIRATES TELECOMMUNICATI,0.0238
2026-07-04,150683,Fasttel,17557,PKTELECOM-AS-PK - Pakistan Telecommu,0.6806
2026-07-04,150683,Fasttel,24499,"TPP-AS-PK - Telenor Pakistan, PK",0.0764
2026-07-04,150683,Fasttel,38193,TWA-AS-AP - Transworld Associates (P,0.3194
2026-07-04,150683,Fasttel,38264,WATEEN-IMS-PK-AS-AP - National WiMAX,0.0357
2026-07-04,150683,Fasttel,58470,Mobilink-Peering-AS-PK - IX Peering ,0.0298
2026-07-04,150683,Fasttel,138423,CMPAKLIMITED-AS-ENTCORP - CMPak Limi,0.8631
2026-07-04,151983,Orbit,174,"COGENT-174 - Cogent Communications, ",0.1745
2026-07-04,151983,Orbit,1299,"TWELVE99 Arelion Sweden AB, SE",0.0357
2026-07-04,151983,Orbit,6762,SEABONE-NET TELECOM ITALIA SPARKLE S,0.2433
2026-07-04,151983,Orbit,6939,"HURRICANE - Hurricane Electric LLC, ",0.0397
2026-07-04,151983,Orbit,23674,"NAYATEL-PK - Nayatel (Pvt) Ltd, PK",0.1111
2026-07-04,151983,Orbit,38193,TWA-AS-AP - Transworld Associates (P,1.0
2026-07-04,151983,Orbit,58453,CMI-INT-HK - China Mobile Internatio,0.0318
2026-07-04,151983,Orbit,58470,Mobilink-Peering-AS-PK - IX Peering ,0.1111
2026-07-04,151983,Orbit,138655,TES-PL-AS-AP - Trans World Enterpris,0.7778
2026-07-04,152605,Z-Com,174,"COGENT-174 - Cogent Communications, ",0.3727
2026-07-04,152605,Z-Com,6762,SEABONE-NET TELECOM ITALIA SPARKLE S,0.1841
2026-07-04,152605,Z-Com,6939,"HURRICANE - Hurricane Electric LLC, ",0.0357
2026-07-04,152605,Z-Com,38193,TWA-AS-AP - Transworld Associates (P,1.0
2026-07-04,152605,Z-Com,58453,CMI-INT-HK - China Mobile Internatio,0.023
2026-07-05,9541,Cybernet,174,"COGENT-174 - Cogent Communications, ",0.242
2026-07-05,9541,Cybernet,1299,"TWELVE99 Arelion Sweden AB, SE",0.0662
2026-07-05,9541,Cybernet,3356,"LEVEL3 - Level 3 Parent, LLC, US",0.0947
2026-07-05,9541,Cybernet,8529,OMANTEL-AS Zain Omantel Internationa,0.0262
2026-07-05,9541,Cybernet,17557,PKTELECOM-AS-PK - Pakistan Telecommu,0.114
2026-07-05,9541,Cybernet,57463,"NetIX NetIX Communications JSC, BG",0.061
2026-07-05,17557,PTCL,3356,"LEVEL3 - Level 3 Parent, LLC, US",0.0208
2026-07-05,23674,Nayatel,174,"COGENT-174 - Cogent Communications, ",0.1344
2026-07-05,23674,Nayatel,1299,"TWELVE99 Arelion Sweden AB, SE",0.0202
2026-07-05,23674,Nayatel,6762,SEABONE-NET TELECOM ITALIA SPARKLE S,0.0755
2026-07-05,23674,Nayatel,8529,OMANTEL-AS Zain Omantel Internationa,0.0346
2026-07-05,23674,Nayatel,17557,PKTELECOM-AS-PK - Pakistan Telecommu,0.7119
2026-07-05,23674,Nayatel,38193,TWA-AS-AP - Transworld Associates (P,0.2879
2026-07-05,23888,NTC,174,"COGENT-174 - Cogent Communications, ",0.0977
2026-07-05,23888,NTC,3356,"LEVEL3 - Level 3 Parent, LLC, US",0.0325
2026-07-05,23888,NTC,6762,SEABONE-NET TELECOM ITALIA SPARKLE S,0.037
2026-07-05,23888,NTC,8529,OMANTEL-AS Zain Omantel Internationa,0.1944
2026-07-05,23888,NTC,8966,Etisalat-AS EMIRATES TELECOMMUNICATI,0.0217
2026-07-05,23888,NTC,17557,PKTELECOM-AS-PK - Pakistan Telecommu,0.6911
2026-07-05,23888,NTC,38193,TWA-AS-AP - Transworld Associates (P,0.3089
2026-07-05,23888,NTC,137409,GSLNETWORKS-AS-AP - GSL Networks Pty,0.1478
2026-07-05,38193,Transworld,174,"COGENT-174 - Cogent Communications, ",0.1462
2026-07-05,38193,Transworld,3356,"LEVEL3 - Level 3 Parent, LLC, US",0.1971
2026-07-05,38193,Transworld,6762,SEABONE-NET TELECOM ITALIA SPARKLE S,0.08
2026-07-05,38193,Transworld,6939,"HURRICANE - Hurricane Electric LLC, ",0.0227
2026-07-05,38193,Transworld,8529,OMANTEL-AS Zain Omantel Internationa,0.0434
2026-07-05,135407,TES,174,"COGENT-174 - Cogent Communications, ",0.1841
2026-07-05,135407,TES,3356,"LEVEL3 - Level 3 Parent, LLC, US",0.0436
2026-07-05,135407,TES,6762,SEABONE-NET TELECOM ITALIA SPARKLE S,0.0987
2026-07-05,135407,TES,6939,"HURRICANE - Hurricane Electric LLC, ",0.0365
2026-07-05,135407,TES,8529,OMANTEL-AS Zain Omantel Internationa,0.0725
2026-07-05,135407,TES,8966,Etisalat-AS EMIRATES TELECOMMUNICATI,0.0641
2026-07-05,135407,TES,38193,TWA-AS-AP - Transworld Associates (P,1.0
2026-07-05,136174,Nova,174,"COGENT-174 - Cogent Communications, ",0.0448
2026-07-05,136174,Nova,6762,SEABONE-NET TELECOM ITALIA SPARKLE S,0.4428
2026-07-05,136174,Nova,6939,"HURRICANE - Hurricane Electric LLC, ",0.0273
2026-07-05,136174,Nova,8529,OMANTEL-AS Zain Omantel Internationa,0.0312
2026-07-05,136174,Nova,17557,PKTELECOM-AS-PK - Pakistan Telecommu,0.125
2026-07-05,136174,Nova,38193,TWA-AS-AP - Transworld Associates (P,0.875
2026-07-05,150683,Fasttel,174,"COGENT-174 - Cogent Communications, ",0.0497
2026-07-05,150683,Fasttel,3356,"LEVEL3 - Level 3 Parent, LLC, US",0.0451
2026-07-05,150683,Fasttel,6762,SEABONE-NET TELECOM ITALIA SPARKLE S,0.0314
2026-07-05,150683,Fasttel,17557,PKTELECOM-AS-PK - Pakistan Telecommu,0.682
2026-07-05,150683,Fasttel,24499,"TPP-AS-PK - Telenor Pakistan, PK",0.0767
2026-07-05,150683,Fasttel,38193,TWA-AS-AP - Transworld Associates (P,0.318
2026-07-05,150683,Fasttel,38264,WATEEN-IMS-PK-AS-AP - National WiMAX,0.0372
2026-07-05,150683,Fasttel,58470,Mobilink-Peering-AS-PK - IX Peering ,0.0321
2026-07-05,150683,Fasttel,138423,CMPAKLIMITED-AS-ENTCORP - CMPak Limi,0.8645
2026-07-05,151983,Orbit,174,"COGENT-174 - Cogent Communications, ",0.1782
2026-07-05,151983,Orbit,6762,SEABONE-NET TELECOM ITALIA SPARKLE S,0.2593
2026-07-05,151983,Orbit,8529,OMANTEL-AS Zain Omantel Internationa,0.0226
2026-07-05,151983,Orbit,23674,"NAYATEL-PK - Nayatel (Pvt) Ltd, PK",0.1111
2026-07-05,151983,Orbit,38193,TWA-AS-AP - Transworld Associates (P,1.0
2026-07-05,151983,Orbit,58470,Mobilink-Peering-AS-PK - IX Peering ,0.1111
2026-07-05,151983,Orbit,138655,TES-PL-AS-AP - Trans World Enterpris,0.7778
2026-07-05,152605,Z-Com,174,"COGENT-174 - Cogent Communications, ",0.3614
2026-07-05,152605,Z-Com,6762,SEABONE-NET TELECOM ITALIA SPARKLE S,0.1905
2026-07-05,152605,Z-Com,38193,TWA-AS-AP - Transworld Associates (P,1.0
2026-07-05,152605,Z-Com,58453,CMI-INT-HK - China Mobile Internatio,0.0273
2026-07-06,9541,Cybernet,174,"COGENT-174 - Cogent Communications, ",0.2398
2026-07-06,9541,Cybernet,1299,"TWELVE99 Arelion Sweden AB, SE",0.0644
2026-07-06,9541,Cybernet,3356,"LEVEL3 - Level 3 Parent, LLC, US",0.0941
2026-07-06,9541,Cybernet,8529,OMANTEL-AS Zain Omantel Internationa,0.0256
2026-07-06,9541,Cybernet,17557,PKTELECOM-AS-PK - Pakistan Telecommu,0.1146
2026-07-06,9541,Cybernet,57463,"NetIX NetIX Communications JSC, BG",0.0675
2026-07-06,17557,PTCL,3356,"LEVEL3 - Level 3 Parent, LLC, US",0.0209
2026-07-06,23674,Nayatel,174,"COGENT-174 - Cogent Communications, ",0.1353
2026-07-06,23674,Nayatel,1299,"TWELVE99 Arelion Sweden AB, SE",0.0202
2026-07-06,23674,Nayatel,6762,SEABONE-NET TELECOM ITALIA SPARKLE S,0.0761
2026-07-06,23674,Nayatel,8529,OMANTEL-AS Zain Omantel Internationa,0.0333
2026-07-06,23674,Nayatel,17557,PKTELECOM-AS-PK - Pakistan Telecommu,0.7067
2026-07-06,23674,Nayatel,38193,TWA-AS-AP - Transworld Associates (P,0.2933
2026-07-06,23888,NTC,174,"COGENT-174 - Cogent Communications, ",0.0982
2026-07-06,23888,NTC,3356,"LEVEL3 - Level 3 Parent, LLC, US",0.0327
2026-07-06,23888,NTC,6762,SEABONE-NET TELECOM ITALIA SPARKLE S,0.0376
2026-07-06,23888,NTC,8529,OMANTEL-AS Zain Omantel Internationa,0.1942
2026-07-06,23888,NTC,8966,Etisalat-AS EMIRATES TELECOMMUNICATI,0.022
2026-07-06,23888,NTC,17557,PKTELECOM-AS-PK - Pakistan Telecommu,0.6921
2026-07-06,23888,NTC,38193,TWA-AS-AP - Transworld Associates (P,0.3079
2026-07-06,23888,NTC,137409,GSLNETWORKS-AS-AP - GSL Networks Pty,0.1476
2026-07-06,38193,Transworld,174,"COGENT-174 - Cogent Communications, ",0.1468
2026-07-06,38193,Transworld,3356,"LEVEL3 - Level 3 Parent, LLC, US",0.198
2026-07-06,38193,Transworld,6762,SEABONE-NET TELECOM ITALIA SPARKLE S,0.0809
2026-07-06,38193,Transworld,6939,"HURRICANE - Hurricane Electric LLC, ",0.0228
2026-07-06,38193,Transworld,8529,OMANTEL-AS Zain Omantel Internationa,0.0435
2026-07-06,135407,TES,174,"COGENT-174 - Cogent Communications, ",0.1819
2026-07-06,135407,TES,3356,"LEVEL3 - Level 3 Parent, LLC, US",0.0437
2026-07-06,135407,TES,6762,SEABONE-NET TELECOM ITALIA SPARKLE S,0.1024
2026-07-06,135407,TES,6939,"HURRICANE - Hurricane Electric LLC, ",0.0367
2026-07-06,135407,TES,8529,OMANTEL-AS Zain Omantel Internationa,0.0726
2026-07-06,135407,TES,8966,Etisalat-AS EMIRATES TELECOMMUNICATI,0.0647
2026-07-06,135407,TES,38193,TWA-AS-AP - Transworld Associates (P,1.0
2026-07-06,136174,Nova,174,"COGENT-174 - Cogent Communications, ",0.0451
2026-07-06,136174,Nova,1299,"TWELVE99 Arelion Sweden AB, SE",0.024
2026-07-06,136174,Nova,6762,SEABONE-NET TELECOM ITALIA SPARKLE S,0.4452
2026-07-06,136174,Nova,6939,"HURRICANE - Hurricane Electric LLC, ",0.0274
2026-07-06,136174,Nova,8529,OMANTEL-AS Zain Omantel Internationa,0.0313
2026-07-06,136174,Nova,17557,PKTELECOM-AS-PK - Pakistan Telecommu,0.125
2026-07-06,136174,Nova,38193,TWA-AS-AP - Transworld Associates (P,0.875
2026-07-06,150683,Fasttel,174,"COGENT-174 - Cogent Communications, ",0.0645
2026-07-06,150683,Fasttel,3356,"LEVEL3 - Level 3 Parent, LLC, US",0.0436
2026-07-06,150683,Fasttel,6762,SEABONE-NET TELECOM ITALIA SPARKLE S,0.037
2026-07-06,150683,Fasttel,17557,PKTELECOM-AS-PK - Pakistan Telecommu,0.6803
2026-07-06,150683,Fasttel,24499,"TPP-AS-PK - Telenor Pakistan, PK",0.0766
2026-07-06,150683,Fasttel,38193,TWA-AS-AP - Transworld Associates (P,0.3197
2026-07-06,150683,Fasttel,38264,WATEEN-IMS-PK-AS-AP - National WiMAX,0.0373
2026-07-06,150683,Fasttel,58470,Mobilink-Peering-AS-PK - IX Peering ,0.0365
2026-07-06,150683,Fasttel,138423,CMPAKLIMITED-AS-ENTCORP - CMPak Limi,0.8602
2026-07-06,151983,Orbit,174,"COGENT-174 - Cogent Communications, ",0.1769
2026-07-06,151983,Orbit,6762,SEABONE-NET TELECOM ITALIA SPARKLE S,0.2608
2026-07-06,151983,Orbit,8529,OMANTEL-AS Zain Omantel Internationa,0.0226
2026-07-06,151983,Orbit,23674,"NAYATEL-PK - Nayatel (Pvt) Ltd, PK",0.1111
2026-07-06,151983,Orbit,38193,TWA-AS-AP - Transworld Associates (P,1.0
2026-07-06,151983,Orbit,58453,CMI-INT-HK - China Mobile Internatio,0.0217
2026-07-06,151983,Orbit,58470,Mobilink-Peering-AS-PK - IX Peering ,0.1111
2026-07-06,151983,Orbit,138655,TES-PL-AS-AP - Trans World Enterpris,0.7778
2026-07-06,152605,Z-Com,174,"COGENT-174 - Cogent Communications, ",0.3621
2026-07-06,152605,Z-Com,6762,SEABONE-NET TELECOM ITALIA SPARKLE S,0.1898
2026-07-06,152605,Z-Com,38193,TWA-AS-AP - Transworld Associates (P,1.0
2026-07-06,152605,Z-Com,58453,CMI-INT-HK - China Mobile Internatio,0.0274
2026-07-07,9541,Cybernet,174,"COGENT-174 - Cogent Communications, ",0.2376
2026-07-07,9541,Cybernet,1299,"TWELVE99 Arelion Sweden AB, SE",0.0924
2026-07-07,9541,Cybernet,3356,"LEVEL3 - Level 3 Parent, LLC, US",0.0762
2026-07-07,9541,Cybernet,8529,OMANTEL-AS Zain Omantel Internationa,0.0236
2026-07-07,9541,Cybernet,17557,PKTELECOM-AS-PK - Pakistan Telecommu,0.1196
2026-07-07,9541,Cybernet,23764,"CTGNet - CTGNet, HK",0.0309
2026-07-07,9541,Cybernet,57463,"NetIX NetIX Communications JSC, BG",0.0898
2026-07-07,17557,PTCL,3356,"LEVEL3 - Level 3 Parent, LLC, US",0.0201
2026-07-07,17557,PTCL,8966,Etisalat-AS EMIRATES TELECOMMUNICATI,0.0648
2026-07-07,23674,Nayatel,174,"COGENT-174 - Cogent Communications, ",0.1777
2026-07-07,23674,Nayatel,1299,"TWELVE99 Arelion Sweden AB, SE",0.0399
2026-07-07,23674,Nayatel,6762,SEABONE-NET TELECOM ITALIA SPARKLE S,0.0813
2026-07-07,23674,Nayatel,8529,OMANTEL-AS Zain Omantel Internationa,0.0288
2026-07-07,23674,Nayatel,8966,Etisalat-AS EMIRATES TELECOMMUNICATI,0.0221
2026-07-07,23674,Nayatel,17557,PKTELECOM-AS-PK - Pakistan Telecommu,0.6673
2026-07-07,23674,Nayatel,38193,TWA-AS-AP - Transworld Associates (P,0.3327
2026-07-07,23888,NTC,174,"COGENT-174 - Cogent Communications, ",0.0845
2026-07-07,23888,NTC,6762,SEABONE-NET TELECOM ITALIA SPARKLE S,0.0417
2026-07-07,23888,NTC,8529,OMANTEL-AS Zain Omantel Internationa,0.2277
2026-07-07,23888,NTC,8966,Etisalat-AS EMIRATES TELECOMMUNICATI,0.08
2026-07-07,23888,NTC,17557,PKTELECOM-AS-PK - Pakistan Telecommu,0.7253
2026-07-07,23888,NTC,38193,TWA-AS-AP - Transworld Associates (P,0.2747
2026-07-07,23888,NTC,137409,GSLNETWORKS-AS-AP - GSL Networks Pty,0.1809
2026-07-07,38193,Transworld,174,"COGENT-174 - Cogent Communications, ",0.1968
2026-07-07,38193,Transworld,3356,"LEVEL3 - Level 3 Parent, LLC, US",0.2055
2026-07-07,38193,Transworld,6762,SEABONE-NET TELECOM ITALIA SPARKLE S,0.0813
2026-07-07,38193,Transworld,8529,OMANTEL-AS Zain Omantel Internationa,0.0424
2026-07-07,38193,Transworld,8966,Etisalat-AS EMIRATES TELECOMMUNICATI,0.0202
2026-07-07,135407,TES,174,"COGENT-174 - Cogent Communications, ",0.2154
2026-07-07,135407,TES,3356,"LEVEL3 - Level 3 Parent, LLC, US",0.0376
2026-07-07,135407,TES,6762,SEABONE-NET TELECOM ITALIA SPARKLE S,0.1082
2026-07-07,135407,TES,6939,"HURRICANE - Hurricane Electric LLC, ",0.0251
2026-07-07,135407,TES,8529,OMANTEL-AS Zain Omantel Internationa,0.0669
2026-07-07,135407,TES,8966,Etisalat-AS EMIRATES TELECOMMUNICATI,0.1134
2026-07-07,135407,TES,38193,TWA-AS-AP - Transworld Associates (P,1.0
2026-07-07,135407,TES,137409,GSLNETWORKS-AS-AP - GSL Networks Pty,0.0203
2026-07-07,136174,Nova,174,"COGENT-174 - Cogent Communications, ",0.0512
2026-07-07,136174,Nova,1299,"TWELVE99 Arelion Sweden AB, SE",0.0798
2026-07-07,136174,Nova,6762,SEABONE-NET TELECOM ITALIA SPARKLE S,0.4856
2026-07-07,136174,Nova,8529,OMANTEL-AS Zain Omantel Internationa,0.0392
2026-07-07,136174,Nova,17557,PKTELECOM-AS-PK - Pakistan Telecommu,0.125
2026-07-07,136174,Nova,38193,TWA-AS-AP - Transworld Associates (P,0.875
2026-07-07,150683,Fasttel,174,"COGENT-174 - Cogent Communications, ",0.0854
2026-07-07,150683,Fasttel,1299,"TWELVE99 Arelion Sweden AB, SE",0.0315
2026-07-07,150683,Fasttel,2914,"NTT-DATA-2914 - NTT America, Inc., U",0.0213
2026-07-07,150683,Fasttel,3356,"LEVEL3 - Level 3 Parent, LLC, US",0.0248
2026-07-07,150683,Fasttel,6762,SEABONE-NET TELECOM ITALIA SPARKLE S,0.0399
2026-07-07,150683,Fasttel,8966,Etisalat-AS EMIRATES TELECOMMUNICATI,0.0811
2026-07-07,150683,Fasttel,9260,MULTINET-AS-AP - Multinet Pakistan P,0.0278
2026-07-07,150683,Fasttel,17557,PKTELECOM-AS-PK - Pakistan Telecommu,0.6874
2026-07-07,150683,Fasttel,24499,"TPP-AS-PK - Telenor Pakistan, PK",0.0915
2026-07-07,150683,Fasttel,38193,TWA-AS-AP - Transworld Associates (P,0.3126
2026-07-07,150683,Fasttel,38264,WATEEN-IMS-PK-AS-AP - National WiMAX,0.0309
2026-07-07,150683,Fasttel,58470,Mobilink-Peering-AS-PK - IX Peering ,0.0428
2026-07-07,150683,Fasttel,138423,CMPAKLIMITED-AS-ENTCORP - CMPak Limi,0.842
2026-07-07,151983,Orbit,174,"COGENT-174 - Cogent Communications, ",0.2118
2026-07-07,151983,Orbit,1299,"TWELVE99 Arelion Sweden AB, SE",0.0335
2026-07-07,151983,Orbit,6762,SEABONE-NET TELECOM ITALIA SPARKLE S,0.2889
2026-07-07,151983,Orbit,23674,"NAYATEL-PK - Nayatel (Pvt) Ltd, PK",0.1111
2026-07-07,151983,Orbit,38193,TWA-AS-AP - Transworld Associates (P,1.0
2026-07-07,151983,Orbit,58453,CMI-INT-HK - China Mobile Internatio,0.0345
2026-07-07,151983,Orbit,58470,Mobilink-Peering-AS-PK - IX Peering ,0.1111
2026-07-07,151983,Orbit,138655,TES-PL-AS-AP - Trans World Enterpris,0.7778
2026-07-07,152605,Z-Com,174,"COGENT-174 - Cogent Communications, ",0.4292
2026-07-07,152605,Z-Com,6762,SEABONE-NET TELECOM ITALIA SPARKLE S,0.1844
2026-07-07,152605,Z-Com,38193,TWA-AS-AP - Transworld Associates (P,1.0
2026-07-07,152605,Z-Com,58453,CMI-INT-HK - China Mobile Internatio,0.0346
2026-07-08,9541,Cybernet,174,"COGENT-174 - Cogent Communications, ",0.2586
2026-07-08,9541,Cybernet,1299,"TWELVE99 Arelion Sweden AB, SE",0.0729
2026-07-08,9541,Cybernet,3356,"LEVEL3 - Level 3 Parent, LLC, US",0.0973
2026-07-08,9541,Cybernet,8529,OMANTEL-AS Zain Omantel Internationa,0.0279
2026-07-08,9541,Cybernet,17557,PKTELECOM-AS-PK - Pakistan Telecommu,0.1203
2026-07-08,9541,Cybernet,23764,"CTGNet - CTGNet, HK",0.0223
2026-07-08,9541,Cybernet,57463,"NetIX NetIX Communications JSC, BG",0.0845
2026-07-08,17557,PTCL,174,"COGENT-174 - Cogent Communications, ",0.0383
2026-07-08,23674,Nayatel,174,"COGENT-174 - Cogent Communications, ",0.1761
2026-07-08,23674,Nayatel,1299,"TWELVE99 Arelion Sweden AB, SE",0.0263
2026-07-08,23674,Nayatel,6762,SEABONE-NET TELECOM ITALIA SPARKLE S,0.0948
2026-07-08,23674,Nayatel,8529,OMANTEL-AS Zain Omantel Internationa,0.0366
2026-07-08,23674,Nayatel,17557,PKTELECOM-AS-PK - Pakistan Telecommu,0.6636
2026-07-08,23674,Nayatel,38193,TWA-AS-AP - Transworld Associates (P,0.3364
2026-07-08,23888,NTC,174,"COGENT-174 - Cogent Communications, ",0.0708
2026-07-08,23888,NTC,6762,SEABONE-NET TELECOM ITALIA SPARKLE S,0.0297
2026-07-08,23888,NTC,8529,OMANTEL-AS Zain Omantel Internationa,0.2346
2026-07-08,23888,NTC,17557,PKTELECOM-AS-PK - Pakistan Telecommu,0.7231
2026-07-08,23888,NTC,38193,TWA-AS-AP - Transworld Associates (P,0.2769
2026-07-08,23888,NTC,137409,GSLNETWORKS-AS-AP - GSL Networks Pty,0.2117
2026-07-08,38193,Transworld,174,"COGENT-174 - Cogent Communications, ",0.1833
2026-07-08,38193,Transworld,3356,"LEVEL3 - Level 3 Parent, LLC, US",0.1611
2026-07-08,38193,Transworld,6762,SEABONE-NET TELECOM ITALIA SPARKLE S,0.1015
2026-07-08,38193,Transworld,8529,OMANTEL-AS Zain Omantel Internationa,0.0449
2026-07-08,135407,TES,174,"COGENT-174 - Cogent Communications, ",0.2117
2026-07-08,135407,TES,3356,"LEVEL3 - Level 3 Parent, LLC, US",0.0282
2026-07-08,135407,TES,6762,SEABONE-NET TELECOM ITALIA SPARKLE S,0.1274
2026-07-08,135407,TES,8529,OMANTEL-AS Zain Omantel Internationa,0.0815
2026-07-08,135407,TES,8966,Etisalat-AS EMIRATES TELECOMMUNICATI,0.0715
2026-07-08,135407,TES,38193,TWA-AS-AP - Transworld Associates (P,1.0
2026-07-08,135407,TES,137409,GSLNETWORKS-AS-AP - GSL Networks Pty,0.0213
2026-07-08,136174,Nova,174,"COGENT-174 - Cogent Communications, ",0.0362
2026-07-08,136174,Nova,1299,"TWELVE99 Arelion Sweden AB, SE",0.0559
2026-07-08,136174,Nova,6762,SEABONE-NET TELECOM ITALIA SPARKLE S,0.4751
2026-07-08,136174,Nova,17557,PKTELECOM-AS-PK - Pakistan Telecommu,0.1019
2026-07-08,136174,Nova,38193,TWA-AS-AP - Transworld Associates (P,0.9014
2026-07-08,150683,Fasttel,174,"COGENT-174 - Cogent Communications, ",0.0558
2026-07-08,150683,Fasttel,1299,"TWELVE99 Arelion Sweden AB, SE",0.0205
2026-07-08,150683,Fasttel,6762,SEABONE-NET TELECOM ITALIA SPARKLE S,0.085
2026-07-08,150683,Fasttel,17557,PKTELECOM-AS-PK - Pakistan Telecommu,0.7294
2026-07-08,150683,Fasttel,24499,"TPP-AS-PK - Telenor Pakistan, PK",0.0853
2026-07-08,150683,Fasttel,38193,TWA-AS-AP - Transworld Associates (P,0.2706
2026-07-08,150683,Fasttel,38264,WATEEN-IMS-PK-AS-AP - National WiMAX,0.0358
2026-07-08,150683,Fasttel,58470,Mobilink-Peering-AS-PK - IX Peering ,0.0396
2026-07-08,150683,Fasttel,138423,CMPAKLIMITED-AS-ENTCORP - CMPak Limi,0.8429
2026-07-08,151983,Orbit,174,"COGENT-174 - Cogent Communications, ",0.175
2026-07-08,151983,Orbit,1299,"TWELVE99 Arelion Sweden AB, SE",0.0279
2026-07-08,151983,Orbit,6762,SEABONE-NET TELECOM ITALIA SPARKLE S,0.2841
2026-07-08,151983,Orbit,8529,OMANTEL-AS Zain Omantel Internationa,0.0351
2026-07-08,151983,Orbit,23674,"NAYATEL-PK - Nayatel (Pvt) Ltd, PK",0.1111
2026-07-08,151983,Orbit,38193,TWA-AS-AP - Transworld Associates (P,1.0
2026-07-08,151983,Orbit,58453,CMI-INT-HK - China Mobile Internatio,0.0437
2026-07-08,151983,Orbit,58470,Mobilink-Peering-AS-PK - IX Peering ,0.1111
2026-07-08,151983,Orbit,138655,TES-PL-AS-AP - Trans World Enterpris,0.7778
2026-07-08,152605,Z-Com,174,"COGENT-174 - Cogent Communications, ",0.3504
2026-07-08,152605,Z-Com,1299,"TWELVE99 Arelion Sweden AB, SE",0.0469
2026-07-08,152605,Z-Com,6762,SEABONE-NET TELECOM ITALIA SPARKLE S,0.2088
2026-07-08,152605,Z-Com,38193,TWA-AS-AP - Transworld Associates (P,1.0
2026-07-08,152605,Z-Com,58453,CMI-INT-HK - China Mobile Internatio,0.0701
2026-07-09,9541,Cybernet,174,"COGENT-174 - Cogent Communications, ",0.2346
2026-07-09,9541,Cybernet,1299,"TWELVE99 Arelion Sweden AB, SE",0.1055
2026-07-09,9541,Cybernet,3356,"LEVEL3 - Level 3 Parent, LLC, US",0.047
2026-07-09,9541,Cybernet,8529,OMANTEL-AS Zain Omantel Internationa,0.0243
2026-07-09,9541,Cybernet,17557,PKTELECOM-AS-PK - Pakistan Telecommu,0.122
2026-07-09,9541,Cybernet,23764,"CTGNet - CTGNet, HK",0.0336
2026-07-09,9541,Cybernet,57463,"NetIX NetIX Communications JSC, BG",0.0955
2026-07-09,17557,PTCL,8966,Etisalat-AS EMIRATES TELECOMMUNICATI,0.0804
2026-07-09,23674,Nayatel,174,"COGENT-174 - Cogent Communications, ",0.1689
2026-07-09,23674,Nayatel,1299,"TWELVE99 Arelion Sweden AB, SE",0.0362
2026-07-09,23674,Nayatel,6762,SEABONE-NET TELECOM ITALIA SPARKLE S,0.0714
2026-07-09,23674,Nayatel,8529,OMANTEL-AS Zain Omantel Internationa,0.0304
2026-07-09,23674,Nayatel,8966,Etisalat-AS EMIRATES TELECOMMUNICATI,0.0281
2026-07-09,23674,Nayatel,17557,PKTELECOM-AS-PK - Pakistan Telecommu,0.673
2026-07-09,23674,Nayatel,38193,TWA-AS-AP - Transworld Associates (P,0.327
2026-07-09,23888,NTC,174,"COGENT-174 - Cogent Communications, ",0.0693
2026-07-09,23888,NTC,6762,SEABONE-NET TELECOM ITALIA SPARKLE S,0.0274
2026-07-09,23888,NTC,8529,OMANTEL-AS Zain Omantel Internationa,0.2335
2026-07-09,23888,NTC,8966,Etisalat-AS EMIRATES TELECOMMUNICATI,0.0929
2026-07-09,23888,NTC,17557,PKTELECOM-AS-PK - Pakistan Telecommu,0.7377
2026-07-09,23888,NTC,38193,TWA-AS-AP - Transworld Associates (P,0.2623
2026-07-09,23888,NTC,137409,GSLNETWORKS-AS-AP - GSL Networks Pty,0.1939
2026-07-09,38193,Transworld,174,"COGENT-174 - Cogent Communications, ",0.2038
2026-07-09,38193,Transworld,1299,"TWELVE99 Arelion Sweden AB, SE",0.0239
2026-07-09,38193,Transworld,3356,"LEVEL3 - Level 3 Parent, LLC, US",0.1755
2026-07-09,38193,Transworld,6762,SEABONE-NET TELECOM ITALIA SPARKLE S,0.0788
2026-07-09,38193,Transworld,8529,OMANTEL-AS Zain Omantel Internationa,0.0447
2026-07-09,38193,Transworld,8966,Etisalat-AS EMIRATES TELECOMMUNICATI,0.0218
2026-07-09,135407,TES,174,"COGENT-174 - Cogent Communications, ",0.1978
2026-07-09,135407,TES,3356,"LEVEL3 - Level 3 Parent, LLC, US",0.0229
2026-07-09,135407,TES,6762,SEABONE-NET TELECOM ITALIA SPARKLE S,0.0965
2026-07-09,135407,TES,6939,"HURRICANE - Hurricane Electric LLC, ",0.025
2026-07-09,135407,TES,7473,SINGTEL-AS-AP - Singapore Telecommun,0.0205
2026-07-09,135407,TES,8529,OMANTEL-AS Zain Omantel Internationa,0.0705
2026-07-09,135407,TES,8966,Etisalat-AS EMIRATES TELECOMMUNICATI,0.1265
2026-07-09,135407,TES,38193,TWA-AS-AP - Transworld Associates (P,1.0
2026-07-09,135407,TES,137409,GSLNETWORKS-AS-AP - GSL Networks Pty,0.021
2026-07-09,136174,Nova,174,"COGENT-174 - Cogent Communications, ",0.0473
2026-07-09,136174,Nova,1299,"TWELVE99 Arelion Sweden AB, SE",0.098
2026-07-09,136174,Nova,6762,SEABONE-NET TELECOM ITALIA SPARKLE S,0.4519
2026-07-09,136174,Nova,8529,OMANTEL-AS Zain Omantel Internationa,0.0421
2026-07-09,136174,Nova,17557,PKTELECOM-AS-PK - Pakistan Telecommu,0.125
2026-07-09,136174,Nova,38193,TWA-AS-AP - Transworld Associates (P,0.875
2026-07-09,136174,Nova,137409,GSLNETWORKS-AS-AP - GSL Networks Pty,0.0211
2026-07-09,150683,Fasttel,174,"COGENT-174 - Cogent Communications, ",0.0511
2026-07-09,150683,Fasttel,1299,"TWELVE99 Arelion Sweden AB, SE",0.0363
2026-07-09,150683,Fasttel,6762,SEABONE-NET TELECOM ITALIA SPARKLE S,0.0219
2026-07-09,150683,Fasttel,8966,Etisalat-AS EMIRATES TELECOMMUNICATI,0.0926
2026-07-09,150683,Fasttel,17557,PKTELECOM-AS-PK - Pakistan Telecommu,0.7485
2026-07-09,150683,Fasttel,24499,"TPP-AS-PK - Telenor Pakistan, PK",0.0857
2026-07-09,150683,Fasttel,38193,TWA-AS-AP - Transworld Associates (P,0.2515
2026-07-09,150683,Fasttel,38264,WATEEN-IMS-PK-AS-AP - National WiMAX,0.0302
2026-07-09,150683,Fasttel,58470,Mobilink-Peering-AS-PK - IX Peering ,0.0461
2026-07-09,150683,Fasttel,138423,CMPAKLIMITED-AS-ENTCORP - CMPak Limi,0.8464
2026-07-09,151983,Orbit,174,"COGENT-174 - Cogent Communications, ",0.1882
2026-07-09,151983,Orbit,1299,"TWELVE99 Arelion Sweden AB, SE",0.0404
2026-07-09,151983,Orbit,6762,SEABONE-NET TELECOM ITALIA SPARKLE S,0.275
2026-07-09,151983,Orbit,8529,OMANTEL-AS Zain Omantel Internationa,0.0209
2026-07-09,151983,Orbit,23674,"NAYATEL-PK - Nayatel (Pvt) Ltd, PK",0.1117
2026-07-09,151983,Orbit,38193,TWA-AS-AP - Transworld Associates (P,1.0
2026-07-09,151983,Orbit,58453,CMI-INT-HK - China Mobile Internatio,0.0345
2026-07-09,151983,Orbit,58470,Mobilink-Peering-AS-PK - IX Peering ,0.1111
2026-07-09,151983,Orbit,138655,TES-PL-AS-AP - Trans World Enterpris,0.7817
2026-07-09,152605,Z-Com,174,"COGENT-174 - Cogent Communications, ",0.4023
2026-07-09,152605,Z-Com,1299,"TWELVE99 Arelion Sweden AB, SE",0.0254
2026-07-09,152605,Z-Com,6762,SEABONE-NET TELECOM ITALIA SPARKLE S,0.1713
2026-07-09,152605,Z-Com,38193,TWA-AS-AP - Transworld Associates (P,1.0
2026-07-09,152605,Z-Com,58453,CMI-INT-HK - China Mobile Internatio,0.0557
2026-07-10,9541,Cybernet,174,"COGENT-174 - Cogent Communications, ",0.2329
2026-07-10,9541,Cybernet,1299,"TWELVE99 Arelion Sweden AB, SE",0.0754
2026-07-10,9541,Cybernet,3356,"LEVEL3 - Level 3 Parent, LLC, US",0.0544
2026-07-10,9541,Cybernet,8529,OMANTEL-AS Zain Omantel Internationa,0.0288
2026-07-10,9541,Cybernet,17557,PKTELECOM-AS-PK - Pakistan Telecommu,0.1165
2026-07-10,9541,Cybernet,57463,"NetIX NetIX Communications JSC, BG",0.0558
2026-07-10,23674,Nayatel,174,"COGENT-174 - Cogent Communications, ",0.1407
2026-07-10,23674,Nayatel,6762,SEABONE-NET TELECOM ITALIA SPARKLE S,0.0676
2026-07-10,23674,Nayatel,8529,OMANTEL-AS Zain Omantel Internationa,0.0331
2026-07-10,23674,Nayatel,17557,PKTELECOM-AS-PK - Pakistan Telecommu,0.6775
2026-07-10,23674,Nayatel,38193,TWA-AS-AP - Transworld Associates (P,0.3225
2026-07-10,23888,NTC,174,"COGENT-174 - Cogent Communications, ",0.0758
2026-07-10,23888,NTC,8529,OMANTEL-AS Zain Omantel Internationa,0.2066
2026-07-10,23888,NTC,8966,Etisalat-AS EMIRATES TELECOMMUNICATI,0.0331
2026-07-10,23888,NTC,17557,PKTELECOM-AS-PK - Pakistan Telecommu,0.7078
2026-07-10,23888,NTC,38193,TWA-AS-AP - Transworld Associates (P,0.2922
2026-07-10,23888,NTC,137409,GSLNETWORKS-AS-AP - GSL Networks Pty,0.1668
2026-07-10,38193,Transworld,174,"COGENT-174 - Cogent Communications, ",0.1445
2026-07-10,38193,Transworld,3356,"LEVEL3 - Level 3 Parent, LLC, US",0.1553
2026-07-10,38193,Transworld,6762,SEABONE-NET TELECOM ITALIA SPARKLE S,0.0751
2026-07-10,38193,Transworld,6939,"HURRICANE - Hurricane Electric LLC, ",0.0239
2026-07-10,38193,Transworld,8529,OMANTEL-AS Zain Omantel Internationa,0.0474
2026-07-10,135407,TES,174,"COGENT-174 - Cogent Communications, ",0.1453
2026-07-10,135407,TES,3356,"LEVEL3 - Level 3 Parent, LLC, US",0.0202
2026-07-10,135407,TES,6762,SEABONE-NET TELECOM ITALIA SPARKLE S,0.0828
2026-07-10,135407,TES,6939,"HURRICANE - Hurricane Electric LLC, ",0.0386
2026-07-10,135407,TES,8529,OMANTEL-AS Zain Omantel Internationa,0.0795
2026-07-10,135407,TES,8966,Etisalat-AS EMIRATES TELECOMMUNICATI,0.0831
2026-07-10,135407,TES,38193,TWA-AS-AP - Transworld Associates (P,1.0
2026-07-10,136174,Nova,174,"COGENT-174 - Cogent Communications, ",0.0379
2026-07-10,136174,Nova,1299,"TWELVE99 Arelion Sweden AB, SE",0.0246
2026-07-10,136174,Nova,6762,SEABONE-NET TELECOM ITALIA SPARKLE S,0.3828
2026-07-10,136174,Nova,6939,"HURRICANE - Hurricane Electric LLC, ",0.0312
2026-07-10,136174,Nova,8529,OMANTEL-AS Zain Omantel Internationa,0.0357
2026-07-10,136174,Nova,17557,PKTELECOM-AS-PK - Pakistan Telecommu,0.125
2026-07-10,136174,Nova,38193,TWA-AS-AP - Transworld Associates (P,0.875
2026-07-10,150683,Fasttel,174,"COGENT-174 - Cogent Communications, ",0.0317
2026-07-10,150683,Fasttel,17557,PKTELECOM-AS-PK - Pakistan Telecommu,0.7306
2026-07-10,150683,Fasttel,24499,"TPP-AS-PK - Telenor Pakistan, PK",0.0751
2026-07-10,150683,Fasttel,38193,TWA-AS-AP - Transworld Associates (P,0.2694
2026-07-10,150683,Fasttel,38264,WATEEN-IMS-PK-AS-AP - National WiMAX,0.0387
2026-07-10,150683,Fasttel,58470,Mobilink-Peering-AS-PK - IX Peering ,0.0506
2026-07-10,150683,Fasttel,138423,CMPAKLIMITED-AS-ENTCORP - CMPak Limi,0.8447
2026-07-10,151983,Orbit,174,"COGENT-174 - Cogent Communications, ",0.1369
2026-07-10,151983,Orbit,6762,SEABONE-NET TELECOM ITALIA SPARKLE S,0.2396
2026-07-10,151983,Orbit,8529,OMANTEL-AS Zain Omantel Internationa,0.0278
2026-07-10,151983,Orbit,23674,"NAYATEL-PK - Nayatel (Pvt) Ltd, PK",0.1111
2026-07-10,151983,Orbit,38193,TWA-AS-AP - Transworld Associates (P,1.0
2026-07-10,151983,Orbit,58470,Mobilink-Peering-AS-PK - IX Peering ,0.1111
2026-07-10,151983,Orbit,138655,TES-PL-AS-AP - Trans World Enterpris,0.7778
2026-07-10,152605,Z-Com,174,"COGENT-174 - Cogent Communications, ",0.2832
2026-07-10,152605,Z-Com,6762,SEABONE-NET TELECOM ITALIA SPARKLE S,0.1473
2026-07-10,152605,Z-Com,38193,TWA-AS-AP - Transworld Associates (P,1.0
2026-07-10,152605,Z-Com,58453,CMI-INT-HK - China Mobile Internatio,0.1143
