{"type":"FeatureCollection","note":"Natural Earth 50m admin-0 boundaries, trimmed to the countries visible in the Exp 07 probe-map frame. Source: naturalearthdata.com via github.com/nvkelso/natural-earth-vector (public domain). Generated for paper/figures/fig_probe_map.png.","features":[{"type":"Feature","properties":{"iso":"UZB","name":"Uzbekistan"},"geometry":{"type":"MultiPolygon","coordinates":[[[[70.946777,42.248682],[70.979004,42.266553],[71.036035,42.284668],[71.12998,42.25],[71.212695,42.206445],[71.232324,42.186279],[71.228516,42.162891],[71.032227,42.077783],[70.910352,42.037988],[70.856641,42.030811],[70.841895,42.019629],[70.80332,41.922656],[70.727734,41.905225],[70.630859,41.875488],[70.562891,41.830811],[70.45498,41.725049],[70.180957,41.571436],[70.176953,41.53999],[70.200879,41.514453],[70.290039,41.496826],[70.407813,41.449561],[70.471387,41.412646],[70.645898,41.460352],[70.688867,41.449805],[70.734375,41.400537],[70.782422,41.2625],[70.860449,41.224902],[70.962598,41.195996],[71.025977,41.186572],[71.110742,41.152637],[71.223438,41.139941],[71.298828,41.15249],[71.393066,41.123389],[71.408398,41.136035],[71.420898,41.341895],[71.5,41.307471],[71.545605,41.308057],[71.585547,41.333252],[71.60625,41.367432],[71.619629,41.435449],[71.602246,41.503271],[71.6375,41.53418],[71.664941,41.541211],[71.685156,41.533008],[71.697266,41.515576],[71.700684,41.454004],[71.757715,41.428027],[71.79248,41.413135],[71.825781,41.361035],[71.858008,41.311377],[71.878613,41.19502],[71.958496,41.187061],[72.052441,41.164746],[72.11543,41.186572],[72.164258,41.17373],[72.180957,41.118457],[72.180664,41.066846],[72.187305,41.025928],[72.213086,41.014258],[72.294922,41.039941],[72.364063,41.043457],[72.427344,41.018945],[72.505957,40.981689],[72.62041,40.883789],[72.658301,40.869922],[72.830957,40.862158],[72.866602,40.842334],[72.925977,40.842432],[72.990039,40.860107],[73.132129,40.828516],[73.136914,40.810645],[73.112891,40.786035],[72.773828,40.650391],[72.748828,40.608691],[72.67959,40.555615],[72.604102,40.525439],[72.56748,40.524365],[72.402051,40.578076],[72.382617,40.565137],[72.369043,40.543457],[72.369727,40.519727],[72.405957,40.463086],[72.389258,40.427393],[72.357715,40.40166],[72.254004,40.424219],[72.234668,40.438623],[72.232813,40.454395],[72.192871,40.454443],[72.13125,40.438623],[72.012598,40.340723],[71.971094,40.289502],[71.955664,40.258594],[71.902734,40.240967],[71.84541,40.234326],[71.772656,40.188037],[71.69248,40.152344],[71.666797,40.178613],[71.650879,40.208008],[71.629883,40.217139],[71.580469,40.210254],[71.52041,40.208984],[71.457422,40.241992],[71.376172,40.275195],[71.304688,40.286914],[71.094531,40.27124],[70.990625,40.254883],[70.958008,40.238867],[70.899414,40.23457],[70.653125,40.201172],[70.602734,40.21416],[70.56582,40.267139],[70.533594,40.324512],[70.469922,40.345361],[70.398242,40.361377],[70.371582,40.384131],[70.369727,40.412012],[70.377148,40.439258],[70.382617,40.453516],[70.548828,40.562793],[70.69834,40.661182],[70.712012,40.669092],[70.725586,40.687793],[70.751074,40.721777],[70.750977,40.7396],[70.63916,40.778564],[70.634766,40.796582],[70.657324,40.815088],[70.657324,40.839648],[70.578223,40.911475],[70.441504,41.023438],[70.401953,41.035107],[70.372656,41.027637],[70.318945,40.919238],[70.29209,40.891699],[70.136328,40.82041],[70.005664,40.771436],[69.773242,40.684277],[69.712891,40.656982],[69.670801,40.661963],[69.628418,40.679053],[69.498242,40.76709],[69.413867,40.797168],[69.357227,40.767383],[69.309375,40.723926],[69.313965,40.634766],[69.259961,40.587646],[69.20625,40.566553],[69.304199,40.327393],[69.294434,40.296582],[69.219531,40.288135],[69.274902,40.198096],[69.22832,40.187598],[69.110352,40.20874],[68.951758,40.222607],[68.652539,40.182666],[68.630664,40.16709],[68.622461,40.147266],[68.639746,40.129199],[68.78457,40.1271],[68.926855,40.136328],[68.966016,40.11958],[68.97207,40.089941],[68.955664,40.071338],[68.908496,40.068213],[68.804688,40.050342],[68.792773,40.031494],[68.789453,40.01333],[68.824414,39.960791],[68.863867,39.927344],[68.86875,39.907471],[68.852246,39.890967],[68.832422,39.884326],[68.797656,39.909131],[68.777832,39.904199],[68.767969,39.881836],[68.758203,39.855566],[68.735254,39.83623],[68.686914,39.846289],[68.638965,39.838867],[68.610352,39.743262],[68.586133,39.634961],[68.506934,39.562793],[68.463281,39.536719],[68.399023,39.528857],[68.303027,39.537695],[68.244922,39.548291],[68.077148,39.56416],[67.908594,39.593799],[67.719043,39.621387],[67.54248,39.557617],[67.491699,39.51875],[67.45957,39.482422],[67.426172,39.465576],[67.349609,39.24209],[67.357617,39.216699],[67.400391,39.19668],[67.616504,39.150293],[67.64834,39.131055],[67.667285,39.10918],[67.676563,39.008496],[67.694434,38.994629],[67.768555,38.982227],[67.875684,38.983008],[67.95957,38.99292],[68.044336,38.983594],[68.103516,38.962012],[68.13252,38.927637],[68.148535,38.890625],[68.047852,38.669287],[68.055957,38.588916],[68.087207,38.473535],[68.144141,38.383105],[68.251367,38.294531],[68.333105,38.237793],[68.350293,38.211035],[68.354492,38.169531],[68.341211,38.116797],[68.294043,38.03291],[68.236523,37.959668],[68.174023,37.928418],[68.087598,37.835449],[68.010938,37.720947],[67.863574,37.570703],[67.814355,37.487012],[67.798047,37.244971],[67.758984,37.172217],[67.75293,37.199805],[67.7,37.227246],[67.607422,37.22251],[67.546484,37.235645],[67.517285,37.26665],[67.441699,37.258008],[67.319727,37.20957],[67.195508,37.235205],[67.068848,37.334814],[66.827734,37.371289],[66.522266,37.348486],[66.510645,37.458691],[66.511328,37.59917],[66.525586,37.785742],[66.629297,37.932031],[66.626367,37.959863],[66.60625,37.986719],[66.574512,38.010791],[66.389746,38.050928],[66.335352,38.072168],[66.263672,38.118066],[66.173145,38.166699],[66.094824,38.200146],[65.971191,38.244238],[65.857129,38.26875],[65.790234,38.250049],[65.728516,38.226367],[65.670898,38.225732],[65.612891,38.238574],[65.399609,38.348828],[65.07666,38.539453],[64.820703,38.672461],[64.659961,38.736035],[64.621875,38.756445],[64.531641,38.816211],[64.309961,38.977295],[64.162793,38.953613],[63.952539,39.05835],[63.763672,39.160547],[63.720801,39.188135],[63.506055,39.3771],[63.291895,39.499512],[63.058105,39.633154],[62.906836,39.716797],[62.650684,39.858496],[62.525488,39.944092],[62.483203,39.975635],[62.441602,40.03623],[62.375,40.33208],[62.298047,40.46748],[62.188477,40.541211],[62.09502,40.683301],[62.017578,40.893799],[61.953516,41.030615],[61.902832,41.093701],[61.799902,41.163428],[61.644531,41.239844],[61.496973,41.276074],[61.443652,41.274609],[61.417383,41.265137],[61.3875,41.252148],[61.328906,41.195117],[61.242383,41.189209],[61.179297,41.190576],[61.119922,41.210889],[60.933203,41.229004],[60.867188,41.248682],[60.754883,41.245752],[60.513574,41.216162],[60.45498,41.221631],[60.2,41.348975],[60.089648,41.399414],[60.067383,41.427344],[60.06875,41.476221],[60.106055,41.545215],[60.137988,41.594141],[60.124023,41.644971],[60.075586,41.700537],[60.075586,41.759668],[60.108594,41.792676],[60.176367,41.782275],[60.200781,41.803125],[60.19209,41.834424],[60.155566,41.857031],[60.106934,41.907422],[59.962598,41.954395],[59.941797,41.973535],[59.949316,41.99541],[59.974121,42.018799],[59.979199,42.068066],[59.981641,42.131738],[60.000781,42.164746],[60.006055,42.19082],[59.985156,42.211719],[59.936523,42.236035],[59.858301,42.295166],[59.762598,42.301562],[59.451074,42.299512],[59.354297,42.323291],[59.276563,42.356152],[59.199121,42.481689],[59.15957,42.511426],[59.123145,42.523779],[59.03584,42.528125],[58.930859,42.540283],[58.876953,42.561475],[58.72998,42.676172],[58.589063,42.778467],[58.532324,42.681934],[58.477148,42.662842],[58.353125,42.671729],[58.259668,42.688086],[58.206445,42.666309],[58.151563,42.628076],[58.162012,42.602979],[58.204102,42.576367],[58.288672,42.527295],[58.418164,42.406689],[58.476953,42.340137],[58.48584,42.316846],[58.474414,42.299365],[58.457031,42.291797],[58.431445,42.29209],[58.39707,42.29248],[58.377148,42.312451],[58.370508,42.346777],[58.327246,42.398926],[58.28291,42.428857],[58.234082,42.447705],[58.165625,42.461572],[58.075488,42.486523],[58.028906,42.487646],[57.983496,42.458789],[57.945703,42.42002],[57.923438,42.335205],[57.855957,42.231055],[57.814258,42.189844],[57.686133,42.164795],[57.381738,42.156299],[57.290625,42.123779],[57.228809,42.084473],[57.113574,41.957129],[57.033691,41.914844],[56.964063,41.856543],[56.984863,41.669336],[57.018164,41.450586],[57.07666,41.38999],[57.113867,41.371777],[57.118848,41.350293],[57.094824,41.331299],[57.064258,41.307275],[57.017969,41.263477],[56.96582,41.265137],[56.86084,41.276123],[56.773633,41.287988],[56.479883,41.300635],[56.241992,41.31084],[55.977441,41.322217],[55.977344,41.551758],[55.977148,41.781348],[55.977051,42.010889],[55.976953,42.24043],[55.976855,42.469971],[55.976758,42.699512],[55.97666,42.929053],[55.976562,43.158594],[55.976465,43.388086],[55.976367,43.617627],[55.97627,43.847217],[55.976172,44.076758],[55.976074,44.306299],[55.975977,44.53584],[55.975781,44.765381],[55.975684,44.994922],[56.100488,45.023389],[56.25791,45.059326],[56.40918,45.093799],[56.58877,45.134766],[56.791895,45.181055],[56.965039,45.220605],[57.17168,45.267725],[57.329297,45.303662],[57.477344,45.337451],[57.666699,45.377441],[57.961035,45.439697],[58.125195,45.474365],[58.291113,45.509424],[58.449414,45.54292],[58.555273,45.555371],[58.668945,45.507568],[58.807031,45.441797],[58.945117,45.375977],[59.083398,45.310205],[59.221484,45.244434],[59.35957,45.178613],[59.497852,45.112842],[59.635938,45.04707],[59.774023,44.981299],[59.912207,44.915576],[60.050293,44.849756],[60.188477,44.783984],[60.32666,44.718213],[60.464746,44.652441],[60.60293,44.586621],[60.741113,44.52085],[60.879199,44.455078],[61.00791,44.393799],[61.065332,44.348389],[61.09707,44.248242],[61.160742,44.168604],[61.271484,44.082275],[61.385059,43.993945],[61.525879,43.877197],[61.623633,43.796191],[61.723242,43.713574],[61.887598,43.577246],[61.990234,43.492139],[62.071973,43.489355],[62.237891,43.50957],[62.459375,43.536621],[62.634473,43.558008],[62.846191,43.583887],[63.047656,43.608496],[63.207031,43.627979],[63.444824,43.613232],[63.679688,43.598633],[63.848145,43.588135],[64.013281,43.577832],[64.208789,43.565723],[64.318164,43.558936],[64.443164,43.551172],[64.496094,43.571631],[64.604102,43.613477],[64.706055,43.652979],[64.811816,43.693945],[64.905469,43.714697],[65.003125,43.649072],[65.084863,43.573682],[65.170898,43.494189],[65.270508,43.417529],[65.366504,43.372021],[65.496191,43.310547],[65.570703,43.205176],[65.670215,43.0646],[65.735645,42.972119],[65.803027,42.876953],[65.901074,42.914502],[66.005664,42.95459],[66.100293,42.99082],[66.088867,42.873389],[66.078516,42.76665],[66.062695,42.605176],[66.049805,42.472754],[66.015527,42.314795],[66.013184,42.194482],[66.01123,42.08877],[66.00957,42.004883],[66.193164,42.001123],[66.328809,41.99834],[66.498633,41.994873],[66.515039,41.889404],[66.537891,41.74126],[66.572559,41.606982],[66.60166,41.494336],[66.645313,41.348633],[66.668652,41.270752],[66.709668,41.17915],[66.749805,41.15708],[66.814258,41.142383],[67.038672,41.15332],[67.225,41.162354],[67.371582,41.169531],[67.528027,41.177148],[67.735059,41.187256],[67.805078,41.163916],[67.865723,41.180273],[67.935742,41.196582],[67.991406,41.130029],[68.019727,41.09624],[68.059375,41.061279],[68.113086,41.028613],[68.090332,40.960254],[68.057031,40.860596],[68.047656,40.809277],[68.112305,40.754053],[68.160254,40.721777],[68.291895,40.656104],[68.415039,40.619434],[68.495703,40.608643],[68.572656,40.622656],[68.600684,40.659961],[68.593652,40.711279],[68.556543,40.765137],[68.559277,40.829297],[68.584082,40.87627],[68.662793,40.961523],[68.737109,41.041895],[68.851172,41.123828],[68.986914,41.205029],[69.043457,41.264111],[69.064941,41.366943],[69.153613,41.425244],[69.249316,41.460254],[69.368359,41.490576],[69.400977,41.541895],[69.565137,41.629053],[69.663867,41.672119],[69.788086,41.697314],[69.959961,41.754053],[70.095605,41.820508],[70.225879,41.945996],[70.328906,42.027979],[70.416016,42.078564],[70.489063,42.080273],[70.540137,42.039453],[70.584277,42.036035],[70.613281,42.054736],[70.6625,42.107471],[70.715234,42.168652],[70.764551,42.194189],[70.860352,42.207227],[70.946777,42.248682]],[[70.652539,40.936621],[70.649219,40.96084],[70.618359,41.00166],[70.57207,41.024805],[70.55,41.014893],[70.56875,40.981836],[70.622754,40.934424],[70.652539,40.936621]]],[[[71.206152,39.892578],[71.15625,39.883447],[71.064258,39.884912],[71.011719,39.895117],[71.043652,39.976318],[71.044824,39.992529],[71.041016,39.994922],[71.014453,40.005762],[70.974414,40.038867],[70.960645,40.087988],[70.97627,40.133252],[71.005469,40.152295],[71.024121,40.14917],[71.080371,40.079883],[71.130273,40.059668],[71.228711,40.048145],[71.179297,39.979834],[71.215625,39.906787],[71.206152,39.892578]]],[[[71.779688,39.950244],[71.75293,39.907129],[71.705859,39.917432],[71.668945,39.946094],[71.68125,39.968652],[71.736523,39.980957],[71.765332,39.993262],[71.789941,39.995312],[71.779688,39.950244]]]]}},{"type":"Feature","properties":{"iso":"ARE","name":"United Arab Emirates"},"geometry":{"type":"MultiPolygon","coordinates":[[[[56.297852,25.650684],[56.363477,25.569385],[56.372852,25.018311],[56.387988,24.979199],[56.35293,24.973291],[56.313574,24.931299],[56.267871,24.866699],[56.204688,24.833301],[56.154492,24.795508],[56.106543,24.748682],[56.063867,24.73877],[56.008398,24.798242],[55.970313,24.858936],[55.979688,24.87207],[56.006348,24.876416],[56.016699,24.907715],[56.000586,24.953223],[55.963086,24.970264],[55.91582,24.971777],[55.870703,24.951416],[55.822852,24.911279],[55.795703,24.868115],[55.791602,24.781299],[55.804199,24.683594],[55.803906,24.63623],[55.777539,24.577344],[55.768164,24.490625],[55.786816,24.423535],[55.804004,24.383545],[55.805664,24.349805],[55.76084,24.242676],[55.799707,24.222656],[55.928613,24.215137],[55.966309,24.142627],[55.992188,24.092969],[55.985156,24.063379],[55.894141,24.041406],[55.779102,24.01709],[55.696582,24.024121],[55.547852,23.991357],[55.468457,23.941113],[55.491797,23.909668],[55.519336,23.885498],[55.531641,23.819043],[55.508496,23.724609],[55.466309,23.63291],[55.413867,23.51875],[55.353223,23.387451],[55.270215,23.189941],[55.199902,23.034766],[55.192188,22.922949],[55.194043,22.85],[55.18584,22.704102],[55.119434,22.623926],[55.104297,22.621484],[55.025,22.631152],[54.998242,22.634375],[54.922461,22.643652],[54.804883,22.658008],[54.652246,22.67666],[54.47168,22.69873],[54.270117,22.72334],[54.05459,22.749658],[53.832129,22.776807],[53.60957,22.804004],[53.394043,22.830322],[53.192383,22.854932],[53.011914,22.877002],[52.859277,22.895605],[52.741602,22.91001],[52.665918,22.919287],[52.63916,22.92251],[52.555078,22.932812],[52.50957,22.986963],[52.45459,23.052441],[52.399609,23.117969],[52.344531,23.183496],[52.289551,23.248975],[52.23457,23.314453],[52.179492,23.37998],[52.124512,23.445459],[52.069434,23.510986],[52.014453,23.576465],[51.959473,23.641992],[51.904395,23.70752],[51.849414,23.772998],[51.794336,23.838477],[51.739355,23.904004],[51.684375,23.969531],[51.629297,24.03501],[51.592578,24.078857],[51.572168,24.12832],[51.568359,24.25791],[51.568359,24.286182],[51.605469,24.338428],[51.623145,24.301074],[51.664551,24.250439],[51.734766,24.262793],[51.767578,24.254395],[51.791699,24.074756],[51.843164,24.010889],[51.906055,23.985352],[52.118555,23.971094],[52.250879,23.995215],[52.511426,24.1125],[52.648242,24.154639],[53.026367,24.147314],[53.32959,24.098438],[53.801758,24.069482],[53.893359,24.077051],[54.147949,24.171191],[54.304297,24.254297],[54.39707,24.278174],[54.458398,24.358252],[54.498828,24.462695],[54.534668,24.530957],[54.580469,24.563525],[54.624121,24.621289],[54.658984,24.715527],[54.746777,24.810449],[55.098145,25.041602],[55.303516,25.236816],[55.32168,25.299805],[55.433398,25.394482],[55.522852,25.498145],[55.941211,25.793994],[56.025195,25.916016],[56.074609,26.052783],[56.080469,26.062646],[56.116504,26.068164],[56.16748,26.047461],[56.172559,25.945166],[56.154102,25.848486],[56.151953,25.746094],[56.144629,25.690527],[56.183594,25.644922],[56.249512,25.625391],[56.278516,25.627734],[56.297852,25.650684]],[[56.281836,25.235547],[56.287793,25.278613],[56.277344,25.300879],[56.234277,25.303809],[56.216504,25.266699],[56.210547,25.213281],[56.240234,25.208838],[56.281836,25.235547]]]]}},{"type":"Feature","properties":{"iso":"TKM","name":"Turkmenistan"},"geometry":{"type":"MultiPolygon","coordinates":[[[[55.977441,41.322217],[56.241992,41.31084],[56.479883,41.300635],[56.773633,41.287988],[56.86084,41.276123],[56.96582,41.265137],[57.017969,41.263477],[57.064258,41.307275],[57.094824,41.331299],[57.118848,41.350293],[57.113867,41.371777],[57.07666,41.38999],[57.018164,41.450586],[56.984863,41.669336],[56.964063,41.856543],[57.033691,41.914844],[57.113574,41.957129],[57.228809,42.084473],[57.290625,42.123779],[57.381738,42.156299],[57.686133,42.164795],[57.814258,42.189844],[57.855957,42.231055],[57.923438,42.335205],[57.945703,42.42002],[57.983496,42.458789],[58.028906,42.487646],[58.075488,42.486523],[58.165625,42.461572],[58.234082,42.447705],[58.28291,42.428857],[58.327246,42.398926],[58.370508,42.346777],[58.377148,42.312451],[58.39707,42.29248],[58.431445,42.29209],[58.457031,42.291797],[58.474414,42.299365],[58.48584,42.316846],[58.476953,42.340137],[58.418164,42.406689],[58.288672,42.527295],[58.204102,42.576367],[58.162012,42.602979],[58.151563,42.628076],[58.206445,42.666309],[58.259668,42.688086],[58.353125,42.671729],[58.477148,42.662842],[58.532324,42.681934],[58.589063,42.778467],[58.72998,42.676172],[58.876953,42.561475],[58.930859,42.540283],[59.03584,42.528125],[59.123145,42.523779],[59.15957,42.511426],[59.199121,42.481689],[59.276563,42.356152],[59.354297,42.323291],[59.451074,42.299512],[59.762598,42.301562],[59.858301,42.295166],[59.936523,42.236035],[59.985156,42.211719],[60.006055,42.19082],[60.000781,42.164746],[59.981641,42.131738],[59.979199,42.068066],[59.974121,42.018799],[59.949316,41.99541],[59.941797,41.973535],[59.962598,41.954395],[60.106934,41.907422],[60.155566,41.857031],[60.19209,41.834424],[60.200781,41.803125],[60.176367,41.782275],[60.108594,41.792676],[60.075586,41.759668],[60.075586,41.700537],[60.124023,41.644971],[60.137988,41.594141],[60.106055,41.545215],[60.06875,41.476221],[60.067383,41.427344],[60.089648,41.399414],[60.2,41.348975],[60.45498,41.221631],[60.513574,41.216162],[60.754883,41.245752],[60.867188,41.248682],[60.933203,41.229004],[61.119922,41.210889],[61.179297,41.190576],[61.242383,41.189209],[61.328906,41.195117],[61.3875,41.252148],[61.417383,41.265137],[61.443652,41.274609],[61.496973,41.276074],[61.644531,41.239844],[61.799902,41.163428],[61.902832,41.093701],[61.953516,41.030615],[62.017578,40.893799],[62.09502,40.683301],[62.188477,40.541211],[62.298047,40.46748],[62.375,40.33208],[62.441602,40.03623],[62.483203,39.975635],[62.525488,39.944092],[62.650684,39.858496],[62.906836,39.716797],[63.058105,39.633154],[63.291895,39.499512],[63.506055,39.3771],[63.720801,39.188135],[63.763672,39.160547],[63.952539,39.05835],[64.162793,38.953613],[64.309961,38.977295],[64.531641,38.816211],[64.621875,38.756445],[64.659961,38.736035],[64.820703,38.672461],[65.07666,38.539453],[65.399609,38.348828],[65.612891,38.238574],[65.670898,38.225732],[65.728516,38.226367],[65.790234,38.250049],[65.857129,38.26875],[65.971191,38.244238],[66.094824,38.200146],[66.173145,38.166699],[66.263672,38.118066],[66.335352,38.072168],[66.389746,38.050928],[66.574512,38.010791],[66.60625,37.986719],[66.626367,37.959863],[66.629297,37.932031],[66.525586,37.785742],[66.511328,37.59917],[66.510645,37.458691],[66.522266,37.348486],[66.471875,37.344727],[66.350293,37.368164],[66.108398,37.414746],[65.900684,37.508105],[65.765039,37.569141],[65.743848,37.56084],[65.683008,37.519141],[65.641211,37.467822],[65.608008,37.368408],[65.55498,37.251172],[65.303613,37.246777],[65.089648,37.237939],[64.951563,37.193555],[64.816309,37.13208],[64.782422,37.059277],[64.753125,36.964795],[64.674316,36.750195],[64.602539,36.554541],[64.56582,36.427588],[64.511035,36.340674],[64.358008,36.226074],[64.184375,36.148926],[64.092188,36.112695],[64.051367,36.067627],[64.042383,36.025098],[64.009668,36.012109],[63.938086,36.019727],[63.8625,36.012354],[63.696582,35.967822],[63.516992,35.913135],[63.30166,35.858398],[63.178906,35.858447],[63.12998,35.846191],[63.108594,35.818701],[63.12998,35.766748],[63.150781,35.728271],[63.169727,35.678125],[63.119336,35.637549],[63.08418,35.568066],[63.056641,35.445801],[62.980273,35.40918],[62.858008,35.349658],[62.722656,35.271338],[62.688086,35.255322],[62.610547,35.233154],[62.533105,35.239893],[62.462891,35.251367],[62.386621,35.23125],[62.307813,35.170801],[62.271191,35.189111],[62.252832,35.250244],[62.213086,35.289941],[62.089648,35.379687],[61.983887,35.443701],[61.938086,35.4479],[61.841016,35.431494],[61.719727,35.419434],[61.620996,35.432324],[61.542773,35.457861],[61.421777,35.545801],[61.377734,35.593115],[61.344727,35.629492],[61.262012,35.61958],[61.238867,35.659277],[61.235547,35.705566],[61.258691,35.761816],[61.252148,35.867627],[61.205859,35.943701],[61.15293,35.976758],[61.159473,35.999902],[61.182617,36.052832],[61.212402,36.099121],[61.212012,36.190527],[61.175098,36.289697],[61.160352,36.432715],[61.169922,36.572266],[61.119629,36.642578],[60.70791,36.642969],[60.341309,36.637646],[60.320703,36.653564],[60.17832,36.829443],[60.062793,36.962891],[59.948633,37.041602],[59.687207,37.138477],[59.562207,37.178906],[59.45498,37.252832],[59.367383,37.33374],[59.344727,37.444727],[59.326953,37.481152],[59.301758,37.510645],[59.274121,37.52373],[59.24082,37.520752],[58.937207,37.649658],[58.81543,37.683496],[58.700781,37.65625],[58.650195,37.651562],[58.550488,37.688184],[58.435742,37.638525],[58.386719,37.635352],[58.318164,37.647217],[58.261621,37.66582],[58.108789,37.783057],[57.980566,37.830469],[57.888184,37.86084],[57.710547,37.905273],[57.520996,37.928467],[57.423828,37.947705],[57.353711,37.97334],[57.335742,37.989941],[57.336719,38.03291],[57.331445,38.089307],[57.308105,38.130371],[57.260156,38.17959],[57.193555,38.216406],[57.079004,38.209961],[56.906641,38.213037],[56.774609,38.250049],[56.669922,38.256641],[56.544043,38.249609],[56.440625,38.249414],[56.366895,38.22251],[56.324121,38.191113],[56.296973,38.094824],[56.27207,38.08042],[56.228809,38.073389],[56.171191,38.078369],[56.050293,38.077539],[55.841309,38.094629],[55.578418,38.099756],[55.380859,38.051123],[55.224707,37.981348],[55.075586,37.90249],[54.900098,37.77793],[54.848633,37.722656],[54.745215,37.501904],[54.699414,37.470166],[54.639648,37.444727],[54.578906,37.440234],[54.458691,37.407568],[54.299805,37.353613],[54.191602,37.332471],[53.91416,37.343555],[53.897852,37.413574],[53.847852,37.66958],[53.823535,37.92793],[53.825195,38.046924],[53.854102,38.285645],[53.851855,38.405908],[53.840039,38.514941],[53.851562,38.621777],[53.87373,38.741943],[53.885352,38.864062],[53.868652,38.949268],[53.814941,39.018018],[53.724121,39.103076],[53.709766,39.153418],[53.70459,39.20957],[53.617578,39.215967],[53.539453,39.274072],[53.475,39.305713],[53.336328,39.34082],[53.266797,39.342627],[53.20332,39.316797],[53.156641,39.26499],[53.124023,39.34668],[53.124805,39.43208],[53.235645,39.608545],[53.30498,39.55708],[53.389648,39.536426],[53.497363,39.533301],[53.603125,39.546973],[53.582422,39.607422],[53.533301,39.641748],[53.472266,39.668799],[53.450488,39.748535],[53.458301,39.831201],[53.487305,39.909375],[53.454297,39.940869],[53.404199,39.960352],[53.288574,39.958008],[53.138574,39.978662],[52.9875,39.987598],[52.952148,39.895459],[53.035547,39.774414],[52.964844,39.833887],[52.898242,39.9125],[52.804688,40.054004],[52.744434,40.219775],[52.733691,40.39873],[52.784766,40.546729],[52.849902,40.685645],[52.889258,40.863477],[52.943457,41.038086],[52.997656,40.959863],[53.05957,40.889746],[53.145215,40.824951],[53.191992,40.809473],[53.33291,40.782715],[53.423633,40.792773],[53.520313,40.831055],[53.615234,40.818506],[53.69375,40.746436],[53.76377,40.665674],[53.87002,40.648682],[54.088867,40.70708],[54.192969,40.72041],[54.283301,40.693701],[54.329883,40.68877],[54.377344,40.693262],[54.33623,40.764941],[54.319434,40.83457],[54.374414,40.871387],[54.54707,40.832275],[54.657031,40.85835],[54.685059,40.873047],[54.710059,40.891113],[54.723242,40.95127],[54.717969,41.012988],[54.703711,41.071143],[54.671484,41.122168],[54.592188,41.193555],[54.28457,41.363721],[54.181055,41.431592],[54.094824,41.519385],[54.039844,41.643359],[53.995215,41.772559],[53.953809,41.868457],[53.846484,42.091162],[53.804688,42.117627],[53.752344,42.129395],[53.624902,42.136377],[53.495898,42.120166],[53.284961,42.081836],[53.16416,42.093799],[53.108301,42.070068],[52.97002,41.976221],[52.905273,41.895752],[52.814844,41.711816],[52.883496,41.652539],[52.882227,41.613672],[52.830176,41.341895],[52.861816,41.210059],[52.850391,41.200293],[52.825586,41.230859],[52.747266,41.36543],[52.609375,41.529443],[52.493848,41.780371],[52.696875,41.944385],[52.870508,42.060596],[53.0125,42.130713],[53.055859,42.147754],[53.250098,42.205859],[53.500781,42.258252],[53.685352,42.296875],[53.926367,42.329785],[54.005176,42.335889],[54.120996,42.335205],[54.214941,42.304199],[54.271875,42.27998],[54.472852,42.180176],[54.67793,42.078223],[54.853809,41.965186],[54.903711,41.919092],[54.931641,41.864014],[54.952344,41.81001],[55.101855,41.638721],[55.162305,41.560254],[55.249609,41.458105],[55.319727,41.408398],[55.388379,41.346924],[55.434375,41.296289],[55.487012,41.272266],[55.545215,41.262744],[55.678613,41.278809],[55.839063,41.310791],[55.934961,41.324121],[55.977441,41.322217]]]]}},{"type":"Feature","properties":{"iso":"TJK","name":"Tajikistan"},"geometry":{"type":"MultiPolygon","coordinates":[[[[67.758984,37.172217],[67.798047,37.244971],[67.814355,37.487012],[67.863574,37.570703],[68.010938,37.720947],[68.087598,37.835449],[68.174023,37.928418],[68.236523,37.959668],[68.294043,38.03291],[68.341211,38.116797],[68.354492,38.169531],[68.350293,38.211035],[68.333105,38.237793],[68.251367,38.294531],[68.144141,38.383105],[68.087207,38.473535],[68.055957,38.588916],[68.047852,38.669287],[68.148535,38.890625],[68.13252,38.927637],[68.103516,38.962012],[68.044336,38.983594],[67.95957,38.99292],[67.875684,38.983008],[67.768555,38.982227],[67.694434,38.994629],[67.676563,39.008496],[67.667285,39.10918],[67.64834,39.131055],[67.616504,39.150293],[67.400391,39.19668],[67.357617,39.216699],[67.349609,39.24209],[67.426172,39.465576],[67.45957,39.482422],[67.491699,39.51875],[67.54248,39.557617],[67.719043,39.621387],[67.908594,39.593799],[68.077148,39.56416],[68.244922,39.548291],[68.303027,39.537695],[68.399023,39.528857],[68.463281,39.536719],[68.506934,39.562793],[68.586133,39.634961],[68.610352,39.743262],[68.638965,39.838867],[68.686914,39.846289],[68.735254,39.83623],[68.758203,39.855566],[68.767969,39.881836],[68.777832,39.904199],[68.797656,39.909131],[68.832422,39.884326],[68.852246,39.890967],[68.86875,39.907471],[68.863867,39.927344],[68.824414,39.960791],[68.789453,40.01333],[68.792773,40.031494],[68.804688,40.050342],[68.908496,40.068213],[68.955664,40.071338],[68.97207,40.089941],[68.966016,40.11958],[68.926855,40.136328],[68.78457,40.1271],[68.639746,40.129199],[68.622461,40.147266],[68.630664,40.16709],[68.652539,40.182666],[68.951758,40.222607],[69.110352,40.20874],[69.22832,40.187598],[69.274902,40.198096],[69.219531,40.288135],[69.294434,40.296582],[69.304199,40.327393],[69.20625,40.566553],[69.259961,40.587646],[69.313965,40.634766],[69.309375,40.723926],[69.357227,40.767383],[69.413867,40.797168],[69.498242,40.76709],[69.628418,40.679053],[69.670801,40.661963],[69.712891,40.656982],[69.773242,40.684277],[70.005664,40.771436],[70.136328,40.82041],[70.29209,40.891699],[70.318945,40.919238],[70.372656,41.027637],[70.401953,41.035107],[70.441504,41.023438],[70.578223,40.911475],[70.657324,40.839648],[70.657324,40.815088],[70.634766,40.796582],[70.63916,40.778564],[70.750977,40.7396],[70.751074,40.721777],[70.725586,40.687793],[70.712012,40.669092],[70.69834,40.661182],[70.548828,40.562793],[70.382617,40.453516],[70.377148,40.439258],[70.369727,40.412012],[70.371582,40.384131],[70.398242,40.361377],[70.469922,40.345361],[70.533594,40.324512],[70.56582,40.267139],[70.602734,40.21416],[70.653125,40.201172],[70.899414,40.23457],[70.958008,40.238867],[70.960938,40.220654],[70.946387,40.187598],[70.738574,40.131152],[70.644336,40.083447],[70.624121,39.998975],[70.599219,39.974512],[70.556836,39.954492],[70.515137,39.949902],[70.451367,40.049219],[70.378906,40.069873],[70.274414,40.104834],[70.071484,40.172754],[69.966797,40.202246],[69.765234,40.158008],[69.530273,40.097314],[69.493652,40.060352],[69.46875,40.020752],[69.470996,39.990625],[69.487891,39.950439],[69.47627,39.919727],[69.431934,39.909766],[69.36543,39.94707],[69.307227,39.968555],[69.278809,39.917773],[69.244727,39.8271],[69.229102,39.761084],[69.280273,39.665869],[69.297656,39.524805],[69.391504,39.532471],[69.463281,39.53208],[69.598828,39.573779],[69.666992,39.574902],[69.77207,39.556738],[69.955957,39.553076],[70.10166,39.560596],[70.136816,39.557568],[70.171094,39.58418],[70.209277,39.575],[70.244824,39.542627],[70.39209,39.581885],[70.501172,39.587354],[70.567969,39.575879],[70.607813,39.564404],[70.678613,39.471289],[70.733105,39.413281],[70.799316,39.394727],[71.004883,39.411865],[71.065039,39.493408],[71.118066,39.513574],[71.202734,39.519824],[71.272852,39.535303],[71.328516,39.568701],[71.404297,39.597852],[71.470313,39.603662],[71.503027,39.582178],[71.517383,39.553857],[71.505859,39.51709],[71.50332,39.478809],[71.546289,39.453076],[71.672656,39.44707],[71.732227,39.422998],[71.735352,39.377734],[71.725684,39.306592],[71.778613,39.277979],[71.805957,39.275586],[71.991016,39.350928],[72.042773,39.352148],[72.08418,39.310645],[72.147363,39.260742],[72.22998,39.20752],[72.249805,39.215674],[72.287207,39.27373],[72.357715,39.336865],[72.490234,39.357373],[72.563379,39.377197],[72.639941,39.385986],[72.872461,39.3604],[72.949414,39.35708],[73.109277,39.361914],[73.234961,39.374561],[73.336133,39.412354],[73.387402,39.442725],[73.47041,39.460596],[73.575586,39.457617],[73.631641,39.448877],[73.636328,39.39668],[73.623145,39.297852],[73.607324,39.229199],[73.69043,39.104541],[73.74375,39.044531],[73.795605,39.002148],[73.805273,38.968652],[73.794531,38.941309],[73.72998,38.914697],[73.706836,38.88623],[73.696094,38.854297],[73.716797,38.817236],[73.754102,38.698926],[73.80166,38.606885],[73.869141,38.562891],[73.97002,38.533691],[74.025586,38.539844],[74.065332,38.608496],[74.131348,38.661182],[74.187305,38.65752],[74.277441,38.659766],[74.514063,38.6],[74.74502,38.51001],[74.812305,38.460303],[74.835938,38.404297],[74.77207,38.274756],[74.775098,38.191895],[74.789648,38.103613],[74.84248,38.038086],[74.89082,37.925781],[74.900293,37.832715],[74.921289,37.80498],[74.938281,37.77251],[74.912305,37.687305],[74.894238,37.601416],[74.91582,37.572803],[74.986426,37.530371],[75.097461,37.45127],[75.11875,37.385693],[75.079004,37.344043],[75.008398,37.293555],[74.918164,37.25],[74.891309,37.231641],[74.875391,37.241992],[74.830469,37.285937],[74.730566,37.357031],[74.659375,37.394482],[74.524219,37.382373],[74.444922,37.395605],[74.349023,37.41875],[74.259668,37.41543],[74.203516,37.372461],[74.16709,37.329443],[74.077734,37.316211],[73.948828,37.283154],[73.749609,37.231787],[73.653516,37.239355],[73.627539,37.261572],[73.648828,37.291211],[73.717285,37.329443],[73.733789,37.375781],[73.720605,37.41875],[73.657129,37.430469],[73.632617,37.437207],[73.604688,37.446045],[73.481348,37.47168],[73.38291,37.462256],[73.211133,37.408496],[72.895508,37.267529],[72.757031,37.172705],[72.657422,37.029053],[72.358789,36.98291],[72.153516,36.900537],[71.941992,36.766455],[71.802051,36.694287],[71.733789,36.684033],[71.665625,36.696924],[71.597461,36.73291],[71.530859,36.845117],[71.471875,37.015088],[71.43291,37.127539],[71.454785,37.271826],[71.479688,37.436035],[71.505078,37.60293],[71.546191,37.795654],[71.580371,37.864258],[71.582227,37.910107],[71.551953,37.933154],[71.487793,37.931885],[71.389648,37.906299],[71.319922,37.901855],[71.278516,37.918408],[71.282813,38.00791],[71.332715,38.170264],[71.255859,38.306982],[71.052148,38.417871],[70.878906,38.456396],[70.735938,38.422559],[70.61582,38.334424],[70.518555,38.191992],[70.417773,38.075439],[70.313281,37.984814],[70.23877,37.941211],[70.214648,37.924414],[70.199414,37.886035],[70.25498,37.765381],[70.251465,37.66416],[70.188672,37.582471],[70.119824,37.543506],[70.044727,37.547217],[69.984961,37.566162],[69.940625,37.600293],[69.820898,37.60957],[69.625781,37.594043],[69.49209,37.553076],[69.420117,37.486719],[69.399219,37.399316],[69.429688,37.290869],[69.414453,37.207764],[69.353809,37.150049],[69.303906,37.116943],[69.264844,37.108398],[69.180176,37.158301],[69.05,37.266504],[68.960449,37.325049],[68.911816,37.333936],[68.885254,37.328076],[68.855371,37.316846],[68.838477,37.302832],[68.82373,37.270703],[68.782031,37.258008],[68.723242,37.268018],[68.669141,37.258398],[68.637012,37.224463],[68.546484,37.183447],[68.386914,37.1375],[68.299512,37.088428],[68.284766,37.036328],[68.260938,37.013086],[68.212109,37.021533],[68.067773,36.949805],[67.958008,36.972021],[67.834473,37.064209],[67.766016,37.140137],[67.758984,37.172217]]],[[[70.652539,40.936621],[70.622754,40.934424],[70.56875,40.981836],[70.55,41.014893],[70.57207,41.024805],[70.618359,41.00166],[70.649219,40.96084],[70.652539,40.936621]]],[[[70.70166,39.825293],[70.612109,39.786768],[70.55957,39.790918],[70.518652,39.828174],[70.489258,39.863037],[70.482813,39.882715],[70.497754,39.882422],[70.56709,39.866602],[70.66416,39.855469],[70.698242,39.84585],[70.70166,39.825293]]]]}},{"type":"Feature","properties":{"iso":"SAU","name":"Saudi Arabia"},"geometry":{"type":"MultiPolygon","coordinates":[[[[51.977637,18.996143],[51.742969,18.964551],[51.514941,18.933887],[51.258398,18.899365],[50.95,18.857861],[50.708203,18.825293],[50.355273,18.777783],[50.038965,18.735254],[49.74209,18.695312],[49.445117,18.655322],[49.192383,18.621338],[49.041992,18.581787],[48.864844,18.495215],[48.592969,18.362402],[48.31582,18.227051],[48.172168,18.156934],[48.02168,17.976953],[47.945508,17.88584],[47.807813,17.721094],[47.703711,17.596826],[47.57959,17.44834],[47.525391,17.316113],[47.441797,17.111865],[47.369629,17.0604],[47.25127,16.993945],[47.143555,16.94668],[46.975684,16.953467],[46.87998,17.079004],[46.778516,17.212109],[46.727637,17.265576],[46.682031,17.268555],[46.513477,17.25166],[46.310352,17.231299],[46.070801,17.253174],[45.794434,17.278418],[45.535352,17.302051],[45.406543,17.319775],[45.236621,17.406201],[45.192773,17.423389],[45.148047,17.427441],[44.946484,17.42959],[44.746777,17.431689],[44.546484,17.404346],[44.354688,17.414355],[44.155957,17.398535],[44.085938,17.365527],[44.008203,17.36748],[43.959668,17.33833],[43.916992,17.324707],[43.866406,17.349609],[43.804297,17.344141],[43.712988,17.365527],[43.653418,17.421875],[43.597266,17.471436],[43.539258,17.49873],[43.474219,17.515918],[43.417969,17.51626],[43.346094,17.486035],[43.302148,17.456787],[43.190918,17.359375],[43.186328,17.324707],[43.236914,17.266455],[43.221387,17.239258],[43.155957,17.205029],[43.135938,17.112988],[43.126172,17.062451],[43.116504,16.941992],[43.145605,16.846777],[43.184473,16.811816],[43.186328,16.770996],[43.165039,16.689404],[43.104785,16.66416],[43.060742,16.586621],[43.033594,16.550391],[42.986328,16.509082],[42.799316,16.371777],[42.789844,16.451562],[42.730664,16.569824],[42.726367,16.65332],[42.698828,16.736963],[42.647461,16.801367],[42.55293,16.868457],[42.544141,16.959668],[42.475,17.049854],[42.383301,17.122461],[42.332422,17.256641],[42.293945,17.434961],[42.052246,17.669336],[41.75,17.885742],[41.658008,18.007666],[41.507617,18.256104],[41.431738,18.452441],[41.229492,18.678418],[41.220801,18.765234],[41.19082,18.871191],[41.144141,18.989063],[41.116016,19.082178],[40.913281,19.490137],[40.847852,19.555273],[40.791602,19.646387],[40.777051,19.716895],[40.75918,19.755469],[40.615918,19.822363],[40.482227,19.993457],[40.080664,20.265918],[39.884082,20.292969],[39.72832,20.390332],[39.613672,20.517676],[39.491211,20.737012],[39.276074,20.973975],[39.093555,21.310352],[39.150684,21.432764],[39.14707,21.518994],[39.091016,21.663965],[39.029785,21.775977],[38.987891,21.881738],[39.021191,22.033447],[39.033984,22.203369],[39.069922,22.293652],[39.095898,22.392773],[39.062012,22.592187],[39.001367,22.698975],[39.007422,22.770068],[38.93877,22.804785],[38.88291,22.882031],[38.941113,22.881836],[38.835547,22.989063],[38.796875,23.048584],[38.757031,23.194287],[38.706055,23.305518],[38.542285,23.55791],[38.46416,23.711865],[38.288867,23.910986],[38.098633,24.058008],[37.977832,24.124561],[37.919727,24.1854],[37.820996,24.1875],[37.713379,24.274414],[37.638184,24.277734],[37.543066,24.29165],[37.430957,24.459033],[37.338477,24.61582],[37.180859,24.82002],[37.22041,24.87334],[37.266309,24.960059],[37.243457,25.073437],[37.218359,25.150684],[37.148828,25.291113],[36.920703,25.641162],[36.860156,25.69248],[36.762695,25.751318],[36.702539,25.902881],[36.675195,26.038867],[36.51875,26.104883],[36.249609,26.594775],[36.09375,26.76582],[36.032031,26.881006],[35.85166,27.070459],[35.762988,27.258789],[35.581348,27.432471],[35.423828,27.733789],[35.180469,28.034863],[35.07832,28.087012],[34.827539,28.108594],[34.72207,28.130664],[34.625,28.064502],[34.616211,28.14834],[34.683301,28.264111],[34.779883,28.507324],[34.799121,28.720508],[34.950781,29.353516],[35.16377,29.320947],[35.33916,29.294092],[35.595313,29.254883],[35.860352,29.214258],[36.01543,29.190479],[36.068457,29.200537],[36.282813,29.355371],[36.476074,29.495117],[36.591797,29.666113],[36.703906,29.831641],[36.755273,29.866016],[36.927051,29.89707],[37.199414,29.946289],[37.469238,29.995068],[37.490723,30.011719],[37.553613,30.14458],[37.633594,30.313281],[37.649902,30.330957],[37.669727,30.348145],[37.862891,30.442627],[37.980078,30.5],[37.812988,30.669287],[37.655469,30.828955],[37.479004,31.007764],[37.329492,31.146826],[37.105273,31.355176],[36.958594,31.491504],[37.215625,31.556104],[37.493359,31.625879],[37.773828,31.696338],[38.111426,31.781152],[38.375488,31.847461],[38.769629,31.946484],[38.962305,31.994922],[38.99707,32.007471],[39.14541,32.124512],[39.368652,32.091748],[39.704102,32.042529],[40.027832,31.99502],[40.369336,31.938965],[40.478906,31.893359],[40.808398,31.725439],[41.022461,31.616357],[41.272461,31.489014],[41.585059,31.329736],[41.799707,31.220361],[42.074414,31.080371],[42.288574,30.92041],[42.559766,30.717773],[42.857715,30.495215],[43.103125,30.322217],[43.44082,30.083984],[43.77373,29.849219],[44.099609,29.619336],[44.360742,29.435254],[44.69082,29.202344],[44.716504,29.193604],[45.050293,29.16709],[45.498926,29.131543],[45.949707,29.09585],[46.356445,29.063672],[46.531445,29.09624],[46.724805,29.074609],[46.982227,29.045654],[47.13877,29.026172],[47.433203,28.989551],[47.521289,28.837842],[47.553223,28.731543],[47.583105,28.627979],[47.671289,28.533154],[47.871973,28.535449],[48.049609,28.5375],[48.26875,28.540527],[48.44248,28.54292],[48.498535,28.448877],[48.523047,28.355029],[48.626367,28.132568],[48.77373,27.959082],[48.808984,27.895898],[48.832813,27.800684],[48.807227,27.765283],[48.797168,27.724316],[48.906445,27.629053],[49.086914,27.548584],[49.15752,27.528223],[49.2375,27.492725],[49.175098,27.437646],[49.281543,27.310498],[49.405273,27.180957],[49.537695,27.151758],[49.716504,26.955859],[49.986133,26.828906],[50.149805,26.662646],[50.134668,26.659521],[50.086621,26.676416],[50.026367,26.699219],[50.008105,26.678516],[50.011328,26.608789],[50.027344,26.526855],[50.110742,26.455957],[50.184961,26.404932],[50.213867,26.308496],[50.155469,26.100537],[50.135254,26.100684],[50.095996,26.118701],[50.053906,26.122852],[50.031641,26.110986],[50.081055,25.961377],[50.130273,25.846631],[50.189648,25.755811],[50.238965,25.622852],[50.28125,25.566113],[50.455176,25.424805],[50.508496,25.306689],[50.55791,25.08667],[50.666895,24.963818],[50.725586,24.869385],[50.804395,24.789258],[50.855664,24.679639],[50.92832,24.595117],[50.966016,24.573926],[51.022754,24.565234],[51.093359,24.564648],[51.178027,24.586719],[51.267969,24.607227],[51.338477,24.564355],[51.41123,24.570801],[51.418359,24.530957],[51.369922,24.476904],[51.309863,24.340381],[51.395215,24.318848],[51.476758,24.308203],[51.534766,24.286328],[51.568359,24.286182],[51.568359,24.25791],[51.572168,24.12832],[51.592578,24.078857],[51.629297,24.03501],[51.684375,23.969531],[51.739355,23.904004],[51.794336,23.838477],[51.849414,23.772998],[51.904395,23.70752],[51.959473,23.641992],[52.014453,23.576465],[52.069434,23.510986],[52.124512,23.445459],[52.179492,23.37998],[52.23457,23.314453],[52.289551,23.248975],[52.344531,23.183496],[52.399609,23.117969],[52.45459,23.052441],[52.50957,22.986963],[52.555078,22.932812],[52.63916,22.92251],[52.665918,22.919287],[52.741602,22.91001],[52.859277,22.895605],[53.011914,22.877002],[53.192383,22.854932],[53.394043,22.830322],[53.60957,22.804004],[53.832129,22.776807],[54.05459,22.749658],[54.270117,22.72334],[54.47168,22.69873],[54.652246,22.67666],[54.804883,22.658008],[54.922461,22.643652],[54.998242,22.634375],[55.025,22.631152],[55.104297,22.621484],[55.119434,22.623926],[55.18584,22.704102],[55.259277,22.590918],[55.320117,22.496924],[55.403809,22.367822],[55.492773,22.230664],[55.577734,22.099512],[55.641016,22.001855],[55.607422,21.900391],[55.570801,21.789697],[55.53418,21.679004],[55.497559,21.568311],[55.460938,21.457617],[55.424316,21.346924],[55.387695,21.23623],[55.351074,21.125537],[55.314453,21.014795],[55.27793,20.904102],[55.241211,20.793408],[55.20459,20.682715],[55.168066,20.572021],[55.131445,20.461328],[55.094727,20.350635],[55.058203,20.239941],[55.021484,20.129248],[54.977344,19.995947],[54.871094,19.960498],[54.699023,19.903125],[54.527051,19.845801],[54.35498,19.788477],[54.183008,19.731152],[54.010938,19.673828],[53.838867,19.616504],[53.666895,19.559131],[53.494824,19.501807],[53.322852,19.444482],[53.150781,19.387158],[52.978711,19.329785],[52.806738,19.272461],[52.634668,19.215137],[52.462695,19.157812],[52.290625,19.100488],[52.118555,19.043164],[51.977637,18.996143]]]]}},{"type":"Feature","properties":{"iso":"PAK","name":"Pakistan"},"geometry":{"type":"Polygon","coordinates":[[[76.766895,35.661719],[76.812793,35.571826],[76.882227,35.435742],[76.927734,35.346631],[76.978906,35.246436],[77.004492,35.196338],[77.048633,35.109912],[77.030664,35.062354],[77.000879,34.991992],[76.891699,34.938721],[76.78291,34.900195],[76.75752,34.877832],[76.749023,34.847559],[76.696289,34.786914],[76.594434,34.73584],[76.509961,34.740869],[76.456738,34.756104],[76.172461,34.667725],[76.041016,34.669922],[75.938281,34.612549],[75.862109,34.560254],[75.70918,34.503076],[75.605566,34.502734],[75.452539,34.536719],[75.264063,34.601367],[75.1875,34.639014],[75.118457,34.636816],[74.951855,34.64585],[74.78877,34.677734],[74.594141,34.715771],[74.497949,34.732031],[74.300391,34.765381],[74.171973,34.720898],[74.055859,34.680664],[73.96123,34.653467],[73.883105,34.529053],[73.850098,34.485303],[73.812109,34.422363],[73.794531,34.378223],[73.809961,34.325342],[73.924609,34.287842],[73.972363,34.236621],[73.979492,34.191309],[73.938281,34.144775],[73.903906,34.108008],[73.904102,34.075684],[73.922363,34.043066],[73.949902,34.018799],[74.112598,34.003711],[74.208984,34.003418],[74.246484,33.990186],[74.250879,33.946094],[74.215625,33.886572],[74.078418,33.838672],[74.000977,33.788184],[73.976465,33.721289],[73.977539,33.667822],[74.004004,33.632422],[74.069727,33.591699],[74.13125,33.545068],[74.15,33.506982],[74.142578,33.455371],[74.117773,33.384131],[74.050391,33.30127],[73.994238,33.242188],[73.989844,33.221191],[74.003809,33.189453],[74.049121,33.143408],[74.12627,33.075439],[74.22207,33.020312],[74.283594,33.005127],[74.303613,32.991797],[74.322754,32.927979],[74.32998,32.86084],[74.305469,32.810449],[74.35459,32.768701],[74.483398,32.770996],[74.588281,32.753223],[74.632422,32.770898],[74.663281,32.757666],[74.643359,32.607715],[74.657813,32.518945],[74.685742,32.493799],[74.788867,32.457812],[74.987305,32.462207],[75.104102,32.420361],[75.233691,32.372119],[75.302637,32.318896],[75.333496,32.279199],[75.324707,32.215283],[75.254102,32.140332],[75.13877,32.104785],[75.071484,32.089355],[74.739453,31.948828],[74.635742,31.889746],[74.555566,31.818555],[74.525977,31.765137],[74.509961,31.712939],[74.581836,31.523926],[74.593945,31.465381],[74.534961,31.261377],[74.517676,31.185596],[74.539746,31.132666],[74.610352,31.112842],[74.625781,31.06875],[74.632812,31.034668],[74.509766,30.959668],[74.380371,30.893408],[74.339355,30.893555],[74.215625,30.768994],[74.008984,30.519678],[73.899316,30.435352],[73.891602,30.394043],[73.882715,30.352148],[73.924609,30.281641],[73.933398,30.22207],[73.886523,30.162012],[73.80918,30.093359],[73.658008,30.033203],[73.46748,29.97168],[73.381641,29.934375],[73.317285,29.772998],[73.257812,29.610693],[73.231152,29.550635],[73.12832,29.363916],[72.94873,29.088818],[72.90332,29.02876],[72.625586,28.896143],[72.341895,28.751904],[72.291992,28.697266],[72.233887,28.56582],[72.179199,28.421777],[72.128516,28.346338],[71.948047,28.177295],[71.888867,28.047461],[71.870313,27.9625],[71.716699,27.915088],[71.542969,27.869873],[71.290137,27.855273],[71.184766,27.831641],[70.874902,27.714453],[70.797949,27.709619],[70.737402,27.729004],[70.691602,27.768994],[70.649121,27.835352],[70.629102,27.937451],[70.569238,27.983789],[70.488574,28.023145],[70.403711,28.025049],[70.318457,27.981641],[70.244336,27.934131],[70.193945,27.894873],[70.144531,27.849023],[70.049805,27.694727],[69.896289,27.473633],[69.724805,27.312695],[69.661328,27.264502],[69.621582,27.228076],[69.567969,27.174609],[69.537012,27.122949],[69.494531,26.95415],[69.47002,26.804443],[69.48125,26.770996],[69.506934,26.742676],[69.600586,26.699121],[69.735938,26.627051],[69.911426,26.586133],[70.059375,26.57876],[70.114648,26.548047],[70.147656,26.506445],[70.156836,26.471436],[70.149219,26.347559],[70.132617,26.214795],[70.077734,26.071973],[70.078613,25.990039],[70.100195,25.910059],[70.264648,25.706543],[70.325195,25.685742],[70.448535,25.681348],[70.505859,25.685303],[70.569531,25.705957],[70.614844,25.691895],[70.648438,25.666943],[70.657227,25.625781],[70.652051,25.4229],[70.702539,25.331055],[70.800488,25.205859],[70.877734,25.062988],[70.950879,24.891602],[71.020703,24.757666],[71.047852,24.687744],[71.002344,24.653906],[70.976367,24.61875],[70.969824,24.571875],[70.979297,24.522461],[70.973242,24.487402],[71.00625,24.444336],[71.045313,24.42998],[71.044043,24.400098],[70.982813,24.361035],[70.928125,24.362354],[70.88623,24.34375],[70.805078,24.261963],[70.767285,24.24541],[70.716309,24.237988],[70.659473,24.246094],[70.579297,24.279053],[70.555859,24.331104],[70.565039,24.385791],[70.546777,24.418311],[70.489258,24.412158],[70.289062,24.356299],[70.098242,24.2875],[70.065137,24.240576],[70.021094,24.191553],[69.933789,24.171387],[69.805176,24.165234],[69.716211,24.172607],[69.63418,24.225195],[69.55918,24.273096],[69.443457,24.275391],[69.235059,24.268262],[69.119531,24.268652],[69.051563,24.286328],[68.98457,24.273096],[68.900781,24.292432],[68.863477,24.266504],[68.82832,24.264014],[68.8,24.309082],[68.781152,24.313721],[68.758984,24.307227],[68.739648,24.291992],[68.728125,24.265625],[68.724121,23.964697],[68.586621,23.966602],[68.488672,23.967236],[68.38125,23.950879],[68.28252,23.927979],[68.23418,23.900537],[68.165039,23.857324],[68.148828,23.797217],[68.115527,23.753369],[68.067773,23.818359],[68.037012,23.848242],[68.001465,23.826074],[67.950977,23.828613],[67.859961,23.902686],[67.819043,23.828076],[67.668457,23.810986],[67.649512,23.867285],[67.645801,23.919873],[67.563086,23.881836],[67.503613,23.940039],[67.476855,24.018262],[67.453906,24.039893],[67.427637,24.064844],[67.365234,24.091602],[67.309375,24.174805],[67.304297,24.262891],[67.288672,24.367773],[67.171484,24.756104],[67.100586,24.791943],[66.703027,24.860937],[66.682227,24.928857],[66.709863,25.111328],[66.698633,25.226318],[66.569922,25.378516],[66.533887,25.484375],[66.428613,25.575342],[66.324219,25.601807],[66.219043,25.589893],[66.162305,25.553906],[66.131152,25.493262],[66.356445,25.507373],[66.407129,25.485059],[66.467676,25.445312],[66.40293,25.446826],[66.32832,25.465771],[66.234668,25.464355],[65.883594,25.419629],[65.679688,25.355273],[65.40625,25.374316],[65.061328,25.311084],[64.77666,25.307324],[64.658984,25.184082],[64.594043,25.206299],[64.54375,25.23667],[64.152051,25.333447],[64.124902,25.373926],[64.059375,25.40293],[63.987305,25.351172],[63.935547,25.342529],[63.720898,25.385889],[63.556641,25.353174],[63.495703,25.29751],[63.491406,25.21084],[63.285742,25.227588],[63.17002,25.254883],[63.015039,25.224658],[62.664746,25.264795],[62.572461,25.254736],[62.444727,25.197266],[62.391211,25.152539],[62.315332,25.134912],[62.24873,25.197363],[62.198633,25.224854],[62.152148,25.206641],[62.089453,25.155322],[61.90791,25.131299],[61.743652,25.138184],[61.566895,25.186328],[61.587891,25.202344],[61.61543,25.286133],[61.640137,25.584619],[61.671387,25.692383],[61.661816,25.75127],[61.668652,25.768994],[61.737695,25.821094],[61.754395,25.843359],[61.780762,25.99585],[61.809961,26.165283],[61.842383,26.225928],[61.869824,26.242432],[62.089063,26.318262],[62.125977,26.368994],[62.239355,26.357031],[62.249609,26.369238],[62.259668,26.42749],[62.312305,26.490869],[62.385059,26.542627],[62.439258,26.561035],[62.636426,26.593652],[62.751563,26.63916],[62.786621,26.643896],[63.092969,26.632324],[63.157813,26.649756],[63.168066,26.665576],[63.186133,26.837598],[63.241602,26.864746],[63.250391,26.879248],[63.231445,26.998145],[63.24209,27.077686],[63.305176,27.124561],[63.301563,27.151465],[63.25625,27.20791],[63.196094,27.243945],[63.166797,27.25249],[62.91543,27.218408],[62.811621,27.229443],[62.762988,27.250195],[62.752734,27.265625],[62.7625,27.300195],[62.764258,27.356738],[62.800879,27.444531],[62.812012,27.497021],[62.782324,27.800537],[62.739746,28.002051],[62.7625,28.202051],[62.758008,28.243555],[62.749414,28.252881],[62.717578,28.252783],[62.564551,28.235156],[62.433887,28.363867],[62.353027,28.414746],[62.130566,28.478809],[62.033008,28.491016],[61.889844,28.546533],[61.758008,28.667676],[61.623047,28.791602],[61.56875,28.870898],[61.508594,29.006055],[61.337891,29.26499],[61.339453,29.331787],[61.318359,29.372607],[61.152148,29.542725],[61.03418,29.663428],[60.843359,29.858691],[61.224414,29.749414],[61.521484,29.665674],[62.000977,29.53042],[62.373438,29.425391],[62.476562,29.40835],[63.567578,29.497998],[63.970996,29.430078],[64.09873,29.391943],[64.117969,29.414258],[64.172168,29.460352],[64.266113,29.506934],[64.39375,29.544336],[64.521094,29.564502],[64.703516,29.567139],[64.827344,29.56416],[64.918945,29.552783],[65.095508,29.559473],[65.180469,29.577637],[65.470996,29.651562],[65.666211,29.701318],[65.961621,29.778906],[66.177051,29.835596],[66.23125,29.865723],[66.286914,29.92002],[66.313379,29.968555],[66.247168,30.043506],[66.238477,30.109619],[66.281836,30.193457],[66.305469,30.321143],[66.300977,30.502979],[66.286914,30.60791],[66.346875,30.802783],[66.397168,30.912207],[66.497363,30.964551],[66.566797,30.996582],[66.595801,31.019971],[66.624219,31.046045],[66.731348,31.194531],[66.829297,31.263672],[66.924316,31.305615],[67.027734,31.300244],[67.115918,31.24292],[67.287305,31.217822],[67.452832,31.234619],[67.596387,31.277686],[67.661523,31.312988],[67.737891,31.343945],[67.733496,31.379248],[67.64707,31.409961],[67.597559,31.45332],[67.578223,31.506494],[67.626758,31.53877],[67.739844,31.548193],[68.017188,31.677979],[68.130176,31.763281],[68.161035,31.802979],[68.213965,31.807373],[68.319824,31.767676],[68.443262,31.754492],[68.520703,31.794141],[68.597656,31.802979],[68.673242,31.759717],[68.713672,31.708057],[68.782324,31.646436],[68.868945,31.634229],[68.973438,31.667383],[69.083105,31.738477],[69.186914,31.838086],[69.279297,31.936816],[69.256543,32.249463],[69.241406,32.433545],[69.289941,32.530566],[69.359473,32.590332],[69.405371,32.682715],[69.40459,32.764258],[69.453125,32.832812],[69.501563,33.020068],[69.567773,33.06416],[69.703711,33.094727],[69.920117,33.1125],[70.090234,33.198096],[70.261133,33.289014],[70.28418,33.369043],[70.219727,33.454687],[70.13418,33.620752],[70.056641,33.719873],[69.868066,33.897656],[69.889648,34.007275],[69.994727,34.051807],[70.253613,33.975977],[70.325684,33.961133],[70.415723,33.950439],[70.654004,33.952295],[70.848438,33.981885],[71.051563,34.049707],[71.091309,34.120264],[71.089063,34.204053],[71.092383,34.273242],[71.095703,34.369434],[71.022949,34.431152],[70.978906,34.486279],[70.965625,34.530371],[71.016309,34.554639],[71.065625,34.599609],[71.113281,34.681592],[71.225781,34.779541],[71.294141,34.867725],[71.358105,34.909619],[71.455078,34.966943],[71.51709,35.051123],[71.545508,35.101416],[71.60166,35.150684],[71.620508,35.183008],[71.605273,35.211768],[71.577246,35.247998],[71.545508,35.288867],[71.545508,35.328516],[71.571973,35.37041],[71.600586,35.40791],[71.587402,35.46084],[71.571973,35.546826],[71.519043,35.59751],[71.483594,35.7146],[71.427539,35.83374],[71.397559,35.880176],[71.342871,35.938525],[71.220215,36.000684],[71.185059,36.04209],[71.23291,36.121777],[71.312598,36.171191],[71.463281,36.293262],[71.545898,36.377686],[71.620508,36.436475],[71.716406,36.426562],[71.772656,36.431836],[71.822266,36.486084],[71.920703,36.53418],[72.095605,36.63374],[72.156738,36.700879],[72.249805,36.734717],[72.326953,36.742383],[72.431152,36.76582],[72.531348,36.802002],[72.622852,36.82959],[72.766211,36.83501],[72.99375,36.851611],[73.116797,36.868555],[73.411133,36.881689],[73.731836,36.887793],[73.769141,36.888477],[73.907813,36.85293],[74.001855,36.823096],[74.038867,36.825732],[74.194727,36.896875],[74.431055,36.983691],[74.541406,37.022168],[74.600586,37.03667],[74.692188,37.035742],[74.766016,37.012744],[74.841211,36.979102],[74.889258,36.952441],[74.949121,36.968359],[75.053906,36.987158],[75.145215,36.973242],[75.34668,36.913477],[75.376855,36.883691],[75.424219,36.738232],[75.460254,36.725049],[75.57373,36.759326],[75.667188,36.741992],[75.772168,36.694922],[75.840234,36.649707],[75.884961,36.600732],[75.933008,36.521582],[75.951855,36.458105],[75.974414,36.382422],[75.968652,36.168848],[75.934082,36.133936],[75.904883,36.088477],[75.912305,36.048975],[75.945117,36.017578],[76.010449,35.996338],[76.070898,35.983008],[76.10332,35.949219],[76.147852,35.829004],[76.177832,35.810547],[76.25166,35.810937],[76.385742,35.837158],[76.502051,35.878223],[76.55127,35.887061],[76.563477,35.772998],[76.631836,35.729395],[76.727539,35.678662],[76.766895,35.661719]]]}},{"type":"Feature","properties":{"iso":"OMN","name":"Oman"},"geometry":{"type":"MultiPolygon","coordinates":[[[[58.72207,20.21875],[58.659082,20.203613],[58.640918,20.210693],[58.641211,20.337354],[58.787988,20.496582],[58.884375,20.680566],[58.950781,20.516162],[58.835156,20.423926],[58.772266,20.266846],[58.72207,20.21875]]],[[[53.085645,16.648389],[53.025,16.780225],[52.964355,16.912061],[52.903711,17.043848],[52.842969,17.175684],[52.800586,17.26792],[52.729199,17.300391],[52.685938,17.397949],[52.641699,17.497852],[52.597363,17.597754],[52.553125,17.697607],[52.508887,17.79751],[52.464551,17.897412],[52.420313,17.997314],[52.376074,18.097168],[52.331738,18.19707],[52.2875,18.296924],[52.243262,18.396826],[52.199023,18.49668],[52.154688,18.596582],[52.110449,18.696484],[52.066211,18.796387],[52.021875,18.896289],[51.977637,18.996143],[52.118555,19.043164],[52.290625,19.100488],[52.462695,19.157812],[52.634668,19.215137],[52.806738,19.272461],[52.978711,19.329785],[53.150781,19.387158],[53.322852,19.444482],[53.494824,19.501807],[53.666895,19.559131],[53.838867,19.616504],[54.010938,19.673828],[54.183008,19.731152],[54.35498,19.788477],[54.527051,19.845801],[54.699023,19.903125],[54.871094,19.960498],[54.977344,19.995947],[55.021484,20.129248],[55.058203,20.239941],[55.094727,20.350635],[55.131445,20.461328],[55.168066,20.572021],[55.20459,20.682715],[55.241211,20.793408],[55.27793,20.904102],[55.314453,21.014795],[55.351074,21.125537],[55.387695,21.23623],[55.424316,21.346924],[55.460938,21.457617],[55.497559,21.568311],[55.53418,21.679004],[55.570801,21.789697],[55.607422,21.900391],[55.641016,22.001855],[55.577734,22.099512],[55.492773,22.230664],[55.403809,22.367822],[55.320117,22.496924],[55.259277,22.590918],[55.18584,22.704102],[55.194043,22.85],[55.192188,22.922949],[55.199902,23.034766],[55.270215,23.189941],[55.353223,23.387451],[55.413867,23.51875],[55.466309,23.63291],[55.508496,23.724609],[55.531641,23.819043],[55.519336,23.885498],[55.491797,23.909668],[55.468457,23.941113],[55.547852,23.991357],[55.696582,24.024121],[55.779102,24.01709],[55.894141,24.041406],[55.985156,24.063379],[55.992188,24.092969],[55.966309,24.142627],[55.928613,24.215137],[55.799707,24.222656],[55.76084,24.242676],[55.805664,24.349805],[55.804004,24.383545],[55.786816,24.423535],[55.768164,24.490625],[55.777539,24.577344],[55.803906,24.63623],[55.804199,24.683594],[55.791602,24.781299],[55.795703,24.868115],[55.822852,24.911279],[55.870703,24.951416],[55.91582,24.971777],[55.963086,24.970264],[56.000586,24.953223],[56.016699,24.907715],[56.006348,24.876416],[55.979688,24.87207],[55.970313,24.858936],[56.008398,24.798242],[56.063867,24.73877],[56.106543,24.748682],[56.154492,24.795508],[56.204688,24.833301],[56.267871,24.866699],[56.313574,24.931299],[56.35293,24.973291],[56.387988,24.979199],[56.489844,24.716357],[56.640625,24.470312],[56.774121,24.33457],[56.9125,24.150195],[57.123047,23.980713],[57.219824,23.922754],[57.611328,23.803662],[57.825098,23.759131],[58.12041,23.716553],[58.324512,23.623828],[58.393164,23.618164],[58.5,23.645654],[58.578027,23.643457],[58.773047,23.517187],[58.830371,23.397461],[58.911523,23.33418],[58.983398,23.234717],[59.029883,23.130566],[59.194727,22.971875],[59.310938,22.793359],[59.429395,22.66084],[59.535156,22.578516],[59.695605,22.546143],[59.823242,22.508984],[59.8375,22.420557],[59.824414,22.305176],[59.8,22.219922],[59.680859,22.053809],[59.652539,21.951367],[59.517578,21.782324],[59.371484,21.498828],[59.304492,21.435352],[59.06875,21.289062],[58.895703,21.112793],[58.69043,20.807129],[58.53418,20.503906],[58.474219,20.406885],[58.34873,20.386914],[58.266016,20.395459],[58.208984,20.423975],[58.231641,20.506836],[58.24502,20.599219],[58.169434,20.589502],[58.10293,20.570361],[57.947168,20.343604],[57.861816,20.244141],[57.843652,20.117725],[57.802148,19.95459],[57.741211,19.804492],[57.71416,19.678418],[57.715137,19.606934],[57.76084,19.432227],[57.763965,19.25332],[57.790332,19.145947],[57.811621,19.01709],[57.738477,18.977344],[57.675781,18.957861],[57.42793,18.943799],[57.176563,18.902588],[56.957227,18.827832],[56.825977,18.753516],[56.655078,18.587354],[56.550781,18.165967],[56.383496,17.987988],[56.270313,17.950781],[55.997656,17.935205],[55.613867,17.886084],[55.479102,17.843262],[55.255371,17.585645],[55.238184,17.504736],[55.281445,17.44624],[55.295605,17.381592],[55.275195,17.320898],[55.17373,17.157617],[55.06416,17.038916],[54.771875,16.964648],[54.664648,17.008887],[54.566504,17.03125],[54.376953,17.033643],[54.068164,17.005518],[53.954395,16.917822],[53.775391,16.855713],[53.609863,16.759961],[53.297754,16.72334],[53.085645,16.648389]]],[[[56.297852,25.650684],[56.278516,25.627734],[56.249512,25.625391],[56.183594,25.644922],[56.144629,25.690527],[56.151953,25.746094],[56.154102,25.848486],[56.172559,25.945166],[56.16748,26.047461],[56.116504,26.068164],[56.080469,26.062646],[56.164453,26.207031],[56.197266,26.229199],[56.228418,26.219775],[56.305566,26.235205],[56.346484,26.313623],[56.378711,26.356348],[56.413086,26.351172],[56.429785,26.327197],[56.417773,26.208154],[56.416406,26.10874],[56.373633,25.80459],[56.329297,25.751953],[56.307227,25.709326],[56.297852,25.650684]]],[[[56.281836,25.235547],[56.240234,25.208838],[56.210547,25.213281],[56.216504,25.266699],[56.234277,25.303809],[56.277344,25.300879],[56.287793,25.278613],[56.281836,25.235547]]]]}},{"type":"Feature","properties":{"iso":"NPL","name":"Nepal"},"geometry":{"type":"Polygon","coordinates":[[[88.109766,27.870605],[88.150293,27.843311],[88.154297,27.798682],[88.146973,27.749219],[88.105566,27.642432],[88.067871,27.567383],[88.024121,27.408887],[87.984375,27.133936],[87.993164,27.086084],[88.111035,26.928467],[88.157227,26.807324],[88.161523,26.724805],[88.111523,26.586426],[88.054883,26.430029],[88.026953,26.39502],[87.995117,26.382373],[87.849219,26.436914],[87.748828,26.429297],[87.633398,26.399121],[87.513086,26.40498],[87.413574,26.422949],[87.287402,26.360303],[87.166797,26.394238],[87.089551,26.433203],[87.037891,26.541602],[87.016406,26.55542],[86.7625,26.441943],[86.701367,26.435059],[86.543652,26.495996],[86.414453,26.556299],[86.366113,26.574414],[86.241602,26.597998],[86.129395,26.611719],[86.007324,26.649365],[85.855664,26.600195],[85.794531,26.60415],[85.737305,26.639746],[85.707422,26.712646],[85.699902,26.781641],[85.648438,26.829004],[85.568457,26.839844],[85.456445,26.797217],[85.292969,26.741016],[85.240234,26.750342],[85.191797,26.766553],[85.174121,26.781543],[85.151563,26.846631],[85.125391,26.860986],[85.087305,26.862939],[85.020117,26.878516],[84.937207,26.926904],[84.685352,27.041016],[84.653809,27.091699],[84.654785,27.203662],[84.640723,27.249854],[84.610156,27.298682],[84.480859,27.348193],[84.229785,27.427832],[84.091016,27.491357],[84.024805,27.46167],[83.897168,27.435107],[83.828809,27.377832],[83.746973,27.395947],[83.55166,27.456348],[83.447168,27.465332],[83.383984,27.444824],[83.369434,27.410254],[83.289746,27.370996],[83.213867,27.402295],[83.064063,27.444531],[82.932813,27.467676],[82.733398,27.518994],[82.71084,27.59668],[82.677344,27.673437],[82.629883,27.687061],[82.451367,27.671826],[82.287695,27.756543],[82.111914,27.864941],[82.037012,27.900586],[81.987695,27.91377],[81.945215,27.899268],[81.896875,27.874463],[81.852637,27.86709],[81.757227,27.913818],[81.635547,27.980469],[81.486035,28.062207],[81.31084,28.176367],[81.238965,28.240869],[81.20625,28.289404],[81.168945,28.33501],[81.016602,28.40957],[80.896094,28.468555],[80.750781,28.539697],[80.726172,28.553906],[80.671289,28.59624],[80.587012,28.649609],[80.517871,28.665186],[80.495801,28.635791],[80.479102,28.604883],[80.418555,28.612012],[80.324805,28.666406],[80.226562,28.72334],[80.149609,28.776074],[80.070703,28.830176],[80.05166,28.870312],[80.08457,28.994189],[80.130469,29.100391],[80.169531,29.124316],[80.233008,29.194629],[80.255957,29.318018],[80.254883,29.42334],[80.316895,29.57207],[80.401855,29.730273],[80.549023,29.899805],[80.612891,29.955859],[80.684082,29.994336],[80.819922,30.119336],[80.848145,30.139746],[80.907617,30.171924],[80.966113,30.180029],[81.010254,30.164502],[81.055566,30.098975],[81.110352,30.036816],[81.177148,30.039893],[81.255078,30.093311],[81.417188,30.337598],[81.641895,30.3875],[81.854883,30.362402],[82.043359,30.326758],[82.098926,30.245068],[82.135352,30.158984],[82.158984,30.115186],[82.220703,30.063867],[82.486523,29.941504],[82.64082,29.831201],[82.854297,29.683398],[83.013965,29.618066],[83.155469,29.612646],[83.235156,29.55459],[83.355176,29.43916],[83.456641,29.306348],[83.583496,29.183594],[83.671094,29.187598],[83.79043,29.227441],[83.935938,29.279492],[84.021973,29.253857],[84.101367,29.219971],[84.127832,29.156299],[84.175586,29.036377],[84.228711,28.911768],[84.312109,28.868115],[84.410742,28.803906],[84.46543,28.75293],[84.650586,28.65957],[84.676758,28.621533],[84.714258,28.595557],[84.759375,28.579248],[84.796875,28.560205],[84.855078,28.553613],[85.069141,28.609668],[85.126367,28.602637],[85.159082,28.592236],[85.160156,28.571875],[85.121484,28.484277],[85.088574,28.372266],[85.122461,28.315967],[85.212109,28.292627],[85.410645,28.276025],[85.67832,28.277441],[85.759473,28.220654],[85.840234,28.135352],[85.92168,27.989697],[85.954102,27.928223],[85.994531,27.9104],[86.06416,27.934717],[86.075488,27.99458],[86.078711,28.083594],[86.137012,28.114355],[86.174219,28.091699],[86.217969,28.02207],[86.328613,27.959521],[86.408691,27.928662],[86.484961,27.939551],[86.516895,27.963525],[86.554492,28.085205],[86.614453,28.103027],[86.690527,28.094922],[86.719629,28.070654],[86.750391,28.02207],[86.842383,27.99917],[86.933789,27.968457],[87.020117,27.928662],[87.141406,27.83833],[87.290723,27.821924],[87.46416,27.823828],[87.555273,27.821826],[87.622559,27.815186],[87.682715,27.821387],[87.860742,27.886084],[87.933398,27.89082],[88.02334,27.883398],[88.109766,27.870605]]]}},{"type":"Feature","properties":{"iso":"KGZ","name":"Kyrgyzstan"},"geometry":{"type":"Polygon","coordinates":[[[70.958008,40.238867],[70.990625,40.254883],[71.094531,40.27124],[71.304688,40.286914],[71.376172,40.275195],[71.457422,40.241992],[71.52041,40.208984],[71.580469,40.210254],[71.629883,40.217139],[71.650879,40.208008],[71.666797,40.178613],[71.69248,40.152344],[71.772656,40.188037],[71.84541,40.234326],[71.902734,40.240967],[71.955664,40.258594],[71.971094,40.289502],[72.012598,40.340723],[72.13125,40.438623],[72.192871,40.454443],[72.232813,40.454395],[72.234668,40.438623],[72.254004,40.424219],[72.357715,40.40166],[72.389258,40.427393],[72.405957,40.463086],[72.369727,40.519727],[72.369043,40.543457],[72.382617,40.565137],[72.402051,40.578076],[72.56748,40.524365],[72.604102,40.525439],[72.67959,40.555615],[72.748828,40.608691],[72.773828,40.650391],[73.112891,40.786035],[73.136914,40.810645],[73.132129,40.828516],[72.990039,40.860107],[72.925977,40.842432],[72.866602,40.842334],[72.830957,40.862158],[72.658301,40.869922],[72.62041,40.883789],[72.505957,40.981689],[72.427344,41.018945],[72.364063,41.043457],[72.294922,41.039941],[72.213086,41.014258],[72.187305,41.025928],[72.180664,41.066846],[72.180957,41.118457],[72.164258,41.17373],[72.11543,41.186572],[72.052441,41.164746],[71.958496,41.187061],[71.878613,41.19502],[71.858008,41.311377],[71.825781,41.361035],[71.79248,41.413135],[71.757715,41.428027],[71.700684,41.454004],[71.697266,41.515576],[71.685156,41.533008],[71.664941,41.541211],[71.6375,41.53418],[71.602246,41.503271],[71.619629,41.435449],[71.60625,41.367432],[71.585547,41.333252],[71.545605,41.308057],[71.5,41.307471],[71.420898,41.341895],[71.408398,41.136035],[71.393066,41.123389],[71.298828,41.15249],[71.223438,41.139941],[71.110742,41.152637],[71.025977,41.186572],[70.962598,41.195996],[70.860449,41.224902],[70.782422,41.2625],[70.734375,41.400537],[70.688867,41.449805],[70.645898,41.460352],[70.471387,41.412646],[70.407813,41.449561],[70.290039,41.496826],[70.200879,41.514453],[70.176953,41.53999],[70.180957,41.571436],[70.45498,41.725049],[70.562891,41.830811],[70.630859,41.875488],[70.727734,41.905225],[70.80332,41.922656],[70.841895,42.019629],[70.856641,42.030811],[70.910352,42.037988],[71.032227,42.077783],[71.228516,42.162891],[71.232324,42.186279],[71.212695,42.206445],[71.12998,42.25],[71.036035,42.284668],[70.979004,42.266553],[70.946777,42.248682],[70.892871,42.293701],[70.892871,42.33999],[70.952344,42.419385],[71.001953,42.459082],[71.022754,42.535449],[71.093555,42.586523],[71.167383,42.667432],[71.256641,42.733545],[71.42207,42.783154],[71.514258,42.766943],[71.600781,42.778662],[71.734766,42.818896],[71.760547,42.821484],[71.816797,42.822168],[72.161816,42.760693],[72.275781,42.757666],[72.543164,42.677734],[72.666113,42.6604],[72.75293,42.637891],[72.792383,42.603467],[72.855078,42.561133],[73.19082,42.526855],[73.28291,42.504102],[73.316016,42.466992],[73.411621,42.419775],[73.492969,42.409033],[73.421875,42.593506],[73.450195,42.703027],[73.55625,43.002783],[73.612012,43.0479],[73.718555,43.087891],[73.886035,43.132568],[73.949219,43.19502],[74.08623,43.188623],[74.145898,43.194092],[74.186816,43.205273],[74.209082,43.240381],[74.363867,43.179443],[74.622266,43.056201],[74.817578,42.978174],[75.047656,42.904395],[75.366211,42.836963],[75.635645,42.8146],[75.681738,42.830469],[75.789551,42.93291],[75.840332,42.9375],[75.932227,42.928516],[76.218164,42.92373],[76.50918,42.918896],[76.646484,42.928809],[76.944043,42.971484],[76.988086,42.973584],[77.057324,42.970654],[77.235547,42.912646],[77.368555,42.904443],[77.459277,42.904736],[77.512207,42.900049],[77.622461,42.902246],[77.80166,42.895215],[78.023145,42.85752],[78.290039,42.864355],[78.375977,42.871484],[78.524219,42.864648],[78.642285,42.828711],[78.791504,42.79082],[78.885156,42.774902],[78.947949,42.766699],[79.059863,42.763818],[79.12666,42.775732],[79.164844,42.759033],[79.203027,42.666016],[79.295508,42.604834],[79.367773,42.547217],[79.428223,42.483496],[79.490137,42.457568],[79.598437,42.456641],[79.803418,42.438477],[79.921094,42.413135],[80.071289,42.302979],[80.209375,42.190039],[80.229199,42.129834],[80.246191,42.059814],[80.235156,42.043457],[80.216211,42.032422],[79.909668,42.01499],[79.84043,41.995752],[79.766113,41.898877],[79.503906,41.820996],[79.354395,41.781055],[79.293555,41.782812],[79.148438,41.719141],[78.742578,41.560059],[78.543164,41.45957],[78.442871,41.417529],[78.362402,41.371631],[78.348828,41.325195],[78.346289,41.281445],[78.123438,41.075635],[77.956445,41.050684],[77.815234,41.055615],[77.719336,41.024316],[77.581738,40.992773],[77.283984,41.014355],[77.182031,41.010742],[76.986621,41.03916],[76.907715,41.02417],[76.824023,40.982324],[76.708398,40.818115],[76.661133,40.779639],[76.639844,40.742236],[76.622168,40.662354],[76.57793,40.577881],[76.520898,40.51123],[76.480176,40.449512],[76.396387,40.389795],[76.318555,40.352246],[76.258301,40.430762],[76.206055,40.408398],[76.156641,40.376465],[76.062305,40.387549],[76.004297,40.371436],[75.871973,40.303223],[75.677148,40.305811],[75.655957,40.329248],[75.617383,40.516602],[75.583496,40.605322],[75.555566,40.625195],[75.520801,40.627539],[75.241016,40.480273],[75.111328,40.454102],[75.004492,40.449512],[74.865625,40.493506],[74.835156,40.482617],[74.811133,40.458789],[74.80127,40.428516],[74.841797,40.344971],[74.830469,40.328516],[74.767773,40.329883],[74.679883,40.310596],[74.613086,40.272168],[74.411914,40.137207],[74.242676,40.092041],[74.085156,40.074316],[74.020508,40.059375],[73.991602,40.043115],[73.93877,39.978809],[73.88457,39.87793],[73.85625,39.828662],[73.835352,39.800146],[73.839746,39.762842],[73.88252,39.714551],[73.914648,39.606494],[73.907129,39.578516],[73.872754,39.533301],[73.822949,39.488965],[73.715723,39.462256],[73.631641,39.448877],[73.575586,39.457617],[73.47041,39.460596],[73.387402,39.442725],[73.336133,39.412354],[73.234961,39.374561],[73.109277,39.361914],[72.949414,39.35708],[72.872461,39.3604],[72.639941,39.385986],[72.563379,39.377197],[72.490234,39.357373],[72.357715,39.336865],[72.287207,39.27373],[72.249805,39.215674],[72.22998,39.20752],[72.147363,39.260742],[72.08418,39.310645],[72.042773,39.352148],[71.991016,39.350928],[71.805957,39.275586],[71.778613,39.277979],[71.725684,39.306592],[71.735352,39.377734],[71.732227,39.422998],[71.672656,39.44707],[71.546289,39.453076],[71.50332,39.478809],[71.505859,39.51709],[71.517383,39.553857],[71.503027,39.582178],[71.470313,39.603662],[71.404297,39.597852],[71.328516,39.568701],[71.272852,39.535303],[71.202734,39.519824],[71.118066,39.513574],[71.065039,39.493408],[71.004883,39.411865],[70.799316,39.394727],[70.733105,39.413281],[70.678613,39.471289],[70.607813,39.564404],[70.567969,39.575879],[70.501172,39.587354],[70.39209,39.581885],[70.244824,39.542627],[70.209277,39.575],[70.171094,39.58418],[70.136816,39.557568],[70.10166,39.560596],[69.955957,39.553076],[69.77207,39.556738],[69.666992,39.574902],[69.598828,39.573779],[69.463281,39.53208],[69.391504,39.532471],[69.297656,39.524805],[69.280273,39.665869],[69.229102,39.761084],[69.244727,39.8271],[69.278809,39.917773],[69.307227,39.968555],[69.36543,39.94707],[69.431934,39.909766],[69.47627,39.919727],[69.487891,39.950439],[69.470996,39.990625],[69.46875,40.020752],[69.493652,40.060352],[69.530273,40.097314],[69.765234,40.158008],[69.966797,40.202246],[70.071484,40.172754],[70.274414,40.104834],[70.378906,40.069873],[70.451367,40.049219],[70.515137,39.949902],[70.556836,39.954492],[70.599219,39.974512],[70.624121,39.998975],[70.644336,40.083447],[70.738574,40.131152],[70.946387,40.187598],[70.960938,40.220654],[70.958008,40.238867]],[[71.206152,39.892578],[71.215625,39.906787],[71.179297,39.979834],[71.228711,40.048145],[71.130273,40.059668],[71.080371,40.079883],[71.024121,40.14917],[71.005469,40.152295],[70.97627,40.133252],[70.960645,40.087988],[70.974414,40.038867],[71.014453,40.005762],[71.041016,39.994922],[71.044824,39.992529],[71.043652,39.976318],[71.011719,39.895117],[71.064258,39.884912],[71.15625,39.883447],[71.206152,39.892578]],[[71.779688,39.950244],[71.789941,39.995312],[71.765332,39.993262],[71.736523,39.980957],[71.68125,39.968652],[71.668945,39.946094],[71.705859,39.917432],[71.75293,39.907129],[71.779688,39.950244]],[[70.70166,39.825293],[70.698242,39.84585],[70.66416,39.855469],[70.56709,39.866602],[70.497754,39.882422],[70.482813,39.882715],[70.489258,39.863037],[70.518652,39.828174],[70.55957,39.790918],[70.612109,39.786768],[70.70166,39.825293]]]}},{"type":"Feature","properties":{"iso":"KAZ","name":"Kazakhstan"},"geometry":{"type":"MultiPolygon","coordinates":[[[[70.946777,42.248682],[70.860352,42.207227],[70.764551,42.194189],[70.715234,42.168652],[70.6625,42.107471],[70.613281,42.054736],[70.584277,42.036035],[70.540137,42.039453],[70.489063,42.080273],[70.416016,42.078564],[70.328906,42.027979],[70.225879,41.945996],[70.095605,41.820508],[69.959961,41.754053],[69.788086,41.697314],[69.663867,41.672119],[69.565137,41.629053],[69.400977,41.541895],[69.368359,41.490576],[69.249316,41.460254],[69.153613,41.425244],[69.064941,41.366943],[69.043457,41.264111],[68.986914,41.205029],[68.851172,41.123828],[68.737109,41.041895],[68.662793,40.961523],[68.584082,40.87627],[68.559277,40.829297],[68.556543,40.765137],[68.593652,40.711279],[68.600684,40.659961],[68.572656,40.622656],[68.495703,40.608643],[68.415039,40.619434],[68.291895,40.656104],[68.160254,40.721777],[68.112305,40.754053],[68.047656,40.809277],[68.057031,40.860596],[68.090332,40.960254],[68.113086,41.028613],[68.059375,41.061279],[68.019727,41.09624],[67.991406,41.130029],[67.935742,41.196582],[67.865723,41.180273],[67.805078,41.163916],[67.735059,41.187256],[67.528027,41.177148],[67.371582,41.169531],[67.225,41.162354],[67.038672,41.15332],[66.814258,41.142383],[66.749805,41.15708],[66.709668,41.17915],[66.668652,41.270752],[66.645313,41.348633],[66.60166,41.494336],[66.572559,41.606982],[66.537891,41.74126],[66.515039,41.889404],[66.498633,41.994873],[66.328809,41.99834],[66.193164,42.001123],[66.00957,42.004883],[66.01123,42.08877],[66.013184,42.194482],[66.015527,42.314795],[66.049805,42.472754],[66.062695,42.605176],[66.078516,42.76665],[66.088867,42.873389],[66.100293,42.99082],[66.005664,42.95459],[65.901074,42.914502],[65.803027,42.876953],[65.735645,42.972119],[65.670215,43.0646],[65.570703,43.205176],[65.496191,43.310547],[65.366504,43.372021],[65.270508,43.417529],[65.170898,43.494189],[65.084863,43.573682],[65.003125,43.649072],[64.905469,43.714697],[64.811816,43.693945],[64.706055,43.652979],[64.604102,43.613477],[64.496094,43.571631],[64.443164,43.551172],[64.318164,43.558936],[64.208789,43.565723],[64.013281,43.577832],[63.848145,43.588135],[63.679688,43.598633],[63.444824,43.613232],[63.207031,43.627979],[63.047656,43.608496],[62.846191,43.583887],[62.634473,43.558008],[62.459375,43.536621],[62.237891,43.50957],[62.071973,43.489355],[61.990234,43.492139],[61.887598,43.577246],[61.723242,43.713574],[61.623633,43.796191],[61.525879,43.877197],[61.385059,43.993945],[61.271484,44.082275],[61.160742,44.168604],[61.09707,44.248242],[61.065332,44.348389],[61.00791,44.393799],[60.879199,44.455078],[60.741113,44.52085],[60.60293,44.586621],[60.464746,44.652441],[60.32666,44.718213],[60.188477,44.783984],[60.050293,44.849756],[59.912207,44.915576],[59.774023,44.981299],[59.635938,45.04707],[59.497852,45.112842],[59.35957,45.178613],[59.221484,45.244434],[59.083398,45.310205],[58.945117,45.375977],[58.807031,45.441797],[58.668945,45.507568],[58.555273,45.555371],[58.449414,45.54292],[58.291113,45.509424],[58.125195,45.474365],[57.961035,45.439697],[57.666699,45.377441],[57.477344,45.337451],[57.329297,45.303662],[57.17168,45.267725],[56.965039,45.220605],[56.791895,45.181055],[56.58877,45.134766],[56.40918,45.093799],[56.25791,45.059326],[56.100488,45.023389],[55.975684,44.994922],[55.975781,44.765381],[55.975977,44.53584],[55.976074,44.306299],[55.976172,44.076758],[55.97627,43.847217],[55.976367,43.617627],[55.976465,43.388086],[55.976562,43.158594],[55.97666,42.929053],[55.976758,42.699512],[55.976855,42.469971],[55.976953,42.24043],[55.977051,42.010889],[55.977148,41.781348],[55.977344,41.551758],[55.977441,41.322217],[55.934961,41.324121],[55.839063,41.310791],[55.678613,41.278809],[55.545215,41.262744],[55.487012,41.272266],[55.434375,41.296289],[55.388379,41.346924],[55.319727,41.408398],[55.249609,41.458105],[55.162305,41.560254],[55.101855,41.638721],[54.952344,41.81001],[54.931641,41.864014],[54.903711,41.919092],[54.853809,41.965186],[54.67793,42.078223],[54.472852,42.180176],[54.271875,42.27998],[54.214941,42.304199],[54.120996,42.335205],[54.005176,42.335889],[53.926367,42.329785],[53.685352,42.296875],[53.500781,42.258252],[53.250098,42.205859],[53.055859,42.147754],[53.0125,42.130713],[52.870508,42.060596],[52.696875,41.944385],[52.493848,41.780371],[52.467578,41.885889],[52.458594,42.04834],[52.462109,42.100635],[52.517188,42.237158],[52.573242,42.330859],[52.618359,42.428223],[52.638477,42.555664],[52.596582,42.760156],[52.55,42.805469],[52.493945,42.820264],[52.434277,42.824463],[52.324414,42.816162],[52.273047,42.799805],[52.183691,42.86875],[52.075586,42.879785],[52.018555,42.860547],[51.960742,42.850586],[51.898242,42.869629],[51.844141,42.910449],[51.811035,42.954443],[51.785156,43.004346],[51.700391,43.104053],[51.616016,43.158447],[51.514063,43.170508],[51.347852,43.167383],[51.29541,43.174121],[51.292383,43.230713],[51.313379,43.355664],[51.313867,43.42085],[51.301758,43.482373],[51.274121,43.53291],[51.238965,43.576709],[51.139648,43.648779],[51.064844,43.750146],[50.939844,43.958545],[50.830762,44.192773],[50.782617,44.228027],[50.684961,44.265088],[50.471777,44.294775],[50.331152,44.325488],[50.275586,44.355127],[50.252539,44.406494],[50.25293,44.461523],[50.264551,44.526562],[50.297461,44.581543],[50.409473,44.624023],[50.652441,44.63335],[50.860352,44.62876],[51.048828,44.530469],[51.110742,44.507812],[51.177148,44.501367],[51.310742,44.532422],[51.37666,44.541211],[51.543555,44.531006],[51.49375,44.577539],[51.431055,44.601953],[51.366309,44.599854],[51.310254,44.61875],[51.218164,44.708984],[51.05791,44.811572],[51.020703,44.854004],[51.009375,44.921826],[51.040332,44.980322],[51.153711,45.040234],[51.249902,45.12168],[51.294043,45.229785],[51.333398,45.27959],[51.415723,45.357861],[51.539648,45.342871],[51.732617,45.399463],[52.04873,45.388379],[52.426758,45.404639],[52.531055,45.398633],[52.771973,45.343506],[52.910742,45.319727],[53.078906,45.30752],[53.200391,45.331982],[53.085742,45.407373],[52.8375,45.496729],[52.773828,45.572754],[52.8875,45.779541],[53.041602,45.967871],[53.135254,46.19165],[53.108984,46.414062],[53.063965,46.475293],[53.078516,46.547461],[53.132422,46.60835],[53.170215,46.669043],[53.1375,46.742041],[53.069434,46.856055],[53.03457,46.89292],[52.916016,46.954395],[52.677637,46.957129],[52.483203,46.990674],[52.420313,46.963672],[52.384863,46.922119],[52.340332,46.894775],[52.18877,46.839502],[52.138281,46.828613],[52.085547,46.8396],[52.011133,46.901904],[51.945117,46.894873],[51.744531,46.93374],[51.650098,47.018066],[51.615234,47.029932],[51.29082,47.097314],[51.178027,47.110156],[50.92002,47.040674],[50.732715,46.95166],[50.679883,46.938721],[50.58291,46.882275],[50.528418,46.873291],[50.472266,46.88291],[50.419336,46.879492],[50.30625,46.794922],[50.101562,46.696436],[49.999805,46.634277],[49.886328,46.595654],[49.760547,46.571484],[49.631543,46.567578],[49.584375,46.545215],[49.437207,46.537256],[49.347461,46.519141],[49.344238,46.485547],[49.362109,46.410205],[49.28584,46.436816],[49.205664,46.385693],[49.232227,46.337158],[49.184277,46.348828],[48.958984,46.442139],[48.774316,46.507959],[48.610156,46.566455],[48.586035,46.5771],[48.541211,46.605615],[48.50918,46.649951],[48.502344,46.698633],[48.518555,46.734326],[48.558398,46.757129],[48.605273,46.765918],[48.64707,46.758691],[48.693555,46.736816],[48.776367,46.710352],[48.883594,46.70542],[48.950293,46.725781],[48.959375,46.774609],[48.831836,46.954932],[48.714355,47.100488],[48.600684,47.262305],[48.552539,47.320996],[48.413086,47.456494],[48.275684,47.589941],[48.166992,47.708789],[48.109961,47.74541],[47.934668,47.760693],[47.600195,47.78999],[47.481934,47.803906],[47.387305,47.768652],[47.292383,47.740918],[47.202051,47.79248],[47.130762,47.876758],[47.093262,47.947705],[47.111523,48.020117],[47.119043,48.127002],[47.064648,48.232471],[47.004297,48.284473],[46.853125,48.323584],[46.660938,48.412256],[46.60918,48.573877],[46.702637,48.805566],[46.85293,48.969629],[46.962207,49.03833],[47.014258,49.09834],[47.031348,49.150293],[47.018164,49.199902],[46.953418,49.252588],[46.85293,49.303857],[46.802051,49.36709],[46.823145,49.502246],[46.889551,49.696973],[46.991992,49.852734],[47.12959,49.939062],[47.24834,50.000879],[47.295215,50.058496],[47.297656,50.140234],[47.294727,50.21748],[47.326465,50.273535],[47.376367,50.318115],[47.429199,50.357959],[47.503613,50.402734],[47.599609,50.413574],[47.705762,50.377979],[47.849609,50.282324],[48.060742,50.093604],[48.181348,49.97002],[48.224805,49.931934],[48.334961,49.858252],[48.434277,49.828516],[48.6,49.874707],[48.758984,49.92832],[48.810254,49.962402],[48.843262,50.013135],[48.817969,50.099854],[48.784766,50.156445],[48.749414,50.228467],[48.700488,50.35376],[48.666016,50.550342],[48.625098,50.612695],[48.655176,50.619873],[48.734766,50.606885],[48.808398,50.601318],[48.91377,50.64458],[49.058691,50.726074],[49.323438,50.851709],[49.379492,50.934668],[49.424609,51.027002],[49.498047,51.083594],[49.666309,51.102295],[49.822266,51.131885],[49.932324,51.197168],[50.104883,51.25459],[50.246875,51.289502],[50.309277,51.321582],[50.353711,51.369727],[50.516309,51.505615],[50.643945,51.58916],[50.756152,51.675146],[50.793945,51.729199],[50.882422,51.719189],[51.017871,51.681641],[51.163477,51.647461],[51.269922,51.594482],[51.290723,51.540186],[51.301074,51.497412],[51.344531,51.475342],[51.395996,51.471289],[51.473438,51.482031],[51.609082,51.483984],[51.775391,51.554248],[52.007129,51.672705],[52.219141,51.709375],[52.331055,51.681299],[52.423047,51.594238],[52.496191,51.512158],[52.571191,51.481641],[52.617773,51.480762],[52.635156,51.479541],[52.728125,51.498145],[52.735059,51.4979],[52.820508,51.49458],[52.902637,51.466943],[53.038379,51.463721],[53.227344,51.484961],[53.247266,51.493604],[53.338086,51.482373],[53.448633,51.444531],[53.534668,51.399561],[53.688086,51.251807],[53.776465,51.213721],[53.956836,51.161182],[54.041504,51.115186],[54.139746,51.040771],[54.191113,50.995703],[54.297852,50.914062],[54.421484,50.780322],[54.443359,50.673926],[54.471484,50.583789],[54.517383,50.541162],[54.555273,50.535791],[54.596191,50.550684],[54.636133,50.591602],[54.65,50.660156],[54.637891,50.781055],[54.60625,50.879883],[54.565625,50.911279],[54.546094,50.946045],[54.572949,50.990234],[54.641602,51.011572],[54.727148,50.998096],[54.867969,50.941357],[55.014844,50.869775],[55.195215,50.744727],[55.361133,50.665283],[55.542285,50.601807],[55.68623,50.582861],[55.797656,50.602051],[55.929199,50.65376],[56.049707,50.713525],[56.104492,50.77627],[56.143945,50.844629],[56.325586,50.936084],[56.491406,51.019531],[56.566895,51.004492],[56.620215,50.980859],[56.790332,51.031592],[56.849609,51.045557],[57.011719,51.065186],[57.179004,51.036035],[57.3125,50.946533],[57.442188,50.888867],[57.557813,50.895557],[57.653809,50.925146],[57.716992,50.980957],[57.764844,51.046875],[57.828906,51.089014],[57.838867,51.09165],[58.045117,51.068848],[58.174707,51.072266],[58.188477,51.081738],[58.35918,51.063818],[58.547461,50.971045],[58.664551,50.868311],[58.814063,50.737207],[58.883691,50.694434],[58.984863,50.676123],[59.064355,50.668213],[59.170898,50.6479],[59.452344,50.62041],[59.495117,50.604297],[59.523926,50.582812],[59.497852,50.511084],[59.523047,50.492871],[59.751172,50.543945],[59.812402,50.582031],[59.887793,50.690186],[59.955176,50.799268],[60.005273,50.839697],[60.058594,50.850293],[60.112109,50.83418],[60.186719,50.769775],[60.288086,50.70415],[60.424805,50.67915],[60.508496,50.669189],[60.637988,50.663721],[60.942285,50.695508],[61.226855,50.774805],[61.389453,50.861035],[61.465039,50.990234],[61.512207,51.137012],[61.585059,51.229687],[61.554688,51.324609],[61.411328,51.414746],[61.363086,51.441895],[61.014844,51.492383],[60.993359,51.528711],[60.973535,51.537061],[60.630371,51.616943],[60.464746,51.651172],[60.418359,51.703906],[60.3875,51.772998],[60.280371,51.834619],[60.06748,51.890625],[60.030273,51.933252],[60.065527,51.976465],[60.233691,52.024512],[60.425488,52.125586],[60.499316,52.146338],[60.670313,52.15083],[60.828418,52.233398],[60.937598,52.280566],[60.994531,52.336865],[60.979492,52.394775],[60.821289,52.569824],[60.774414,52.675781],[60.802344,52.744727],[60.893262,52.819434],[60.944727,52.860156],[61.006543,52.93335],[61.047461,52.972461],[61.206934,52.989062],[61.400781,52.995996],[61.533594,52.978516],[61.719336,52.969385],[61.888574,52.955908],[61.974219,52.94375],[62.037109,52.966113],[62.082715,53.00542],[62.081055,53.057422],[62.014648,53.107861],[61.766211,53.173926],[61.659863,53.228467],[61.576172,53.222461],[61.436816,53.239404],[61.310938,53.275195],[61.199219,53.287158],[61.162793,53.336768],[61.185938,53.406201],[61.228906,53.445898],[61.311621,53.465723],[61.400977,53.455811],[61.498535,53.484668],[61.526563,53.501562],[61.534961,53.523291],[61.519141,53.554492],[61.474121,53.580273],[61.409961,53.587061],[61.336133,53.565186],[61.247949,53.550977],[61.098535,53.583105],[60.979492,53.621729],[60.985547,53.657422],[61.073535,53.710449],[61.113184,53.753467],[61.113184,53.812988],[61.113184,53.882471],[61.14375,53.963818],[61.231055,54.019482],[61.333691,54.049268],[61.598145,53.994922],[61.928711,53.946484],[61.985645,53.954395],[62.002344,53.979932],[62.040234,54.002637],[62.499023,54.013184],[62.588281,54.044434],[62.632715,54.069287],[63.073926,54.105225],[63.126563,54.139258],[63.191309,54.171045],[63.292676,54.170459],[63.413672,54.183203],[63.582031,54.221924],[63.701367,54.243213],[63.721191,54.24502],[63.84707,54.236475],[64.003906,54.26709],[64.037402,54.279736],[64.062891,54.30293],[64.199414,54.347412],[64.46123,54.38418],[64.525098,54.362158],[64.649902,54.352246],[64.809277,54.368555],[64.926758,54.396631],[64.99541,54.36875],[65.088379,54.340186],[65.157813,54.364404],[65.192188,54.441113],[65.237402,54.516064],[65.315918,54.551562],[65.378125,54.564453],[65.434375,54.593311],[65.476953,54.623291],[65.707813,54.618701],[65.914258,54.693311],[65.954688,54.659521],[66.222656,54.667383],[66.555371,54.71543],[66.754492,54.737891],[67.09834,54.788184],[67.257324,54.828809],[67.484668,54.854492],[67.693359,54.872412],[67.829883,54.943555],[67.939941,54.953711],[68.073828,54.95957],[68.155859,54.976709],[68.209375,55.003027],[68.244043,55.052441],[68.225293,55.115234],[68.20625,55.160937],[68.301953,55.186523],[68.438477,55.194434],[68.524805,55.204834],[68.712891,55.308496],[68.842969,55.35835],[68.977246,55.3896],[69.246973,55.37251],[69.493262,55.356885],[69.740234,55.307373],[69.870215,55.245654],[69.981738,55.199072],[70.087402,55.176758],[70.182422,55.162451],[70.293359,55.183594],[70.371484,55.212256],[70.417188,55.253174],[70.486328,55.282373],[70.738086,55.305176],[70.790332,55.261133],[70.910156,55.127979],[70.991797,54.950488],[71.12627,54.715039],[71.185547,54.599316],[71.15918,54.538623],[71.159766,54.45542],[71.152148,54.364062],[71.052734,54.260498],[71.093164,54.212207],[71.336426,54.15835],[71.677148,54.178027],[71.887402,54.221484],[72.004492,54.205664],[72.065625,54.231641],[72.105371,54.308447],[72.186035,54.325635],[72.269141,54.272119],[72.329492,54.181445],[72.387305,54.123047],[72.383008,54.053662],[72.404297,53.964453],[72.446777,53.941846],[72.530273,53.975781],[72.585938,53.995947],[72.599219,54.023047],[72.575586,54.056494],[72.564258,54.09043],[72.582715,54.121582],[72.622266,54.134326],[72.741016,54.124512],[72.914062,54.107324],[73.119336,53.980762],[73.229883,53.957812],[73.276563,53.955615],[73.380664,53.962842],[73.505664,53.999316],[73.589941,54.044971],[73.617969,54.067383],[73.666406,54.063477],[73.712402,54.042383],[73.715527,53.996191],[73.678906,53.929443],[73.554199,53.868311],[73.399414,53.811475],[73.305664,53.707227],[73.285742,53.598389],[73.326855,53.543164],[73.361914,53.506201],[73.371875,53.454395],[73.406934,53.447559],[73.469922,53.468896],[73.642969,53.57627],[73.731152,53.602783],[73.858984,53.619727],[74.068652,53.611426],[74.209961,53.576465],[74.277344,53.527734],[74.351562,53.487646],[74.402734,53.504443],[74.429297,53.550732],[74.430469,53.603711],[74.451953,53.647266],[74.681445,53.754395],[74.83418,53.825684],[74.886816,53.834033],[74.988965,53.819238],[75.052148,53.826709],[75.220215,53.893799],[75.377051,53.970117],[75.392383,54.021729],[75.398145,54.068506],[75.437207,54.089648],[75.656836,54.106006],[75.692871,54.114795],[75.880664,54.167969],[76.140527,54.258545],[76.266602,54.311963],[76.496484,54.335693],[76.53916,54.351074],[76.615527,54.387109],[76.759375,54.436865],[76.837305,54.442383],[76.788965,54.321875],[76.703027,54.182471],[76.65459,54.145264],[76.42168,54.151514],[76.42207,54.113525],[76.458594,54.055273],[76.484766,54.022559],[76.513086,53.993213],[76.575684,53.942529],[76.820703,53.822656],[77.132422,53.670117],[77.469238,53.498779],[77.704395,53.37915],[77.799414,53.317432],[77.859961,53.269189],[78.033496,53.094971],[78.198047,52.929688],[78.475488,52.638428],[78.721484,52.357031],[78.99209,52.047412],[79.14873,51.868115],[79.468848,51.493115],[79.554297,51.377979],[79.716406,51.16001],[79.859668,50.955469],[79.98623,50.774561],[80.065918,50.758203],[80.07207,50.807275],[80.086328,50.83999],[80.127246,50.85835],[80.220215,50.911768],[80.27041,50.924609],[80.345215,50.919092],[80.423633,50.946289],[80.452246,50.997607],[80.433594,51.092627],[80.421484,51.136377],[80.448047,51.18335],[80.491016,51.201758],[80.550684,51.216602],[80.605469,51.224219],[80.650488,51.277344],[80.735254,51.293408],[80.813086,51.283496],[80.877344,51.281445],[80.934082,51.242773],[80.965625,51.189795],[81.026758,51.185693],[81.127246,51.191064],[81.141016,51.146582],[81.112402,51.072363],[81.077539,51.014941],[81.071484,50.96875],[81.124609,50.946289],[81.319141,50.966406],[81.388281,50.956494],[81.410156,50.909766],[81.437695,50.871045],[81.451563,50.823682],[81.431445,50.771143],[81.465918,50.739844],[81.633887,50.739111],[81.752051,50.764404],[81.933691,50.766357],[82.098047,50.71084],[82.211914,50.719434],[82.326367,50.741895],[82.493945,50.727588],[82.611719,50.771484],[82.692969,50.826318],[82.718555,50.869482],[82.76084,50.893359],[82.919043,50.893115],[83.019238,50.897266],[83.092773,50.960596],[83.160254,50.989209],[83.27373,50.99458],[83.357324,50.99458],[83.581445,50.935742],[83.717773,50.887158],[83.859766,50.818018],[83.945117,50.774658],[84.002344,50.676855],[84.099316,50.604736],[84.175977,50.520557],[84.194531,50.437451],[84.257812,50.288232],[84.323242,50.23916],[84.400977,50.23916],[84.499023,50.21875],[84.607324,50.202393],[84.838965,50.091309],[84.924023,50.087988],[84.989453,50.061426],[84.999707,50.010303],[84.975195,49.951074],[85.000781,49.894141],[85.076465,49.821631],[85.136523,49.750732],[85.210156,49.664844],[85.232617,49.61582],[85.291895,49.599463],[85.371582,49.623926],[85.498438,49.605371],[85.880469,49.556543],[85.933594,49.550439],[85.974414,49.499316],[86.02959,49.503418],[86.092969,49.505469],[86.180859,49.499316],[86.242188,49.546338],[86.292383,49.5875],[86.417969,49.638477],[86.522266,49.707764],[86.610156,49.769141],[86.675488,49.777295],[86.728711,49.748682],[86.730664,49.695557],[86.665332,49.656689],[86.614258,49.609717],[86.626465,49.562695],[86.714355,49.558594],[86.812109,49.487891],[86.95293,49.32207],[87.000977,49.287305],[87.070605,49.25459],[87.148047,49.239795],[87.233691,49.216162],[87.296875,49.147656],[87.322852,49.085791],[87.22998,49.105859],[87.048535,49.109912],[86.937988,49.097559],[86.885938,49.090576],[86.808301,49.049707],[86.753125,49.008838],[86.728613,48.939355],[86.757812,48.860742],[86.717969,48.697168],[86.66377,48.635547],[86.549414,48.528613],[86.483301,48.505371],[86.372559,48.48623],[86.265625,48.454541],[86.056152,48.42373],[85.829883,48.408057],[85.749414,48.385059],[85.692187,48.311816],[85.651563,48.250537],[85.626367,48.204004],[85.562305,48.051855],[85.525977,47.915625],[85.561621,47.746484],[85.588281,47.558496],[85.586621,47.493652],[85.641797,47.397412],[85.669824,47.338379],[85.656641,47.254639],[85.577246,47.188477],[85.529688,47.100781],[85.484766,47.063525],[85.355371,47.046729],[85.233496,47.036377],[85.110547,46.96123],[85.012207,46.909229],[84.858203,46.843164],[84.786133,46.830713],[84.745996,46.864355],[84.719531,46.939355],[84.666602,46.972363],[84.592285,46.974951],[84.532422,46.975781],[84.338867,46.996143],[84.215137,46.994727],[84.12207,46.978613],[84.016016,46.970508],[83.832617,46.997852],[83.713965,47.021045],[83.634082,47.043213],[83.443555,47.108643],[83.193066,47.186572],[83.090332,47.209375],[83.029492,47.185937],[83.020117,47.141455],[83.004102,47.033496],[82.974902,46.966016],[82.8,46.624463],[82.692187,46.38667],[82.555078,46.158691],[82.511719,46.005811],[82.429688,45.811914],[82.348145,45.671533],[82.315234,45.594922],[82.312207,45.563721],[82.32666,45.519922],[82.45166,45.471973],[82.58252,45.442578],[82.611621,45.424268],[82.625781,45.374414],[82.621094,45.293115],[82.596973,45.215967],[82.558984,45.15542],[82.521484,45.125488],[82.478711,45.123584],[82.39668,45.162451],[82.323438,45.205859],[82.266602,45.219092],[82.122754,45.194873],[81.989258,45.161865],[81.944922,45.16084],[81.86748,45.18208],[81.789648,45.226025],[81.758887,45.31084],[81.691992,45.349365],[81.602051,45.31084],[81.334766,45.246191],[81.040332,45.169141],[80.85332,45.129297],[80.780078,45.135547],[80.634766,45.126514],[80.50918,45.10498],[80.414941,45.075098],[80.228223,45.033984],[80.05918,45.006445],[79.950195,44.944092],[79.871875,44.883789],[79.875293,44.86084],[79.932129,44.825195],[79.997168,44.797217],[80.127832,44.80376],[80.255078,44.808105],[80.36084,44.770312],[80.455469,44.746094],[80.481543,44.714648],[80.455469,44.684082],[80.400586,44.676904],[80.381445,44.65542],[80.391016,44.626807],[80.355078,44.552002],[80.336328,44.438379],[80.354883,44.326514],[80.365332,44.223291],[80.358984,44.171289],[80.355273,44.097266],[80.395801,44.047168],[80.431543,43.951758],[80.495996,43.89209],[80.593457,43.685107],[80.650781,43.56416],[80.703809,43.427051],[80.66543,43.352979],[80.667773,43.310059],[80.729785,43.274268],[80.757031,43.204346],[80.785742,43.161572],[80.777734,43.118945],[80.751172,43.10249],[80.616992,43.128271],[80.507031,43.085791],[80.390234,43.043115],[80.374512,43.02041],[80.371289,42.995605],[80.383398,42.973779],[80.450684,42.935547],[80.54375,42.911719],[80.538965,42.873486],[80.424023,42.855762],[80.250293,42.797266],[80.202246,42.734473],[80.165039,42.665527],[80.161914,42.625537],[80.179297,42.518359],[80.205762,42.399414],[80.255078,42.27417],[80.259082,42.2354],[80.233008,42.207812],[80.209375,42.190039],[80.071289,42.302979],[79.921094,42.413135],[79.803418,42.438477],[79.598437,42.456641],[79.490137,42.457568],[79.428223,42.483496],[79.367773,42.547217],[79.295508,42.604834],[79.203027,42.666016],[79.164844,42.759033],[79.12666,42.775732],[79.059863,42.763818],[78.947949,42.766699],[78.885156,42.774902],[78.791504,42.79082],[78.642285,42.828711],[78.524219,42.864648],[78.375977,42.871484],[78.290039,42.864355],[78.023145,42.85752],[77.80166,42.895215],[77.622461,42.902246],[77.512207,42.900049],[77.459277,42.904736],[77.368555,42.904443],[77.235547,42.912646],[77.057324,42.970654],[76.988086,42.973584],[76.944043,42.971484],[76.646484,42.928809],[76.50918,42.918896],[76.218164,42.92373],[75.932227,42.928516],[75.840332,42.9375],[75.789551,42.93291],[75.681738,42.830469],[75.635645,42.8146],[75.366211,42.836963],[75.047656,42.904395],[74.817578,42.978174],[74.622266,43.056201],[74.363867,43.179443],[74.209082,43.240381],[74.186816,43.205273],[74.145898,43.194092],[74.08623,43.188623],[73.949219,43.19502],[73.886035,43.132568],[73.718555,43.087891],[73.612012,43.0479],[73.55625,43.002783],[73.450195,42.703027],[73.421875,42.593506],[73.492969,42.409033],[73.411621,42.419775],[73.316016,42.466992],[73.28291,42.504102],[73.19082,42.526855],[72.855078,42.561133],[72.792383,42.603467],[72.75293,42.637891],[72.666113,42.6604],[72.543164,42.677734],[72.275781,42.757666],[72.161816,42.760693],[71.816797,42.822168],[71.760547,42.821484],[71.734766,42.818896],[71.600781,42.778662],[71.514258,42.766943],[71.42207,42.783154],[71.256641,42.733545],[71.167383,42.667432],[71.093555,42.586523],[71.022754,42.535449],[71.001953,42.459082],[70.952344,42.419385],[70.892871,42.33999],[70.892871,42.293701],[70.946777,42.248682]]]]}},{"type":"Feature","properties":{"iso":"IRN","name":"Iran"},"geometry":{"type":"MultiPolygon","coordinates":[[[[56.187988,26.921143],[56.094922,26.801172],[55.954297,26.701123],[55.894141,26.732275],[55.847656,26.730811],[55.747266,26.69248],[55.674609,26.68584],[55.543164,26.617529],[55.42373,26.583105],[55.34043,26.585742],[55.311523,26.592627],[55.29502,26.639209],[55.296484,26.657568],[55.346973,26.647949],[55.531738,26.71001],[55.762598,26.811963],[55.78457,26.857178],[55.747461,26.930957],[55.757617,26.947656],[55.907129,26.909814],[56.074121,26.98335],[56.213965,27.003271],[56.279395,26.9521],[56.187988,26.921143]]],[[[53.91416,37.343555],[54.191602,37.332471],[54.299805,37.353613],[54.458691,37.407568],[54.578906,37.440234],[54.639648,37.444727],[54.699414,37.470166],[54.745215,37.501904],[54.848633,37.722656],[54.900098,37.77793],[55.075586,37.90249],[55.224707,37.981348],[55.380859,38.051123],[55.578418,38.099756],[55.841309,38.094629],[56.050293,38.077539],[56.171191,38.078369],[56.228809,38.073389],[56.27207,38.08042],[56.296973,38.094824],[56.324121,38.191113],[56.366895,38.22251],[56.440625,38.249414],[56.544043,38.249609],[56.669922,38.256641],[56.774609,38.250049],[56.906641,38.213037],[57.079004,38.209961],[57.193555,38.216406],[57.260156,38.17959],[57.308105,38.130371],[57.331445,38.089307],[57.336719,38.03291],[57.335742,37.989941],[57.353711,37.97334],[57.423828,37.947705],[57.520996,37.928467],[57.710547,37.905273],[57.888184,37.86084],[57.980566,37.830469],[58.108789,37.783057],[58.261621,37.66582],[58.318164,37.647217],[58.386719,37.635352],[58.435742,37.638525],[58.550488,37.688184],[58.650195,37.651562],[58.700781,37.65625],[58.81543,37.683496],[58.937207,37.649658],[59.24082,37.520752],[59.274121,37.52373],[59.301758,37.510645],[59.326953,37.481152],[59.344727,37.444727],[59.367383,37.33374],[59.45498,37.252832],[59.562207,37.178906],[59.687207,37.138477],[59.948633,37.041602],[60.062793,36.962891],[60.17832,36.829443],[60.320703,36.653564],[60.341309,36.637646],[60.70791,36.642969],[61.119629,36.642578],[61.169922,36.572266],[61.160352,36.432715],[61.175098,36.289697],[61.212012,36.190527],[61.212402,36.099121],[61.182617,36.052832],[61.159473,35.999902],[61.15293,35.976758],[61.205859,35.943701],[61.252148,35.867627],[61.258691,35.761816],[61.235547,35.705566],[61.238867,35.659277],[61.262012,35.61958],[61.281836,35.553418],[61.278516,35.51377],[61.245508,35.474072],[61.225684,35.424463],[61.199219,35.361621],[61.189258,35.312012],[61.139648,35.288867],[61.1,35.272314],[61.106641,35.209473],[61.126465,35.156543],[61.149609,35.09375],[61.123145,35.050732],[61.106641,35.001123],[61.070215,34.921729],[61.080078,34.855615],[61.04043,34.799365],[60.99082,34.749756],[60.957813,34.710059],[60.951172,34.653857],[60.914746,34.633984],[60.845313,34.587695],[60.802344,34.554639],[60.739453,34.544727],[60.72627,34.518262],[60.736133,34.491797],[60.762598,34.475244],[60.803906,34.418018],[60.889453,34.319434],[60.642676,34.307178],[60.570215,34.219629],[60.485742,34.094775],[60.527051,33.841992],[60.485938,33.711914],[60.51084,33.638916],[60.573828,33.58833],[60.65459,33.5604],[60.806445,33.558691],[60.906934,33.538965],[60.916992,33.505225],[60.859277,33.45625],[60.766895,33.363818],[60.718066,33.323535],[60.560547,33.137842],[60.561914,33.058789],[60.576563,32.994873],[60.644531,32.794385],[60.710449,32.6],[60.829297,32.249414],[60.827246,32.167969],[60.789941,31.987109],[60.7875,31.877197],[60.804297,31.734473],[60.791602,31.660596],[60.820703,31.495166],[60.854102,31.483252],[61.110742,31.451123],[61.346484,31.421631],[61.660156,31.382422],[61.755078,31.285303],[61.814258,31.072559],[61.81084,30.913281],[61.78418,30.831934],[61.559473,30.599365],[61.331641,30.363721],[61.104102,30.128418],[60.843359,29.858691],[61.03418,29.663428],[61.152148,29.542725],[61.318359,29.372607],[61.339453,29.331787],[61.337891,29.26499],[61.508594,29.006055],[61.56875,28.870898],[61.623047,28.791602],[61.758008,28.667676],[61.889844,28.546533],[62.033008,28.491016],[62.130566,28.478809],[62.353027,28.414746],[62.433887,28.363867],[62.564551,28.235156],[62.717578,28.252783],[62.749414,28.252881],[62.758008,28.243555],[62.7625,28.202051],[62.739746,28.002051],[62.782324,27.800537],[62.812012,27.497021],[62.800879,27.444531],[62.764258,27.356738],[62.7625,27.300195],[62.752734,27.265625],[62.762988,27.250195],[62.811621,27.229443],[62.91543,27.218408],[63.166797,27.25249],[63.196094,27.243945],[63.25625,27.20791],[63.301563,27.151465],[63.305176,27.124561],[63.24209,27.077686],[63.231445,26.998145],[63.250391,26.879248],[63.241602,26.864746],[63.186133,26.837598],[63.168066,26.665576],[63.157813,26.649756],[63.092969,26.632324],[62.786621,26.643896],[62.751563,26.63916],[62.636426,26.593652],[62.439258,26.561035],[62.385059,26.542627],[62.312305,26.490869],[62.259668,26.42749],[62.249609,26.369238],[62.239355,26.357031],[62.125977,26.368994],[62.089063,26.318262],[61.869824,26.242432],[61.842383,26.225928],[61.809961,26.165283],[61.780762,25.99585],[61.754395,25.843359],[61.737695,25.821094],[61.668652,25.768994],[61.661816,25.75127],[61.671387,25.692383],[61.640137,25.584619],[61.61543,25.286133],[61.587891,25.202344],[61.533105,25.195508],[61.490332,25.153662],[61.412207,25.1021],[61.242969,25.141992],[61.108594,25.183887],[60.663867,25.282227],[60.615137,25.329834],[60.5875,25.413525],[60.510547,25.437061],[60.400195,25.311572],[60.024707,25.384131],[59.89707,25.361816],[59.818359,25.400879],[59.616016,25.403271],[59.456055,25.481494],[59.227246,25.427734],[59.046094,25.417285],[58.797852,25.55459],[58.530859,25.592432],[58.314258,25.580859],[58.20293,25.591602],[58.022363,25.64082],[57.936621,25.69165],[57.796094,25.653027],[57.73252,25.724902],[57.33457,25.791553],[57.260938,25.918848],[57.205566,26.037207],[57.201367,26.158838],[57.104297,26.371436],[57.071973,26.680078],[57.036035,26.800684],[56.982227,26.905469],[56.910449,26.99458],[56.812891,27.08999],[56.728125,27.127686],[56.356152,27.200244],[56.284375,27.190625],[56.118066,27.143115],[55.941113,27.037598],[55.650293,26.977539],[55.591602,26.932129],[55.518555,26.829932],[55.424023,26.770557],[55.294141,26.785937],[55.15459,26.725391],[54.895801,26.556689],[54.759277,26.505078],[54.644922,26.508936],[54.52207,26.58916],[54.24707,26.696631],[54.069336,26.732373],[53.822559,26.707715],[53.705762,26.725586],[53.507129,26.851758],[53.45498,26.943262],[53.341699,27.004492],[52.98252,27.141943],[52.691602,27.323389],[52.638184,27.391992],[52.602637,27.493359],[52.475879,27.616504],[52.191895,27.717285],[52.030762,27.824414],[51.841992,27.848242],[51.666309,27.844971],[51.589063,27.864209],[51.518555,27.91001],[51.278906,28.131348],[51.276074,28.218848],[51.128418,28.435156],[51.093848,28.512109],[51.062012,28.726123],[51.021191,28.78208],[50.866992,28.870166],[50.842969,28.927832],[50.875781,29.004395],[50.875781,29.062695],[50.795508,29.117432],[50.675195,29.146582],[50.646094,29.212207],[50.667969,29.339844],[50.649609,29.420068],[50.543555,29.547998],[50.386914,29.679053],[50.230176,29.8729],[50.168945,29.92124],[50.128906,30.048096],[50.071582,30.198535],[49.983105,30.209375],[49.554883,30.028955],[49.42998,30.130469],[49.054297,30.306934],[49.028125,30.333447],[49.001953,30.373926],[49.049023,30.397266],[49.096191,30.406787],[49.190332,30.375391],[49.247266,30.4125],[49.224512,30.472314],[49.130371,30.509424],[49.001953,30.506543],[49.037109,30.450488],[48.916797,30.397266],[48.891211,30.327637],[48.908691,30.241455],[48.919141,30.120898],[48.870117,30.062402],[48.832422,30.035498],[48.670898,30.02832],[48.595508,29.975049],[48.546484,29.962354],[48.478516,30.003809],[48.43457,30.037598],[48.398633,30.109619],[48.387598,30.159863],[48.401367,30.18833],[48.382617,30.230176],[48.331055,30.285449],[48.278906,30.31582],[48.226172,30.321338],[48.182422,30.355029],[48.147559,30.416846],[48.066113,30.457666],[48.014941,30.465625],[48.013477,30.656445],[48.012012,30.823633],[48.010645,30.989795],[47.836328,30.996436],[47.679492,31.002393],[47.679492,31.141504],[47.679492,31.400586],[47.753906,31.601367],[47.82998,31.794434],[47.714551,31.936426],[47.591504,32.087988],[47.511914,32.15083],[47.418164,32.340088],[47.371289,32.42373],[47.329785,32.455518],[47.285156,32.474023],[47.121387,32.466602],[46.968555,32.568408],[46.789062,32.687988],[46.569922,32.833936],[46.377051,32.929248],[46.298242,32.950244],[46.112793,32.957666],[46.093066,32.975879],[46.080469,33.028223],[46.080762,33.086523],[46.141113,33.174414],[46.145898,33.229639],[46.019922,33.415723],[45.981055,33.470117],[45.873242,33.491992],[45.894727,33.545654],[45.894727,33.581543],[45.879395,33.609766],[45.854492,33.62334],[45.822852,33.624805],[45.738281,33.602832],[45.67373,33.68667],[45.473242,33.925488],[45.408984,33.954492],[45.39707,33.97085],[45.446094,34.044043],[45.528613,34.152539],[45.542773,34.215527],[45.526855,34.284668],[45.437598,34.415137],[45.459375,34.470361],[45.497754,34.533887],[45.500781,34.581592],[45.56084,34.574512],[45.6375,34.573828],[45.661523,34.612695],[45.660059,34.748779],[45.678125,34.798437],[45.920898,35.028516],[46.041797,35.080176],[46.133789,35.127637],[46.154688,35.196729],[46.135742,35.232275],[46.117773,35.284277],[46.112109,35.32168],[46.010645,35.424805],[45.975391,35.476807],[45.971094,35.52417],[45.99502,35.608105],[46.037402,35.673145],[46.180957,35.711377],[46.2625,35.744141],[46.273438,35.773242],[46.16748,35.820557],[45.941406,35.8354],[45.776367,35.821826],[45.723438,35.83667],[45.64502,35.928369],[45.561621,35.977197],[45.483789,36.008545],[45.407715,36.002783],[45.361621,36.015332],[45.350879,36.054639],[45.241113,36.355957],[45.206543,36.397168],[45.155273,36.407373],[45.112402,36.409277],[45.083789,36.430029],[45.053125,36.471631],[45.031055,36.526074],[45.029395,36.597559],[45.033984,36.658887],[45.019238,36.698389],[44.981445,36.737695],[44.927832,36.765918],[44.880859,36.799316],[44.798438,37.063867],[44.76543,37.13501],[44.765137,37.142432],[44.766699,37.156348],[44.758301,37.21709],[44.796777,37.269775],[44.794141,37.290381],[44.715137,37.357129],[44.604102,37.42373],[44.574023,37.4354],[44.573145,37.506396],[44.577148,37.560205],[44.567188,37.608643],[44.546094,37.636328],[44.545313,37.658154],[44.589941,37.710352],[44.56123,37.744629],[44.397754,37.829248],[44.33623,37.871777],[44.222949,37.880176],[44.211328,37.908057],[44.228906,37.967187],[44.267969,38.038818],[44.329395,38.109277],[44.348926,38.146484],[44.372754,38.209717],[44.380859,38.25459],[44.449609,38.317773],[44.449902,38.334229],[44.430859,38.356787],[44.375781,38.36958],[44.319629,38.374707],[44.298535,38.386279],[44.29082,38.420117],[44.297852,38.557812],[44.280176,38.640674],[44.257031,38.700635],[44.27168,38.836035],[44.232422,38.863232],[44.170801,38.934375],[44.144531,38.994385],[44.158789,39.016748],[44.171875,39.05625],[44.180566,39.108057],[44.178027,39.144824],[44.121289,39.180615],[44.079102,39.218311],[44.074316,39.259961],[44.05752,39.31084],[44.033789,39.351025],[44.023242,39.377441],[44.043945,39.392969],[44.124023,39.405225],[44.24043,39.396777],[44.335449,39.396045],[44.389355,39.422119],[44.455957,39.666748],[44.516699,39.73125],[44.587109,39.768555],[44.725,39.681738],[44.782129,39.651074],[44.817188,39.650439],[44.838184,39.629102],[45.000195,39.423535],[45.07168,39.362891],[45.113086,39.311572],[45.141211,39.254297],[45.190625,39.215625],[45.255957,39.194678],[45.335547,39.13916],[45.389258,39.095898],[45.479688,39.00625],[45.575,38.972803],[45.921875,38.90791],[46.114453,38.877783],[46.170117,38.869043],[46.317773,38.912646],[46.490625,38.906689],[46.554785,38.904395],[46.783203,39.087402],[46.852539,39.148438],[46.988867,39.180176],[47.06543,39.252881],[47.188379,39.340967],[47.338477,39.423877],[47.476172,39.49834],[47.581836,39.543359],[47.772852,39.648584],[47.892285,39.685059],[47.995898,39.683936],[48.151074,39.560547],[48.281738,39.44834],[48.322168,39.399072],[48.257227,39.35498],[48.136035,39.312354],[48.112891,39.281104],[48.104395,39.241113],[48.10918,39.202832],[48.125488,39.171631],[48.274121,39.099121],[48.291016,39.059277],[48.29209,39.018848],[48.275098,38.993604],[48.241992,38.978955],[48.138574,38.958643],[48.050098,38.93501],[48.019336,38.911816],[47.992676,38.884277],[47.996484,38.85376],[48.023242,38.819043],[48.204688,38.724121],[48.225195,38.689209],[48.261328,38.642285],[48.305566,38.613477],[48.38125,38.605615],[48.417383,38.58623],[48.592676,38.411084],[48.635547,38.39873],[48.840332,38.437256],[48.86875,38.435498],[48.870703,38.392529],[48.901367,38.143652],[48.925098,38.015137],[48.959961,37.890137],[49.015332,37.776074],[49.080957,37.667578],[49.171191,37.600586],[49.372461,37.519971],[49.470117,37.49668],[49.726953,37.480518],[49.980664,37.444873],[50.130469,37.407129],[50.17627,37.380518],[50.214063,37.3396],[50.337891,37.14917],[50.533203,37.013672],[50.927441,36.810205],[51.118555,36.742578],[51.762012,36.614502],[52.190137,36.621729],[53.374121,36.86875],[53.767676,36.930322],[53.91543,36.930322],[53.827441,36.881201],[53.679492,36.853125],[53.76875,36.818457],[53.90625,36.812695],[53.970117,36.818311],[54.016211,36.849658],[54.023828,36.901318],[54.017188,36.95249],[53.951953,37.181738],[53.91416,37.343555]]]]}},{"type":"Feature","properties":{"iso":"IND","name":"India"},"geometry":{"type":"MultiPolygon","coordinates":[[[[68.165039,23.857324],[68.23418,23.900537],[68.28252,23.927979],[68.38125,23.950879],[68.488672,23.967236],[68.586621,23.966602],[68.724121,23.964697],[68.728125,24.265625],[68.739648,24.291992],[68.758984,24.307227],[68.781152,24.313721],[68.8,24.309082],[68.82832,24.264014],[68.863477,24.266504],[68.900781,24.292432],[68.98457,24.273096],[69.051563,24.286328],[69.119531,24.268652],[69.235059,24.268262],[69.443457,24.275391],[69.55918,24.273096],[69.63418,24.225195],[69.716211,24.172607],[69.805176,24.165234],[69.933789,24.171387],[70.021094,24.191553],[70.065137,24.240576],[70.098242,24.2875],[70.289062,24.356299],[70.489258,24.412158],[70.546777,24.418311],[70.565039,24.385791],[70.555859,24.331104],[70.579297,24.279053],[70.659473,24.246094],[70.716309,24.237988],[70.767285,24.24541],[70.805078,24.261963],[70.88623,24.34375],[70.928125,24.362354],[70.982813,24.361035],[71.044043,24.400098],[71.045313,24.42998],[71.00625,24.444336],[70.973242,24.487402],[70.979297,24.522461],[70.969824,24.571875],[70.976367,24.61875],[71.002344,24.653906],[71.047852,24.687744],[71.020703,24.757666],[70.950879,24.891602],[70.877734,25.062988],[70.800488,25.205859],[70.702539,25.331055],[70.652051,25.4229],[70.657227,25.625781],[70.648438,25.666943],[70.614844,25.691895],[70.569531,25.705957],[70.505859,25.685303],[70.448535,25.681348],[70.325195,25.685742],[70.264648,25.706543],[70.100195,25.910059],[70.078613,25.990039],[70.077734,26.071973],[70.132617,26.214795],[70.149219,26.347559],[70.156836,26.471436],[70.147656,26.506445],[70.114648,26.548047],[70.059375,26.57876],[69.911426,26.586133],[69.735938,26.627051],[69.600586,26.699121],[69.506934,26.742676],[69.48125,26.770996],[69.47002,26.804443],[69.494531,26.95415],[69.537012,27.122949],[69.567969,27.174609],[69.621582,27.228076],[69.661328,27.264502],[69.724805,27.312695],[69.896289,27.473633],[70.049805,27.694727],[70.144531,27.849023],[70.193945,27.894873],[70.244336,27.934131],[70.318457,27.981641],[70.403711,28.025049],[70.488574,28.023145],[70.569238,27.983789],[70.629102,27.937451],[70.649121,27.835352],[70.691602,27.768994],[70.737402,27.729004],[70.797949,27.709619],[70.874902,27.714453],[71.184766,27.831641],[71.290137,27.855273],[71.542969,27.869873],[71.716699,27.915088],[71.870313,27.9625],[71.888867,28.047461],[71.948047,28.177295],[72.128516,28.346338],[72.179199,28.421777],[72.233887,28.56582],[72.291992,28.697266],[72.341895,28.751904],[72.625586,28.896143],[72.90332,29.02876],[72.94873,29.088818],[73.12832,29.363916],[73.231152,29.550635],[73.257812,29.610693],[73.317285,29.772998],[73.381641,29.934375],[73.46748,29.97168],[73.658008,30.033203],[73.80918,30.093359],[73.886523,30.162012],[73.933398,30.22207],[73.924609,30.281641],[73.882715,30.352148],[73.891602,30.394043],[73.899316,30.435352],[74.008984,30.519678],[74.215625,30.768994],[74.339355,30.893555],[74.380371,30.893408],[74.509766,30.959668],[74.632812,31.034668],[74.625781,31.06875],[74.610352,31.112842],[74.539746,31.132666],[74.517676,31.185596],[74.534961,31.261377],[74.593945,31.465381],[74.581836,31.523926],[74.509961,31.712939],[74.525977,31.765137],[74.555566,31.818555],[74.635742,31.889746],[74.739453,31.948828],[75.071484,32.089355],[75.13877,32.104785],[75.254102,32.140332],[75.324707,32.215283],[75.333496,32.279199],[75.302637,32.318896],[75.233691,32.372119],[75.104102,32.420361],[74.987305,32.462207],[74.788867,32.457812],[74.685742,32.493799],[74.657813,32.518945],[74.643359,32.607715],[74.663281,32.757666],[74.632422,32.770898],[74.588281,32.753223],[74.483398,32.770996],[74.35459,32.768701],[74.305469,32.810449],[74.32998,32.86084],[74.322754,32.927979],[74.303613,32.991797],[74.283594,33.005127],[74.22207,33.020312],[74.12627,33.075439],[74.049121,33.143408],[74.003809,33.189453],[73.989844,33.221191],[73.994238,33.242188],[74.050391,33.30127],[74.117773,33.384131],[74.142578,33.455371],[74.15,33.506982],[74.13125,33.545068],[74.069727,33.591699],[74.004004,33.632422],[73.977539,33.667822],[73.976465,33.721289],[74.000977,33.788184],[74.078418,33.838672],[74.215625,33.886572],[74.250879,33.946094],[74.246484,33.990186],[74.208984,34.003418],[74.112598,34.003711],[73.949902,34.018799],[73.922363,34.043066],[73.904102,34.075684],[73.903906,34.108008],[73.938281,34.144775],[73.979492,34.191309],[73.972363,34.236621],[73.924609,34.287842],[73.809961,34.325342],[73.794531,34.378223],[73.812109,34.422363],[73.850098,34.485303],[73.883105,34.529053],[73.96123,34.653467],[74.055859,34.680664],[74.171973,34.720898],[74.300391,34.765381],[74.497949,34.732031],[74.594141,34.715771],[74.78877,34.677734],[74.951855,34.64585],[75.118457,34.636816],[75.1875,34.639014],[75.264063,34.601367],[75.452539,34.536719],[75.605566,34.502734],[75.70918,34.503076],[75.862109,34.560254],[75.938281,34.612549],[76.041016,34.669922],[76.172461,34.667725],[76.456738,34.756104],[76.509961,34.740869],[76.594434,34.73584],[76.696289,34.786914],[76.749023,34.847559],[76.75752,34.877832],[76.78291,34.900195],[76.891699,34.938721],[77.000879,34.991992],[77.030664,35.062354],[77.048633,35.109912],[77.168555,35.171533],[77.292969,35.235547],[77.423437,35.302588],[77.571582,35.37876],[77.696973,35.443262],[77.799414,35.495898],[77.802539,35.492773],[77.810938,35.484521],[77.851562,35.460791],[77.894922,35.449023],[77.945898,35.471631],[78.009473,35.490234],[78.042676,35.479785],[78.047461,35.449414],[78.00918,35.306934],[78.012207,35.251025],[78.075781,35.134912],[78.158496,34.946484],[78.236133,34.769824],[78.282031,34.653906],[78.326953,34.606396],[78.515723,34.557959],[78.670801,34.518164],[78.763086,34.45293],[78.864844,34.390332],[78.936426,34.351953],[78.970117,34.302637],[78.976953,34.258105],[78.970605,34.228223],[78.931738,34.188965],[78.753027,34.087695],[78.731738,34.055566],[78.72666,34.013379],[78.761719,33.887598],[78.783789,33.808789],[78.789941,33.650342],[78.801855,33.499707],[78.865039,33.431104],[78.916699,33.386768],[78.948438,33.346533],[79.012598,33.291455],[79.066504,33.250391],[79.1125,33.22627],[79.135156,33.171924],[79.12168,33.108105],[79.102832,33.052539],[79.108594,33.022656],[79.145508,33.001465],[79.202246,32.946045],[79.20957,32.864844],[79.205566,32.809033],[79.22793,32.758789],[79.233887,32.703076],[79.216504,32.564014],[79.219043,32.507568],[79.219336,32.501074],[79.169922,32.497217],[79.127344,32.475781],[79.066992,32.388184],[78.997656,32.365137],[78.918945,32.358203],[78.837891,32.411963],[78.771289,32.468066],[78.753516,32.499268],[78.736719,32.558398],[78.700879,32.597021],[78.631543,32.578955],[78.526367,32.570801],[78.4125,32.557715],[78.391699,32.544727],[78.389648,32.519873],[78.41748,32.466699],[78.441309,32.397363],[78.455273,32.300342],[78.486133,32.23623],[78.495898,32.215771],[78.677734,32.023047],[78.725586,31.983789],[78.735449,31.957959],[78.719727,31.887646],[78.687012,31.805518],[78.693457,31.740381],[78.753906,31.668359],[78.80293,31.618066],[78.755078,31.550293],[78.726758,31.471826],[78.758594,31.436572],[78.743555,31.323779],[78.757812,31.30249],[78.791602,31.293652],[78.844531,31.301514],[78.899512,31.331348],[78.945996,31.337207],[78.973926,31.328613],[79.011133,31.414111],[79.04375,31.426221],[79.107129,31.402637],[79.232617,31.241748],[79.33877,31.105713],[79.369629,31.079932],[79.388477,31.064209],[79.493164,30.993701],[79.56543,30.949072],[79.664258,30.965234],[79.794629,30.968262],[79.871875,30.924609],[79.916602,30.894189],[79.918555,30.889893],[79.924512,30.88877],[80.081445,30.781934],[80.149414,30.789844],[80.194336,30.759229],[80.207129,30.68374],[80.18623,30.605322],[80.191211,30.568408],[80.260938,30.561328],[80.40957,30.509473],[80.541016,30.463525],[80.608887,30.448877],[80.682129,30.414844],[80.746777,30.3604],[80.873535,30.290576],[80.985449,30.237109],[81.010254,30.164502],[80.966113,30.180029],[80.907617,30.171924],[80.848145,30.139746],[80.819922,30.119336],[80.684082,29.994336],[80.612891,29.955859],[80.549023,29.899805],[80.401855,29.730273],[80.316895,29.57207],[80.254883,29.42334],[80.255957,29.318018],[80.233008,29.194629],[80.169531,29.124316],[80.130469,29.100391],[80.08457,28.994189],[80.05166,28.870312],[80.070703,28.830176],[80.149609,28.776074],[80.226562,28.72334],[80.324805,28.666406],[80.418555,28.612012],[80.479102,28.604883],[80.495801,28.635791],[80.517871,28.665186],[80.587012,28.649609],[80.671289,28.59624],[80.726172,28.553906],[80.750781,28.539697],[80.896094,28.468555],[81.016602,28.40957],[81.168945,28.33501],[81.20625,28.289404],[81.238965,28.240869],[81.31084,28.176367],[81.486035,28.062207],[81.635547,27.980469],[81.757227,27.913818],[81.852637,27.86709],[81.896875,27.874463],[81.945215,27.899268],[81.987695,27.91377],[82.037012,27.900586],[82.111914,27.864941],[82.287695,27.756543],[82.451367,27.671826],[82.629883,27.687061],[82.677344,27.673437],[82.71084,27.59668],[82.733398,27.518994],[82.932813,27.467676],[83.064063,27.444531],[83.213867,27.402295],[83.289746,27.370996],[83.369434,27.410254],[83.383984,27.444824],[83.447168,27.465332],[83.55166,27.456348],[83.746973,27.395947],[83.828809,27.377832],[83.897168,27.435107],[84.024805,27.46167],[84.091016,27.491357],[84.229785,27.427832],[84.480859,27.348193],[84.610156,27.298682],[84.640723,27.249854],[84.654785,27.203662],[84.653809,27.091699],[84.685352,27.041016],[84.937207,26.926904],[85.020117,26.878516],[85.087305,26.862939],[85.125391,26.860986],[85.151563,26.846631],[85.174121,26.781543],[85.191797,26.766553],[85.240234,26.750342],[85.292969,26.741016],[85.456445,26.797217],[85.568457,26.839844],[85.648438,26.829004],[85.699902,26.781641],[85.707422,26.712646],[85.737305,26.639746],[85.794531,26.60415],[85.855664,26.600195],[86.007324,26.649365],[86.129395,26.611719],[86.241602,26.597998],[86.366113,26.574414],[86.414453,26.556299],[86.543652,26.495996],[86.701367,26.435059],[86.7625,26.441943],[87.016406,26.55542],[87.037891,26.541602],[87.089551,26.433203],[87.166797,26.394238],[87.287402,26.360303],[87.413574,26.422949],[87.513086,26.40498],[87.633398,26.399121],[87.748828,26.429297],[87.849219,26.436914],[87.995117,26.382373],[88.026953,26.39502],[88.054883,26.430029],[88.111523,26.586426],[88.161523,26.724805],[88.157227,26.807324],[88.111035,26.928467],[87.993164,27.086084],[87.984375,27.133936],[88.024121,27.408887],[88.067871,27.567383],[88.105566,27.642432],[88.146973,27.749219],[88.154297,27.798682],[88.150293,27.843311],[88.109766,27.870605],[88.098926,27.904541],[88.108984,27.933008],[88.141113,27.948926],[88.275195,27.968848],[88.425977,28.01167],[88.486133,28.034473],[88.531641,28.057373],[88.57793,28.093359],[88.621094,28.091846],[88.75625,28.039697],[88.803711,28.006934],[88.828613,27.907275],[88.848828,27.868652],[88.829883,27.767383],[88.749023,27.521875],[88.764844,27.429883],[88.83252,27.362842],[88.891406,27.316064],[88.881641,27.297461],[88.760352,27.218115],[88.73877,27.175586],[88.765625,27.134229],[88.813574,27.099023],[88.835156,27.065576],[88.857617,26.961475],[88.919141,26.932227],[89.040918,26.865039],[89.148242,26.816162],[89.332129,26.848633],[89.38418,26.826562],[89.474609,26.803418],[89.545117,26.79624],[89.586133,26.778955],[89.60918,26.762207],[89.606152,26.741113],[89.609961,26.719434],[89.710938,26.713916],[89.763867,26.701563],[89.943164,26.723926],[90.122949,26.75459],[90.206055,26.84751],[90.242383,26.85415],[90.345898,26.890332],[90.447656,26.850781],[90.559863,26.796582],[90.620313,26.780225],[90.739648,26.77168],[90.855762,26.777734],[91.133887,26.803418],[91.286523,26.789941],[91.426758,26.86709],[91.455859,26.866895],[91.517578,26.807324],[91.671582,26.802002],[91.753711,26.830762],[91.84209,26.852979],[91.898633,26.860059],[91.94375,26.86084],[91.99834,26.85498],[92.049707,26.874854],[92.073438,26.914844],[92.068164,26.975195],[92.030859,27.04082],[91.998633,27.079297],[91.992285,27.099902],[92.002539,27.147363],[92.031152,27.214307],[92.083398,27.290625],[92.044922,27.364697],[91.99082,27.450195],[91.950977,27.458301],[91.85127,27.438623],[91.743066,27.442529],[91.658105,27.493604],[91.594727,27.557666],[91.579297,27.611426],[91.597656,27.677002],[91.625879,27.737305],[91.631934,27.759961],[91.712598,27.759814],[91.824707,27.746436],[91.909375,27.729687],[91.977637,27.730371],[92.10127,27.807617],[92.157617,27.812256],[92.222266,27.826953],[92.250488,27.841504],[92.270117,27.830225],[92.341016,27.820752],[92.414844,27.824609],[92.480664,27.845947],[92.54668,27.879199],[92.664355,27.948926],[92.687793,27.988965],[92.6875,28.025732],[92.665625,28.049854],[92.643457,28.061523],[92.652539,28.093359],[92.701855,28.147119],[92.881836,28.228125],[93.034961,28.327637],[93.119238,28.402295],[93.157813,28.492725],[93.206543,28.59082],[93.251953,28.629492],[93.360547,28.654053],[93.664941,28.690234],[93.760742,28.729785],[93.902246,28.803223],[93.973633,28.860791],[94.013281,28.90752],[94.017676,28.959521],[94.111523,28.975879],[94.193457,29.059912],[94.293262,29.144629],[94.468066,29.216211],[94.623047,29.312402],[94.677051,29.297021],[94.733398,29.251611],[94.763086,29.20127],[94.769434,29.175879],[94.96748,29.144043],[94.998828,29.14917],[95.144727,29.104053],[95.279102,29.049561],[95.353125,29.035889],[95.389258,29.037402],[95.420215,29.054297],[95.456543,29.102295],[95.49375,29.137012],[95.516992,29.151172],[95.51582,29.206348],[95.710352,29.313818],[95.885059,29.390918],[96.035352,29.447168],[96.07959,29.424121],[96.128516,29.381396],[96.194727,29.272461],[96.234961,29.245801],[96.337207,29.260986],[96.355859,29.249072],[96.339746,29.209814],[96.270508,29.16123],[96.180859,29.117676],[96.122363,29.08208],[96.141406,28.963477],[96.137109,28.922607],[96.162207,28.909717],[96.346875,29.027441],[96.435742,29.050684],[96.46709,29.022266],[96.477148,28.959326],[96.55,28.82959],[96.580859,28.763672],[96.395605,28.606543],[96.327344,28.525391],[96.329883,28.496826],[96.326172,28.468555],[96.278906,28.428174],[96.281445,28.412061],[96.319824,28.386523],[96.366406,28.367285],[96.389063,28.36792],[96.427734,28.406006],[96.602637,28.459912],[96.652832,28.449756],[96.775781,28.367041],[96.833008,28.362402],[96.980859,28.337695],[97.075391,28.368945],[97.145117,28.340332],[97.289453,28.236816],[97.322461,28.217969],[97.310254,28.155225],[97.302734,28.085986],[97.33916,28.030859],[97.343555,27.982324],[97.335156,27.937744],[97.306152,27.90708],[97.226074,27.890039],[97.157813,27.836865],[97.049707,27.76001],[96.962793,27.698291],[96.899707,27.643848],[96.876855,27.586719],[96.883594,27.514844],[96.901953,27.4396],[97.103711,27.16333],[97.102051,27.11543],[97.038086,27.102051],[96.953418,27.133301],[96.880273,27.177832],[96.797852,27.296191],[96.731641,27.331494],[96.665723,27.339258],[96.274219,27.278369],[96.19082,27.261279],[96.061426,27.21709],[95.970898,27.128076],[95.905273,27.046631],[95.837305,27.013818],[95.738379,26.950439],[95.463867,26.756055],[95.305078,26.672266],[95.201465,26.641406],[95.128711,26.597266],[95.089453,26.525488],[95.059766,26.473975],[95.050879,26.347266],[95.068945,26.191113],[95.108398,26.091406],[95.129297,26.07041],[95.132422,26.04126],[95.092969,25.987305],[95.040723,25.941309],[95.015234,25.912939],[94.991992,25.770459],[94.945703,25.700244],[94.861133,25.597217],[94.78584,25.519336],[94.667773,25.458887],[94.622852,25.41001],[94.579883,25.319824],[94.554395,25.243457],[94.553027,25.215723],[94.566504,25.191504],[94.615625,25.1646],[94.675293,25.138574],[94.703711,25.097852],[94.707617,25.04873],[94.663281,24.931006],[94.584082,24.767236],[94.493164,24.637646],[94.399414,24.514062],[94.377246,24.47373],[94.293066,24.321875],[94.219727,24.113184],[94.170313,23.972656],[94.127637,23.876465],[94.074805,23.87207],[94.01084,23.90293],[93.855469,23.943896],[93.755859,23.976904],[93.683398,24.006543],[93.633301,24.005371],[93.564063,23.986084],[93.49375,23.972852],[93.452148,23.987402],[93.355566,24.074121],[93.32627,24.064209],[93.307324,24.021875],[93.372559,23.77417],[93.414941,23.68208],[93.408105,23.528027],[93.391309,23.33916],[93.366016,23.13252],[93.349414,23.084961],[93.308008,23.030371],[93.253516,23.015479],[93.203906,23.037012],[93.16416,23.032031],[93.150977,22.997314],[93.1625,22.907959],[93.114258,22.805713],[93.078711,22.718213],[93.088184,22.633252],[93.105078,22.547119],[93.162012,22.360205],[93.162402,22.291895],[93.151172,22.230615],[93.121484,22.205176],[93.070605,22.209424],[93.042969,22.183984],[93.021973,22.145703],[92.964551,22.00376],[92.909473,21.988916],[92.854297,22.010156],[92.771387,22.104785],[92.720996,22.132422],[92.688965,22.130957],[92.674707,22.106006],[92.652637,22.049316],[92.630371,22.011328],[92.574902,21.978076],[92.56123,22.048047],[92.531836,22.410303],[92.50957,22.525684],[92.491406,22.6854],[92.464453,22.734424],[92.430469,22.821826],[92.393164,22.897021],[92.361621,22.929004],[92.341211,23.069824],[92.333789,23.242383],[92.33418,23.323828],[92.289355,23.49248],[92.246094,23.683594],[92.187109,23.675537],[92.152344,23.721875],[92.127051,23.720996],[92.044043,23.677783],[91.978516,23.691992],[91.92959,23.685986],[91.929492,23.598242],[91.937891,23.504688],[91.919141,23.471045],[91.790039,23.361035],[91.754199,23.287305],[91.75791,23.209814],[91.773828,23.106104],[91.750977,23.053516],[91.694922,23.004834],[91.619531,22.979688],[91.553516,22.991553],[91.51123,23.033691],[91.471387,23.14126],[91.43623,23.199902],[91.399414,23.213867],[91.370605,23.197998],[91.366797,23.130469],[91.368652,23.074561],[91.359375,23.068359],[91.338867,23.077002],[91.315234,23.104395],[91.253809,23.373633],[91.165527,23.581055],[91.160449,23.660645],[91.19248,23.762891],[91.232031,23.920459],[91.336426,24.018799],[91.350195,24.060498],[91.36709,24.093506],[91.392676,24.100098],[91.526367,24.090771],[91.571387,24.106592],[91.611133,24.152832],[91.66875,24.190088],[91.726562,24.205078],[91.772461,24.210645],[91.846191,24.175293],[91.876953,24.195312],[91.899023,24.260693],[91.931055,24.325537],[91.95166,24.356738],[92.001074,24.370898],[92.06416,24.374365],[92.085059,24.386182],[92.101953,24.408057],[92.11748,24.493945],[92.198047,24.685742],[92.22666,24.770996],[92.230566,24.78623],[92.22832,24.881348],[92.25127,24.895068],[92.384961,24.848779],[92.443164,24.849414],[92.475,24.868506],[92.485449,24.90332],[92.468359,24.944141],[92.373438,25.015137],[92.204688,25.110937],[92.049707,25.169482],[91.763477,25.160645],[91.479688,25.142139],[91.39668,25.151611],[91.293164,25.177979],[91.038281,25.174072],[90.730176,25.159473],[90.613086,25.167725],[90.555273,25.166602],[90.439355,25.157715],[90.250391,25.184961],[90.119629,25.219971],[90.003809,25.25835],[89.866309,25.293164],[89.833301,25.292773],[89.814063,25.305371],[89.800879,25.336133],[89.796289,25.37583],[89.824902,25.560156],[89.799609,25.8396],[89.822949,25.941406],[89.709863,26.17124],[89.670898,26.213818],[89.619043,26.215674],[89.585742,26.186035],[89.572754,26.132324],[89.591406,26.072412],[89.549902,26.005273],[89.466895,25.983545],[89.369727,26.006104],[89.289258,26.037598],[89.186426,26.105957],[89.108301,26.202246],[89.101953,26.30835],[89.066797,26.376904],[89.018652,26.410254],[88.983398,26.419531],[88.951953,26.412109],[88.924121,26.375098],[88.948242,26.337988],[88.981543,26.286133],[88.97041,26.250879],[88.940723,26.245361],[88.896484,26.260498],[88.828027,26.252197],[88.761914,26.279395],[88.722168,26.281836],[88.682813,26.291699],[88.680664,26.352979],[88.620117,26.430664],[88.518262,26.517773],[88.418164,26.571533],[88.369922,26.564111],[88.345898,26.504785],[88.351465,26.482568],[88.38623,26.471533],[88.436719,26.437109],[88.447852,26.401025],[88.44043,26.369482],[88.378027,26.312012],[88.333984,26.25752],[88.235156,26.178076],[88.150781,26.087158],[88.129004,26.018213],[88.097363,25.956348],[88.08457,25.888232],[88.106641,25.841113],[88.147461,25.811426],[88.25293,25.789795],[88.363086,25.698193],[88.452344,25.574414],[88.502441,25.537012],[88.593457,25.495312],[88.769141,25.490479],[88.79541,25.45625],[88.820312,25.365527],[88.854785,25.333545],[88.944141,25.290771],[88.95166,25.259277],[88.929785,25.222998],[88.890137,25.194385],[88.817285,25.176221],[88.747559,25.168945],[88.677539,25.180469],[88.573828,25.187891],[88.45625,25.188428],[88.372949,24.961523],[88.313379,24.881836],[88.279492,24.881934],[88.188867,24.920605],[88.149805,24.914648],[88.045117,24.713037],[88.030273,24.664453],[88.023438,24.627832],[88.079102,24.549902],[88.145508,24.485791],[88.225,24.460645],[88.287109,24.479736],[88.3375,24.453857],[88.396973,24.389258],[88.498535,24.346631],[88.642285,24.325977],[88.723535,24.274902],[88.733594,24.230908],[88.726562,24.18623],[88.71377,24.069629],[88.699805,24.002539],[88.622559,23.826367],[88.567383,23.674414],[88.595996,23.602197],[88.616406,23.572754],[88.635742,23.55],[88.697656,23.493018],[88.74082,23.436621],[88.704004,23.292822],[88.724414,23.25498],[88.807617,23.229687],[88.89707,23.2104],[88.928125,23.186621],[88.850586,23.040527],[88.866992,22.938867],[88.899707,22.843506],[88.923438,22.687549],[88.926953,22.671143],[88.920703,22.632031],[88.971484,22.510937],[89.05,22.274609],[89.055859,22.18623],[89.051465,22.093164],[89.02793,21.937207],[88.949316,21.937939],[89.019629,21.833643],[89.041992,21.758691],[89.05166,21.654102],[88.96709,21.641357],[88.907422,21.653076],[88.85752,21.744678],[88.834375,21.661377],[88.74502,21.584375],[88.712988,21.621973],[88.694727,21.662402],[88.691211,21.733496],[88.740234,22.00542],[88.730273,22.036084],[88.708301,22.056152],[88.65957,22.066943],[88.641602,22.121973],[88.566797,21.832129],[88.599805,21.71377],[88.584668,21.659717],[88.445996,21.614258],[88.305469,21.72334],[88.2875,21.758203],[88.279199,21.696875],[88.253711,21.622314],[88.12207,21.635791],[88.056836,21.694141],[88.099414,21.793555],[88.181055,22.03291],[88.196289,22.139551],[88.087109,22.217725],[87.994434,22.265674],[87.941406,22.374316],[87.961621,22.255029],[88.010742,22.212646],[88.083008,22.182715],[88.159277,22.121729],[88.104102,22.047363],[88.050781,22.001074],[87.948437,21.825439],[87.82373,21.727344],[87.678223,21.653516],[87.200684,21.544873],[87.100684,21.500781],[86.954102,21.365332],[86.85957,21.236719],[86.842285,21.106348],[86.895801,20.965576],[86.939355,20.745068],[86.975488,20.700146],[86.924512,20.619775],[86.835938,20.534326],[86.7625,20.419141],[86.769238,20.355908],[86.750391,20.313232],[86.49873,20.171631],[86.445801,20.088916],[86.376563,20.006738],[86.293652,20.05376],[86.245215,20.053027],[86.311914,19.987793],[86.30293,19.944678],[86.279492,19.919434],[86.216211,19.895801],[85.85293,19.791748],[85.575,19.69292],[85.496875,19.696924],[85.511133,19.726904],[85.559766,19.753467],[85.555078,19.866895],[85.504102,19.887695],[85.459961,19.895898],[85.248633,19.757666],[85.162793,19.620898],[85.180762,19.594873],[85.228516,19.601318],[85.370898,19.678906],[85.436914,19.656885],[85.441602,19.626562],[85.225586,19.50835],[84.770996,19.125391],[84.749805,19.050098],[84.69082,18.964697],[84.609375,18.884326],[84.462793,18.689746],[84.181738,18.400586],[84.104102,18.292676],[83.654297,18.069873],[83.572266,18.003613],[83.387988,17.78667],[83.19834,17.608984],[82.976855,17.461816],[82.593164,17.273926],[82.35957,17.096191],[82.286523,16.978076],[82.281934,16.936084],[82.307227,16.878564],[82.35,16.825195],[82.359766,16.782813],[82.338672,16.706543],[82.327148,16.664355],[82.258789,16.559863],[82.141504,16.485352],[81.761914,16.329492],[81.711719,16.334473],[81.401855,16.365234],[81.286133,16.337061],[81.238574,16.263965],[81.132129,15.961768],[81.030078,15.881445],[80.993457,15.80874],[80.978711,15.75835],[80.917773,15.759668],[80.864746,15.782227],[80.825977,15.765918],[80.781836,15.867334],[80.707812,15.888086],[80.646582,15.89502],[80.384863,15.792773],[80.293457,15.710742],[80.101074,15.323633],[80.053418,15.074023],[80.098633,14.798242],[80.16543,14.577832],[80.178711,14.47832],[80.170117,14.349414],[80.13623,14.286572],[80.111719,14.212207],[80.143652,14.058936],[80.224414,13.858203],[80.244141,13.773486],[80.245801,13.68584],[80.306543,13.485059],[80.265625,13.521289],[80.233398,13.605762],[80.15625,13.71377],[80.062109,13.60625],[80.114258,13.528711],[80.290332,13.436719],[80.342383,13.361328],[80.229102,12.690332],[80.143066,12.452002],[80.0375,12.295801],[79.981738,12.235449],[79.858496,11.98877],[79.771387,11.690234],[79.754102,11.575293],[79.793359,11.44668],[79.748926,11.370605],[79.693164,11.312549],[79.799023,11.338672],[79.835254,11.268848],[79.848633,11.196875],[79.850195,10.768848],[79.838184,10.322559],[79.756934,10.304346],[79.667383,10.299707],[79.588574,10.312354],[79.531641,10.329639],[79.390527,10.305957],[79.314551,10.256689],[79.253613,10.174805],[79.257812,10.035205],[78.996289,9.683105],[78.939941,9.565771],[78.919141,9.452881],[78.953125,9.393799],[79.019922,9.33335],[79.107031,9.308936],[79.275488,9.284619],[79.356348,9.252148],[79.411426,9.192383],[79.212891,9.256006],[78.97959,9.268555],[78.421484,9.105029],[78.274512,8.990186],[78.19248,8.890869],[78.136035,8.663379],[78.126367,8.511328],[78.060156,8.38457],[77.770312,8.189844],[77.587207,8.129883],[77.517578,8.07832],[77.301465,8.145313],[77.065918,8.315918],[76.966895,8.407275],[76.617285,8.84707],[76.553418,8.902783],[76.48291,9.090771],[76.471777,9.16084],[76.452344,9.18877],[76.419043,9.207812],[76.403125,9.236816],[76.324609,9.4521],[76.292383,9.676465],[76.242383,9.9271],[76.284668,9.909863],[76.343066,9.827344],[76.372266,9.707373],[76.375586,9.539893],[76.419531,9.520459],[76.458789,9.53623],[76.346484,9.922119],[76.24873,10.017969],[76.222754,10.024268],[76.195605,10.086133],[76.192676,10.16377],[76.201465,10.200635],[76.12334,10.327002],[76.096094,10.402246],[75.922559,10.784082],[75.844629,11.057568],[75.723828,11.361768],[75.646094,11.468408],[75.524512,11.703125],[75.422656,11.812207],[75.314648,11.958447],[75.229785,12.02334],[75.19668,12.05752],[74.945508,12.564551],[74.868262,12.84458],[74.80293,12.976855],[74.770508,13.077344],[74.682324,13.506934],[74.681641,13.58374],[74.670898,13.667627],[74.608496,13.849658],[74.498535,14.046338],[74.466699,14.168848],[74.466992,14.216504],[74.397168,14.407422],[74.382227,14.494727],[74.335059,14.575439],[74.280371,14.649512],[74.223047,14.708887],[74.08877,14.902197],[74.040625,14.949365],[73.949219,15.074756],[73.884277,15.306445],[73.800781,15.396973],[73.931934,15.396973],[73.851953,15.482471],[73.813867,15.538574],[73.771777,15.573047],[73.832813,15.659375],[73.732813,15.656934],[73.679883,15.708887],[73.607715,15.871094],[73.476074,16.054248],[73.453711,16.1521],[73.337598,16.459863],[73.23916,17.198535],[73.149023,17.527441],[73.156055,17.621924],[73.047168,17.906738],[72.993945,18.097705],[72.97207,18.259277],[72.943164,18.365625],[72.917187,18.576123],[72.875488,18.642822],[72.870898,18.683057],[72.89873,18.778955],[72.976855,18.927197],[73.005566,19.021094],[72.97207,19.15332],[72.900684,19.014502],[72.834668,18.975586],[72.803027,19.079297],[72.802734,19.21875],[72.794531,19.2521],[72.811621,19.298926],[72.987207,19.277441],[72.787891,19.362988],[72.763965,19.413184],[72.756445,19.450537],[72.799414,19.519824],[72.726563,19.578271],[72.697461,19.757129],[72.675977,19.797949],[72.667773,19.830957],[72.708984,20.078027],[72.881152,20.563184],[72.89375,20.672754],[72.878906,20.828516],[72.840527,20.95249],[72.824316,21.083594],[72.813867,21.117188],[72.751562,21.12915],[72.692383,21.177637],[72.623828,21.371973],[72.686523,21.435742],[72.734766,21.470801],[72.668359,21.455908],[72.613281,21.461816],[72.717578,21.55127],[72.810547,21.619922],[73.022461,21.699609],[73.1125,21.750439],[72.979102,21.704688],[72.839746,21.687256],[72.543066,21.696582],[72.59248,21.877588],[72.644043,21.937988],[72.700195,21.971924],[72.61748,21.961719],[72.522266,21.976221],[72.553027,22.159961],[72.62793,22.199609],[72.708789,22.207178],[72.80918,22.233301],[72.701953,22.263623],[72.590137,22.278125],[72.455957,22.248096],[72.332617,22.270215],[72.182813,22.269727],[72.242578,22.245166],[72.306445,22.189209],[72.274414,22.089746],[72.244336,22.027637],[72.161719,21.984814],[72.094434,21.919971],[72.075586,21.862988],[72.037207,21.823047],[72.10293,21.79458],[72.170898,21.774316],[72.210352,21.728223],[72.256641,21.66123],[72.254004,21.531006],[72.076563,21.224072],[72.015234,21.155713],[71.571094,20.970557],[71.396484,20.869775],[71.024609,20.738867],[70.879687,20.714502],[70.719336,20.74043],[70.485059,20.840186],[70.127344,21.094678],[70.034375,21.178809],[69.748438,21.505713],[69.541992,21.678564],[69.385449,21.839551],[69.191699,21.991504],[69.008789,22.196777],[68.969922,22.290283],[68.983496,22.3854],[69.05166,22.437305],[69.131348,22.41626],[69.194238,22.336084],[69.238867,22.300195],[69.276563,22.285498],[69.549219,22.408398],[69.655176,22.403516],[69.727539,22.465186],[69.819043,22.451758],[70.005859,22.547705],[70.08418,22.553516],[70.177246,22.572754],[70.327734,22.815771],[70.44043,22.970312],[70.513477,23.00249],[70.509375,23.040137],[70.489258,23.089502],[70.43457,23.0771],[70.396289,23.030127],[70.367969,22.973486],[70.339453,22.939746],[70.251172,22.970898],[70.191699,22.965674],[70.118262,22.947021],[69.849805,22.856445],[69.739648,22.775195],[69.664648,22.759082],[69.235937,22.848535],[68.81709,23.053711],[68.640723,23.189941],[68.529199,23.364063],[68.41748,23.571484],[68.453809,23.629492],[68.627148,23.75415],[68.776758,23.8521],[68.642383,23.808496],[68.496875,23.747998],[68.424902,23.705566],[68.343359,23.616846],[68.234961,23.596973],[68.191992,23.728906],[68.165039,23.857324]]]]}},{"type":"Feature","properties":{"iso":"CHN","name":"China"},"geometry":{"type":"MultiPolygon","coordinates":[[[[107.972656,21.507959],[107.908398,21.5604],[107.802051,21.645166],[107.759277,21.655029],[107.641016,21.613916],[107.471387,21.59834],[107.433496,21.642285],[107.351172,21.608887],[107.27207,21.710645],[107.178516,21.71709],[107.061621,21.794189],[107.019824,21.834863],[107.006445,21.893408],[106.970996,21.923926],[106.925195,21.920117],[106.874512,21.95127],[106.794141,21.981982],[106.729492,22.000342],[106.697656,21.986182],[106.663574,21.978906],[106.657715,22.018213],[106.660059,22.136475],[106.654199,22.241455],[106.636523,22.288623],[106.593164,22.324512],[106.553613,22.341699],[106.536328,22.39541],[106.550391,22.501367],[106.582422,22.573242],[106.633105,22.586035],[106.701563,22.637744],[106.736328,22.710938],[106.780273,22.778906],[106.624023,22.874268],[106.541797,22.90835],[106.450879,22.893896],[106.338086,22.863477],[106.279004,22.857471],[106.249414,22.869434],[106.183984,22.955127],[106.148438,22.970068],[106.068457,22.975537],[106.000977,22.974756],[105.962305,22.937451],[105.902637,22.924951],[105.842969,22.922803],[105.782324,22.969336],[105.691211,23.029932],[105.548145,23.072656],[105.530859,23.121973],[105.494531,23.180859],[105.440137,23.235352],[105.350488,23.307666],[105.275391,23.345215],[105.23877,23.322119],[105.189063,23.281055],[104.995703,23.194336],[104.910156,23.160547],[104.864746,23.136377],[104.826563,23.100195],[104.814746,23.010791],[104.795703,22.911133],[104.740039,22.860498],[104.687305,22.822217],[104.631738,22.818213],[104.577539,22.82002],[104.526855,22.804102],[104.371777,22.704053],[104.29834,22.712012],[104.238281,22.768506],[104.2125,22.809424],[104.143066,22.800146],[104.053906,22.752295],[104.012695,22.666357],[103.99082,22.586133],[103.971387,22.550488],[103.941504,22.540088],[103.915039,22.538232],[103.637305,22.77002],[103.620215,22.782031],[103.570703,22.734424],[103.525391,22.611572],[103.492969,22.587988],[103.470996,22.597412],[103.356055,22.754688],[103.32666,22.769775],[103.300586,22.764404],[103.266309,22.713525],[103.193359,22.638525],[103.137598,22.592969],[103.136328,22.542236],[103.075879,22.49751],[103.005371,22.452979],[102.981934,22.448242],[102.935156,22.466162],[102.874219,22.525391],[102.830078,22.587158],[102.720996,22.648486],[102.598535,22.700391],[102.517188,22.741016],[102.470898,22.750928],[102.42793,22.732812],[102.406445,22.708008],[102.375781,22.646631],[102.302246,22.545996],[102.237012,22.466016],[102.175977,22.414648],[102.127441,22.379199],[102.091504,22.412256],[102.024414,22.439209],[101.94541,22.439404],[101.841797,22.388477],[101.759961,22.490332],[101.73877,22.495264],[101.70752,22.486572],[101.671484,22.462305],[101.646191,22.40542],[101.619922,22.327441],[101.567871,22.276367],[101.524512,22.253662],[101.537305,22.209863],[101.561816,22.162402],[101.560254,22.120898],[101.575781,22.055273],[101.60293,21.989697],[101.699609,21.882471],[101.736523,21.826514],[101.743945,21.777979],[101.747266,21.605762],[101.743457,21.533838],[101.724219,21.39502],[101.722949,21.314941],[101.763086,21.278906],[101.802051,21.235986],[101.800586,21.212598],[101.783496,21.20415],[101.728125,21.156396],[101.704785,21.150146],[101.668555,21.169629],[101.62168,21.184424],[101.583887,21.203564],[101.542383,21.234277],[101.443555,21.230811],[101.281445,21.184131],[101.247852,21.197314],[101.224414,21.22373],[101.211816,21.278223],[101.219922,21.342432],[101.205566,21.383301],[101.175391,21.40752],[101.19668,21.52207],[101.138867,21.56748],[101.147266,21.581641],[101.128125,21.705127],[101.130859,21.735547],[101.120703,21.746094],[101.079785,21.755859],[101.019336,21.736377],[100.835156,21.655176],[100.677148,21.504932],[100.60459,21.471777],[100.531348,21.458105],[100.445703,21.484082],[100.350586,21.501025],[100.214746,21.462988],[100.147656,21.480518],[100.116797,21.511182],[100.089258,21.55791],[100.105762,21.617041],[100.095508,21.660645],[100.041211,21.682764],[99.978223,21.701611],[99.940723,21.75874],[99.925586,21.820801],[99.94043,21.901611],[99.947852,21.98833],[99.917676,22.028027],[99.825391,22.049707],[99.592676,22.08916],[99.388672,22.110791],[99.303125,22.100635],[99.233398,22.110156],[99.192969,22.125977],[99.173438,22.15332],[99.172363,22.19248],[99.205371,22.282568],[99.243066,22.370361],[99.337695,22.498047],[99.343164,22.586523],[99.338281,22.688672],[99.385156,22.825098],[99.466797,22.927295],[99.507129,22.959131],[99.497266,23.00459],[99.464551,23.04624],[99.418066,23.069238],[99.34082,23.095898],[99.220313,23.10332],[99.055078,23.130566],[98.86377,23.19126],[98.885547,23.307471],[98.882617,23.380322],[98.858887,23.440088],[98.819727,23.48252],[98.797852,23.52041],[98.832227,23.624365],[98.787695,23.737842],[98.735059,23.783105],[98.680859,23.841797],[98.676758,23.905078],[98.701563,23.964062],[98.833984,24.090576],[98.835059,24.121191],[98.802344,24.118701],[98.764355,24.116064],[98.583398,24.069824],[98.56416,24.098828],[98.499414,24.115674],[98.367285,24.119043],[98.2125,24.110645],[98.016895,24.06543],[97.837695,23.986279],[97.755664,23.931885],[97.686035,23.898096],[97.629687,23.887158],[97.564551,23.911035],[97.568262,23.988477],[97.690625,24.130811],[97.708203,24.22876],[97.670703,24.312744],[97.666602,24.37998],[97.623633,24.422949],[97.563281,24.443848],[97.531445,24.491699],[97.529395,24.631201],[97.583301,24.774805],[97.670703,24.820117],[97.723828,24.841992],[97.737891,24.869873],[97.710742,24.970361],[97.714941,25.034326],[97.767383,25.158057],[97.819531,25.251855],[97.917969,25.236133],[97.962012,25.259326],[98.010742,25.292529],[98.064063,25.348975],[98.099609,25.415723],[98.142871,25.571094],[98.172559,25.594531],[98.296582,25.568848],[98.333789,25.586768],[98.40166,25.677979],[98.465527,25.788867],[98.558398,25.823242],[98.625391,25.826709],[98.65625,25.863574],[98.654688,25.917773],[98.591016,26.003711],[98.564063,26.072412],[98.571973,26.114062],[98.663184,26.139453],[98.685547,26.189355],[98.671875,26.298535],[98.709473,26.429688],[98.731836,26.583398],[98.739355,26.698145],[98.738477,26.785742],[98.729492,26.877393],[98.716504,27.044922],[98.674805,27.190625],[98.682422,27.245312],[98.676758,27.421924],[98.651172,27.572461],[98.599805,27.598828],[98.504492,27.647656],[98.452539,27.657227],[98.408887,27.639453],[98.392383,27.587061],[98.350488,27.538086],[98.298828,27.550098],[98.274219,27.599072],[98.241016,27.663184],[98.130469,27.967578],[98.118359,28.055225],[98.098926,28.142285],[98.061621,28.185889],[98.022266,28.211523],[97.934082,28.313818],[97.887598,28.356494],[97.864941,28.363574],[97.816504,28.356348],[97.769043,28.356152],[97.730078,28.407129],[97.694629,28.469336],[97.658887,28.5],[97.599219,28.517041],[97.537891,28.510205],[97.502148,28.456348],[97.477734,28.425635],[97.431445,28.353906],[97.356445,28.254492],[97.322461,28.217969],[97.289453,28.236816],[97.145117,28.340332],[97.075391,28.368945],[96.980859,28.337695],[96.833008,28.362402],[96.775781,28.367041],[96.652832,28.449756],[96.602637,28.459912],[96.427734,28.406006],[96.389063,28.36792],[96.366406,28.367285],[96.319824,28.386523],[96.281445,28.412061],[96.278906,28.428174],[96.326172,28.468555],[96.329883,28.496826],[96.327344,28.525391],[96.395605,28.606543],[96.580859,28.763672],[96.55,28.82959],[96.477148,28.959326],[96.46709,29.022266],[96.435742,29.050684],[96.346875,29.027441],[96.162207,28.909717],[96.137109,28.922607],[96.141406,28.963477],[96.122363,29.08208],[96.180859,29.117676],[96.270508,29.16123],[96.339746,29.209814],[96.355859,29.249072],[96.337207,29.260986],[96.234961,29.245801],[96.194727,29.272461],[96.128516,29.381396],[96.07959,29.424121],[96.035352,29.447168],[95.885059,29.390918],[95.710352,29.313818],[95.51582,29.206348],[95.516992,29.151172],[95.49375,29.137012],[95.456543,29.102295],[95.420215,29.054297],[95.389258,29.037402],[95.353125,29.035889],[95.279102,29.049561],[95.144727,29.104053],[94.998828,29.14917],[94.96748,29.144043],[94.769434,29.175879],[94.763086,29.20127],[94.733398,29.251611],[94.677051,29.297021],[94.623047,29.312402],[94.468066,29.216211],[94.293262,29.144629],[94.193457,29.059912],[94.111523,28.975879],[94.017676,28.959521],[94.013281,28.90752],[93.973633,28.860791],[93.902246,28.803223],[93.760742,28.729785],[93.664941,28.690234],[93.360547,28.654053],[93.251953,28.629492],[93.206543,28.59082],[93.157813,28.492725],[93.119238,28.402295],[93.034961,28.327637],[92.881836,28.228125],[92.701855,28.147119],[92.652539,28.093359],[92.643457,28.061523],[92.665625,28.049854],[92.6875,28.025732],[92.687793,27.988965],[92.664355,27.948926],[92.54668,27.879199],[92.480664,27.845947],[92.414844,27.824609],[92.341016,27.820752],[92.270117,27.830225],[92.250488,27.841504],[92.222266,27.826953],[92.157617,27.812256],[92.10127,27.807617],[91.977637,27.730371],[91.909375,27.729687],[91.824707,27.746436],[91.712598,27.759814],[91.631934,27.759961],[91.629395,27.800879],[91.641895,27.923242],[91.605566,27.951709],[91.493359,27.981787],[91.367578,28.021631],[91.306836,28.064014],[91.273047,28.078369],[91.225879,28.07124],[91.149902,28.026758],[91.077734,27.974463],[91.020801,27.970068],[90.9625,27.99458],[90.906641,28.026514],[90.715723,28.071729],[90.630078,28.078564],[90.477344,28.07085],[90.352734,28.080225],[90.333105,28.093994],[90.333789,28.119141],[90.352148,28.168164],[90.362988,28.216504],[90.348242,28.243945],[90.220801,28.277734],[90.104492,28.302051],[89.981055,28.311182],[89.897852,28.294141],[89.816895,28.256299],[89.749805,28.188184],[89.652734,28.158301],[89.536914,28.107422],[89.480664,28.059961],[89.395898,27.958154],[89.272656,27.833154],[89.160449,27.711279],[89.102344,27.592578],[89.025488,27.517871],[88.947559,27.464014],[88.891406,27.316064],[88.83252,27.362842],[88.764844,27.429883],[88.749023,27.521875],[88.829883,27.767383],[88.848828,27.868652],[88.828613,27.907275],[88.803711,28.006934],[88.75625,28.039697],[88.621094,28.091846],[88.57793,28.093359],[88.531641,28.057373],[88.486133,28.034473],[88.425977,28.01167],[88.275195,27.968848],[88.141113,27.948926],[88.108984,27.933008],[88.098926,27.904541],[88.109766,27.870605],[88.02334,27.883398],[87.933398,27.89082],[87.860742,27.886084],[87.682715,27.821387],[87.622559,27.815186],[87.555273,27.821826],[87.46416,27.823828],[87.290723,27.821924],[87.141406,27.83833],[87.020117,27.928662],[86.933789,27.968457],[86.842383,27.99917],[86.750391,28.02207],[86.719629,28.070654],[86.690527,28.094922],[86.614453,28.103027],[86.554492,28.085205],[86.516895,27.963525],[86.484961,27.939551],[86.408691,27.928662],[86.328613,27.959521],[86.217969,28.02207],[86.174219,28.091699],[86.137012,28.114355],[86.078711,28.083594],[86.075488,27.99458],[86.06416,27.934717],[85.994531,27.9104],[85.954102,27.928223],[85.92168,27.989697],[85.840234,28.135352],[85.759473,28.220654],[85.67832,28.277441],[85.410645,28.276025],[85.212109,28.292627],[85.122461,28.315967],[85.088574,28.372266],[85.121484,28.484277],[85.160156,28.571875],[85.159082,28.592236],[85.126367,28.602637],[85.069141,28.609668],[84.855078,28.553613],[84.796875,28.560205],[84.759375,28.579248],[84.714258,28.595557],[84.676758,28.621533],[84.650586,28.65957],[84.46543,28.75293],[84.410742,28.803906],[84.312109,28.868115],[84.228711,28.911768],[84.175586,29.036377],[84.127832,29.156299],[84.101367,29.219971],[84.021973,29.253857],[83.935938,29.279492],[83.79043,29.227441],[83.671094,29.187598],[83.583496,29.183594],[83.456641,29.306348],[83.355176,29.43916],[83.235156,29.55459],[83.155469,29.612646],[83.013965,29.618066],[82.854297,29.683398],[82.64082,29.831201],[82.486523,29.941504],[82.220703,30.063867],[82.158984,30.115186],[82.135352,30.158984],[82.098926,30.245068],[82.043359,30.326758],[81.854883,30.362402],[81.641895,30.3875],[81.417188,30.337598],[81.255078,30.093311],[81.177148,30.039893],[81.110352,30.036816],[81.055566,30.098975],[81.010254,30.164502],[80.985449,30.237109],[80.873535,30.290576],[80.746777,30.3604],[80.682129,30.414844],[80.608887,30.448877],[80.541016,30.463525],[80.40957,30.509473],[80.260938,30.561328],[80.191211,30.568408],[80.18623,30.605322],[80.207129,30.68374],[80.194336,30.759229],[80.149414,30.789844],[80.081445,30.781934],[79.924512,30.88877],[79.918555,30.889893],[79.916602,30.894189],[79.871875,30.924609],[79.794629,30.968262],[79.664258,30.965234],[79.56543,30.949072],[79.493164,30.993701],[79.388477,31.064209],[79.369629,31.079932],[79.33877,31.105713],[79.232617,31.241748],[79.107129,31.402637],[79.04375,31.426221],[79.011133,31.414111],[78.973926,31.328613],[78.945996,31.337207],[78.899512,31.331348],[78.844531,31.301514],[78.791602,31.293652],[78.757812,31.30249],[78.743555,31.323779],[78.758594,31.436572],[78.726758,31.471826],[78.755078,31.550293],[78.80293,31.618066],[78.753906,31.668359],[78.693457,31.740381],[78.687012,31.805518],[78.719727,31.887646],[78.735449,31.957959],[78.725586,31.983789],[78.677734,32.023047],[78.495898,32.215771],[78.486133,32.23623],[78.455273,32.300342],[78.441309,32.397363],[78.41748,32.466699],[78.389648,32.519873],[78.391699,32.544727],[78.4125,32.557715],[78.526367,32.570801],[78.631543,32.578955],[78.700879,32.597021],[78.736719,32.558398],[78.753516,32.499268],[78.771289,32.468066],[78.837891,32.411963],[78.918945,32.358203],[78.997656,32.365137],[79.066992,32.388184],[79.127344,32.475781],[79.169922,32.497217],[79.219336,32.501074],[79.219043,32.507568],[79.216504,32.564014],[79.233887,32.703076],[79.22793,32.758789],[79.205566,32.809033],[79.20957,32.864844],[79.202246,32.946045],[79.145508,33.001465],[79.108594,33.022656],[79.102832,33.052539],[79.12168,33.108105],[79.135156,33.171924],[79.1125,33.22627],[79.066504,33.250391],[79.012598,33.291455],[78.948438,33.346533],[78.916699,33.386768],[78.865039,33.431104],[78.801855,33.499707],[78.789941,33.650342],[78.783789,33.808789],[78.761719,33.887598],[78.72666,34.013379],[78.731738,34.055566],[78.753027,34.087695],[78.931738,34.188965],[78.970605,34.228223],[78.976953,34.258105],[78.970117,34.302637],[78.936426,34.351953],[78.864844,34.390332],[78.763086,34.45293],[78.670801,34.518164],[78.515723,34.557959],[78.326953,34.606396],[78.282031,34.653906],[78.236133,34.769824],[78.158496,34.946484],[78.075781,35.134912],[78.012207,35.251025],[78.00918,35.306934],[78.047461,35.449414],[78.042676,35.479785],[78.009473,35.490234],[77.945898,35.471631],[77.894922,35.449023],[77.851562,35.460791],[77.810938,35.484521],[77.802539,35.492773],[77.799414,35.495898],[77.724023,35.480566],[77.572559,35.471826],[77.52002,35.473437],[77.446484,35.475586],[77.294824,35.508154],[77.090039,35.552051],[76.878906,35.613281],[76.766895,35.661719],[76.727539,35.678662],[76.631836,35.729395],[76.563477,35.772998],[76.55127,35.887061],[76.502051,35.878223],[76.385742,35.837158],[76.25166,35.810937],[76.177832,35.810547],[76.147852,35.829004],[76.10332,35.949219],[76.070898,35.983008],[76.010449,35.996338],[75.945117,36.017578],[75.912305,36.048975],[75.904883,36.088477],[75.934082,36.133936],[75.968652,36.168848],[75.974414,36.382422],[75.951855,36.458105],[75.933008,36.521582],[75.884961,36.600732],[75.840234,36.649707],[75.772168,36.694922],[75.667188,36.741992],[75.57373,36.759326],[75.460254,36.725049],[75.424219,36.738232],[75.376855,36.883691],[75.34668,36.913477],[75.145215,36.973242],[75.053906,36.987158],[74.949121,36.968359],[74.889258,36.952441],[74.841211,36.979102],[74.766016,37.012744],[74.692188,37.035742],[74.600586,37.03667],[74.541406,37.022168],[74.526465,37.030664],[74.497949,37.057227],[74.376172,37.137354],[74.372168,37.157715],[74.558984,37.236621],[74.668945,37.266699],[74.72666,37.290723],[74.738965,37.285645],[74.767383,37.24917],[74.840234,37.225049],[74.891309,37.231641],[74.918164,37.25],[75.008398,37.293555],[75.079004,37.344043],[75.11875,37.385693],[75.097461,37.45127],[74.986426,37.530371],[74.91582,37.572803],[74.894238,37.601416],[74.912305,37.687305],[74.938281,37.77251],[74.921289,37.80498],[74.900293,37.832715],[74.89082,37.925781],[74.84248,38.038086],[74.789648,38.103613],[74.775098,38.191895],[74.77207,38.274756],[74.835938,38.404297],[74.812305,38.460303],[74.74502,38.51001],[74.514063,38.6],[74.277441,38.659766],[74.187305,38.65752],[74.131348,38.661182],[74.065332,38.608496],[74.025586,38.539844],[73.97002,38.533691],[73.869141,38.562891],[73.80166,38.606885],[73.754102,38.698926],[73.716797,38.817236],[73.696094,38.854297],[73.706836,38.88623],[73.72998,38.914697],[73.794531,38.941309],[73.805273,38.968652],[73.795605,39.002148],[73.74375,39.044531],[73.69043,39.104541],[73.607324,39.229199],[73.623145,39.297852],[73.636328,39.39668],[73.631641,39.448877],[73.715723,39.462256],[73.822949,39.488965],[73.872754,39.533301],[73.907129,39.578516],[73.914648,39.606494],[73.88252,39.714551],[73.839746,39.762842],[73.835352,39.800146],[73.85625,39.828662],[73.88457,39.87793],[73.93877,39.978809],[73.991602,40.043115],[74.020508,40.059375],[74.085156,40.074316],[74.242676,40.092041],[74.411914,40.137207],[74.613086,40.272168],[74.679883,40.310596],[74.767773,40.329883],[74.830469,40.328516],[74.841797,40.344971],[74.80127,40.428516],[74.811133,40.458789],[74.835156,40.482617],[74.865625,40.493506],[75.004492,40.449512],[75.111328,40.454102],[75.241016,40.480273],[75.520801,40.627539],[75.555566,40.625195],[75.583496,40.605322],[75.617383,40.516602],[75.655957,40.329248],[75.677148,40.305811],[75.871973,40.303223],[76.004297,40.371436],[76.062305,40.387549],[76.156641,40.376465],[76.206055,40.408398],[76.258301,40.430762],[76.318555,40.352246],[76.396387,40.389795],[76.480176,40.449512],[76.520898,40.51123],[76.57793,40.577881],[76.622168,40.662354],[76.639844,40.742236],[76.661133,40.779639],[76.708398,40.818115],[76.824023,40.982324],[76.907715,41.02417],[76.986621,41.03916],[77.182031,41.010742],[77.283984,41.014355],[77.581738,40.992773],[77.719336,41.024316],[77.815234,41.055615],[77.956445,41.050684],[78.123438,41.075635],[78.346289,41.281445],[78.348828,41.325195],[78.362402,41.371631],[78.442871,41.417529],[78.543164,41.45957],[78.742578,41.560059],[79.148438,41.719141],[79.293555,41.782812],[79.354395,41.781055],[79.503906,41.820996],[79.766113,41.898877],[79.84043,41.995752],[79.909668,42.01499],[80.216211,42.032422],[80.235156,42.043457],[80.246191,42.059814],[80.229199,42.129834],[80.209375,42.190039],[80.233008,42.207812],[80.259082,42.2354],[80.255078,42.27417],[80.205762,42.399414],[80.179297,42.518359],[80.161914,42.625537],[80.165039,42.665527],[80.202246,42.734473],[80.250293,42.797266],[80.424023,42.855762],[80.538965,42.873486],[80.54375,42.911719],[80.450684,42.935547],[80.383398,42.973779],[80.371289,42.995605],[80.374512,43.02041],[80.390234,43.043115],[80.507031,43.085791],[80.616992,43.128271],[80.751172,43.10249],[80.777734,43.118945],[80.785742,43.161572],[80.757031,43.204346],[80.729785,43.274268],[80.667773,43.310059],[80.66543,43.352979],[80.703809,43.427051],[80.650781,43.56416],[80.593457,43.685107],[80.495996,43.89209],[80.431543,43.951758],[80.395801,44.047168],[80.355273,44.097266],[80.358984,44.171289],[80.365332,44.223291],[80.354883,44.326514],[80.336328,44.438379],[80.355078,44.552002],[80.391016,44.626807],[80.381445,44.65542],[80.400586,44.676904],[80.455469,44.684082],[80.481543,44.714648],[80.455469,44.746094],[80.36084,44.770312],[80.255078,44.808105],[80.127832,44.80376],[79.997168,44.797217],[79.932129,44.825195],[79.875293,44.86084],[79.871875,44.883789],[79.950195,44.944092],[80.05918,45.006445],[80.228223,45.033984],[80.414941,45.075098],[80.50918,45.10498],[80.634766,45.126514],[80.780078,45.135547],[80.85332,45.129297],[81.040332,45.169141],[81.334766,45.246191],[81.602051,45.31084],[81.691992,45.349365],[81.758887,45.31084],[81.789648,45.226025],[81.86748,45.18208],[81.944922,45.16084],[81.989258,45.161865],[82.122754,45.194873],[82.266602,45.219092],[82.323438,45.205859],[82.39668,45.162451],[82.478711,45.123584],[82.521484,45.125488],[82.558984,45.15542],[82.596973,45.215967],[82.621094,45.293115],[82.625781,45.374414],[82.611621,45.424268],[82.58252,45.442578],[82.45166,45.471973],[82.32666,45.519922],[82.312207,45.563721],[82.315234,45.594922],[82.348145,45.671533],[82.429688,45.811914],[82.511719,46.005811],[82.555078,46.158691],[82.692187,46.38667],[82.8,46.624463],[82.974902,46.966016],[83.004102,47.033496],[83.020117,47.141455],[83.029492,47.185937],[83.090332,47.209375],[83.193066,47.186572],[83.443555,47.108643],[83.634082,47.043213],[83.713965,47.021045],[83.832617,46.997852],[84.016016,46.970508],[84.12207,46.978613],[84.215137,46.994727],[84.338867,46.996143],[84.532422,46.975781],[84.592285,46.974951],[84.666602,46.972363],[84.719531,46.939355],[84.745996,46.864355],[84.786133,46.830713],[84.858203,46.843164],[85.012207,46.909229],[85.110547,46.96123],[85.233496,47.036377],[85.355371,47.046729],[85.484766,47.063525],[85.529688,47.100781],[85.577246,47.188477],[85.656641,47.254639],[85.669824,47.338379],[85.641797,47.397412],[85.586621,47.493652],[85.588281,47.558496],[85.561621,47.746484],[85.525977,47.915625],[85.562305,48.051855],[85.626367,48.204004],[85.651563,48.250537],[85.692187,48.311816],[85.749414,48.385059],[85.829883,48.408057],[86.056152,48.42373],[86.265625,48.454541],[86.372559,48.48623],[86.483301,48.505371],[86.549414,48.528613],[86.66377,48.635547],[86.717969,48.697168],[86.757812,48.860742],[86.728613,48.939355],[86.753125,49.008838],[86.808301,49.049707],[86.885938,49.090576],[86.937988,49.097559],[87.048535,49.109912],[87.22998,49.105859],[87.322852,49.085791],[87.416699,49.076611],[87.476172,49.091455],[87.51582,49.122412],[87.576563,49.132373],[87.668359,49.147217],[87.7625,49.16582],[87.814258,49.162305],[87.825195,49.116309],[87.816309,49.080273],[87.834668,49.031934],[87.872168,49.000146],[87.859863,48.965527],[87.806836,48.945508],[87.754687,48.918555],[87.743164,48.881641],[87.80918,48.835742],[87.831836,48.79165],[87.942187,48.765283],[88.02793,48.735596],[88.060059,48.707178],[88.050195,48.675049],[88.010645,48.64043],[87.972266,48.60332],[87.967383,48.581055],[87.979688,48.555127],[88.062598,48.537842],[88.158203,48.509082],[88.309961,48.47207],[88.413965,48.403418],[88.51709,48.384473],[88.566797,48.317432],[88.575977,48.220166],[88.681836,48.170557],[88.838281,48.101709],[88.917773,48.089014],[88.971094,48.049951],[89.047656,48.002539],[89.115625,47.987695],[89.196289,47.980908],[89.329883,48.024854],[89.479199,48.029053],[89.560938,48.003955],[89.638477,47.909082],[89.693164,47.87915],[89.725586,47.85249],[89.778125,47.827002],[89.831348,47.823291],[89.910449,47.844336],[89.958691,47.886328],[90.02793,47.877686],[90.053906,47.850488],[90.066602,47.803564],[90.103223,47.74541],[90.191016,47.7021],[90.313281,47.676172],[90.330664,47.655176],[90.347461,47.596973],[90.380664,47.556641],[90.425195,47.504102],[90.46748,47.408154],[90.476465,47.328809],[90.496191,47.285156],[90.55293,47.214014],[90.643359,47.100293],[90.715527,47.003857],[90.799023,46.985156],[90.869922,46.954492],[90.910547,46.883252],[90.985742,46.749023],[90.997852,46.661084],[91.004297,46.595752],[91.028906,46.566064],[91.033887,46.529004],[90.971484,46.387988],[90.918262,46.324268],[90.911523,46.270654],[90.947559,46.177295],[90.996777,46.10498],[91.001758,46.035791],[90.959766,45.985059],[90.887109,45.921631],[90.852441,45.8854],[90.795898,45.853516],[90.709668,45.730811],[90.670703,45.595166],[90.661816,45.525244],[90.694434,45.474658],[90.749609,45.418945],[90.763184,45.370654],[90.853223,45.262891],[90.877246,45.196094],[90.913965,45.193945],[90.953613,45.215918],[91.05,45.217432],[91.137695,45.193945],[91.221777,45.144531],[91.312109,45.118115],[91.441016,45.124756],[91.510059,45.098242],[91.584375,45.076514],[91.737793,45.068945],[91.852832,45.069336],[92.029785,45.068506],[92.172656,45.035254],[92.423828,45.008936],[92.578906,45.010986],[92.787891,45.035742],[92.916016,45.020166],[93.294336,44.983154],[93.516211,44.944482],[93.656445,44.900977],[93.755273,44.831934],[93.868164,44.724219],[93.95791,44.674951],[94.199316,44.645166],[94.364746,44.519482],[94.494336,44.47251],[94.712012,44.35083],[94.866016,44.30332],[95.049805,44.259424],[95.350293,44.278076],[95.366797,44.261523],[95.343652,44.19541],[95.325586,44.104883],[95.325586,44.039355],[95.356445,44.005957],[95.471289,43.986182],[95.525586,43.953955],[95.567187,43.892236],[95.591211,43.853613],[95.687305,43.664062],[95.841992,43.383691],[95.85957,43.275977],[95.9125,43.206494],[96.080273,43.096143],[96.168457,43.014502],[96.299512,42.928711],[96.34248,42.849316],[96.352344,42.746777],[96.385449,42.720361],[96.625293,42.743848],[96.833008,42.760254],[97.205664,42.789795],[97.718945,42.736279],[98.248242,42.684521],[98.716309,42.638721],[98.946875,42.616211],[99.467871,42.568213],[99.757422,42.629443],[99.983789,42.677344],[100.086328,42.670752],[100.519043,42.616797],[100.772559,42.587793],[101.091992,42.551318],[101.31377,42.537891],[101.495313,42.53877],[101.579102,42.523535],[101.659961,42.500049],[101.713867,42.46582],[101.879883,42.292334],[101.972949,42.215869],[102.156641,42.158105],[102.575195,42.09209],[102.806836,42.052002],[103.072852,42.005957],[103.247852,41.936572],[103.449707,41.855859],[103.711133,41.751318],[103.997266,41.796973],[104.305176,41.846143],[104.498242,41.877002],[104.498242,41.658691],[104.773633,41.641162],[104.860352,41.64375],[104.982031,41.595508],[105.050586,41.615918],[105.11543,41.663281],[105.19707,41.738037],[105.314355,41.770898],[105.51709,41.854736],[105.566406,41.875098],[105.867578,41.993994],[106.317187,42.140576],[106.51875,42.211572],[106.579102,42.227344],[106.693164,42.263574],[106.77002,42.288721],[106.906055,42.308887],[107.090723,42.321533],[107.292383,42.349268],[107.74873,42.400977],[107.805957,42.405859],[108.062305,42.427197],[108.171191,42.447314],[108.333984,42.436768],[108.546484,42.429297],[108.687305,42.416113],[108.874512,42.426465],[109.131641,42.440576],[109.339844,42.438379],[109.443164,42.455957],[109.595508,42.510547],[109.698047,42.553809],[109.858789,42.60625],[110.058008,42.660596],[110.196875,42.71001],[110.288867,42.742725],[110.400391,42.773682],[110.42959,42.813574],[110.461719,42.844141],[110.520898,42.895264],[110.627539,42.990527],[110.708594,43.073877],[110.748535,43.110791],[110.839551,43.194092],[110.913281,43.256885],[111.007227,43.341406],[111.086523,43.36875],[111.186816,43.391992],[111.451074,43.474902],[111.503516,43.492773],[111.547363,43.496289],[111.64082,43.563184],[111.719727,43.621143],[111.771094,43.6646],[111.878125,43.680176],[111.933203,43.711426],[111.942871,43.752441],[111.931738,43.814941],[111.880273,43.878906],[111.836914,43.934668],[111.683789,44.041113],[111.602637,44.107129],[111.519727,44.191895],[111.48623,44.271631],[111.42959,44.322363],[111.402246,44.367285],[111.410937,44.419189],[111.489453,44.511572],[111.514746,44.569824],[111.547461,44.6729],[111.621289,44.827148],[111.681445,44.89917],[111.751074,44.969531],[111.898047,45.064062],[112.032617,45.081641],[112.112891,45.062939],[112.29209,45.063037],[112.411328,45.058203],[112.499316,45.010937],[112.596777,44.917676],[112.706738,44.883447],[113.049414,44.810352],[113.196094,44.794824],[113.300977,44.79165],[113.455664,44.767432],[113.50791,44.762354],[113.587012,44.745703],[113.652637,44.763477],[113.752148,44.825928],[113.877051,44.896191],[113.930859,44.912305],[114.030273,44.942578],[114.080273,44.971143],[114.167383,45.049854],[114.281055,45.110889],[114.419141,45.202588],[114.487305,45.271729],[114.502246,45.316309],[114.517188,45.3646],[114.560156,45.38999],[114.644336,45.413281],[114.73877,45.419629],[114.919238,45.378271],[115.162598,45.390234],[115.21748,45.396191],[115.439453,45.419971],[115.539453,45.439502],[115.681055,45.458252],[115.78916,45.534814],[115.93418,45.626172],[116.039551,45.676953],[116.109863,45.686719],[116.197656,45.739355],[116.240625,45.795996],[116.229102,45.845752],[116.212988,45.886914],[116.264551,45.963037],[116.357617,46.096582],[116.444824,46.158789],[116.516699,46.209082],[116.562598,46.289795],[116.619336,46.313086],[116.688867,46.321973],[116.787012,46.37666],[116.859082,46.387939],[116.978809,46.361768],[117.155957,46.355078],[117.269043,46.352246],[117.333398,46.362012],[117.356934,46.391309],[117.356348,46.43667],[117.392188,46.537598],[117.405566,46.570898],[117.438086,46.58623],[117.546875,46.588281],[117.620508,46.552002],[117.671094,46.52207],[117.741211,46.518164],[117.813477,46.537695],[117.910449,46.619336],[118.071289,46.666602],[118.156836,46.678564],[118.308691,46.717041],[118.404395,46.703174],[118.580469,46.691895],[118.64873,46.70166],[118.722949,46.691895],[118.790332,46.74707],[118.843945,46.760205],[118.957129,46.734863],[119.028516,46.692187],[119.162109,46.638672],[119.331836,46.613818],[119.474023,46.62666],[119.620215,46.603955],[119.706641,46.606006],[119.747461,46.627197],[119.867188,46.672168],[119.895898,46.732861],[119.88418,46.791455],[119.897852,46.857812],[119.862695,46.906592],[119.788477,46.978809],[119.759863,47.027002],[119.757227,47.090039],[119.711133,47.15],[119.600195,47.222461],[119.526953,47.255908],[119.37666,47.380859],[119.325977,47.410156],[119.308594,47.430713],[119.29082,47.472656],[119.235254,47.492578],[119.162402,47.525195],[119.122949,47.558496],[119.097266,47.61626],[119.081934,47.65415],[119.017578,47.685352],[118.953125,47.70293],[118.880273,47.725098],[118.759961,47.757617],[118.690527,47.822266],[118.567773,47.943262],[118.498438,47.983984],[118.239648,47.999512],[118.14707,48.028906],[118.041895,48.018945],[117.979199,47.999609],[117.84043,47.999854],[117.768359,47.987891],[117.67666,47.908301],[117.555371,47.804688],[117.455078,47.741357],[117.383984,47.675732],[117.350781,47.652197],[117.285937,47.666357],[117.19707,47.740283],[117.069727,47.806396],[116.95166,47.836572],[116.901172,47.853076],[116.760547,47.869775],[116.651953,47.864502],[116.513477,47.839551],[116.378223,47.844043],[116.317187,47.859863],[116.231152,47.858203],[116.074805,47.789551],[115.993848,47.711328],[115.898242,47.686914],[115.811719,47.738232],[115.711719,47.798926],[115.616406,47.874805],[115.557617,47.94502],[115.525098,48.130859],[115.639453,48.18623],[115.785547,48.248242],[115.796582,48.346338],[115.791699,48.455713],[115.820508,48.577246],[115.953809,48.689355],[116.025488,48.782275],[116.034375,48.840039],[116.098242,48.936133],[116.159668,49.037451],[116.243359,49.170361],[116.402148,49.406201],[116.589746,49.684814],[116.683301,49.823779],[116.888965,49.737793],[117.02168,49.692969],[117.245605,49.624854],[117.477148,49.609424],[117.698438,49.53584],[117.812598,49.513525],[117.873438,49.513477],[118.186621,49.692773],[118.451563,49.844482],[118.755957,49.962842],[118.979492,49.978857],[119.147461,50.013379],[119.259863,50.066406],[119.326074,50.154932],[119.346289,50.278955],[119.301562,50.353906],[119.191895,50.379834],[119.163672,50.406006],[119.216699,50.43252],[119.255859,50.48418],[119.280664,50.560986],[119.344043,50.633887],[119.445703,50.702832],[119.501758,50.779248],[119.512305,50.863135],[119.573438,50.946777],[119.684961,51.030127],[119.745996,51.107715],[119.756641,51.179492],[119.813184,51.267041],[119.966992,51.422119],[120.066895,51.600684],[120.237012,51.722998],[120.510547,51.848535],[120.681445,51.973047],[120.749805,52.096533],[120.744531,52.205469],[120.66543,52.299902],[120.650391,52.395898],[120.699219,52.493604],[120.656152,52.56665],[120.521094,52.615039],[120.360059,52.627002],[120.172754,52.60249],[120.067578,52.63291],[120.044336,52.718213],[120.094531,52.787207],[120.218164,52.839893],[120.421289,52.968066],[120.704102,53.171826],[120.985449,53.28457],[121.405469,53.317041],[121.743945,53.383594],[122.088867,53.451465],[122.337793,53.48501],[122.380176,53.4625],[122.51582,53.456982],[122.744727,53.468506],[122.957617,53.497705],[123.154102,53.54458],[123.30957,53.555615],[123.424023,53.530762],[123.489453,53.529443],[123.534766,53.526465],[123.559766,53.52666],[123.607813,53.546533],[123.740918,53.510986],[123.994727,53.405615],[124.154297,53.358691],[124.219922,53.370117],[124.291406,53.340869],[124.369141,53.270947],[124.465918,53.229639],[124.639844,53.210645],[124.812305,53.133838],[124.882129,53.129736],[124.906641,53.172656],[124.970898,53.197314],[125.075,53.203662],[125.225586,53.16582],[125.422461,53.08374],[125.545996,53.047607],[125.595996,53.057471],[125.649023,53.042285],[125.691699,53.003711],[125.695312,52.956299],[125.680762,52.930811],[125.728125,52.890723],[125.782813,52.890723],[125.871875,52.871533],[125.941602,52.800684],[126.004297,52.767871],[126.048145,52.739453],[126.056055,52.715869],[126.060156,52.691992],[126.04707,52.673486],[126.023242,52.643018],[126.016016,52.610205],[126.045898,52.57334],[126.156641,52.546631],[126.194434,52.519141],[126.20293,52.483838],[126.237598,52.444824],[126.312891,52.399756],[126.341699,52.362012],[126.324219,52.331641],[126.346289,52.30625],[126.383496,52.286523],[126.391504,52.214502],[126.394824,52.172998],[126.455566,52.126465],[126.468066,52.031299],[126.510547,51.92583],[126.653711,51.781299],[126.700781,51.703027],[126.688672,51.609912],[126.70918,51.566309],[126.774512,51.545068],[126.805469,51.505664],[126.801758,51.448047],[126.827344,51.412256],[126.847754,51.37417],[126.833789,51.314893],[126.854395,51.261377],[126.887695,51.230127],[126.911523,51.172314],[126.924805,51.100146],[127.02041,50.985889],[127.198242,50.829443],[127.307031,50.707959],[127.346875,50.621338],[127.347168,50.550098],[127.308203,50.494189],[127.306055,50.453516],[127.34082,50.428076],[127.351172,50.393604],[127.337207,50.350146],[127.395313,50.298584],[127.590234,50.208984],[127.512305,50.07168],[127.491797,49.975049],[127.502441,49.873437],[127.550781,49.801807],[127.636719,49.760205],[127.690137,49.716748],[127.711133,49.671533],[127.814258,49.622119],[127.999609,49.568604],[128.237109,49.559277],[128.526758,49.594238],[128.704004,49.600146],[128.769043,49.576953],[128.791016,49.541846],[128.770313,49.494727],[128.819336,49.46377],[128.938281,49.448926],[129.020313,49.419238],[129.065137,49.374658],[129.120117,49.362061],[129.185156,49.381396],[129.248438,49.378662],[129.309863,49.353857],[129.350098,49.362354],[129.384668,49.389453],[129.440723,49.389453],[129.498145,49.388818],[129.533691,49.323437],[129.591406,49.28667],[129.671094,49.278516],[129.792578,49.198877],[130.037109,48.972266],[130.195996,48.89165],[130.355273,48.866357],[130.553125,48.861182],[130.617188,48.773193],[130.565625,48.680127],[130.552148,48.60249],[130.597266,48.574658],[130.65918,48.483398],[130.746875,48.430371],[130.763477,48.388428],[130.804297,48.341504],[130.787207,48.25459],[130.712109,48.127637],[130.732617,48.019238],[130.848633,47.929443],[130.91543,47.84292],[130.932813,47.759814],[130.961914,47.709326],[131.002734,47.691455],[131.121875,47.697656],[131.319336,47.727832],[131.464258,47.722607],[131.556738,47.682031],[131.785254,47.680518],[132.149805,47.717969],[132.380176,47.729492],[132.47627,47.71499],[132.561914,47.768506],[132.636914,47.890088],[132.707227,47.947266],[132.772852,47.940088],[132.877148,47.979102],[133.020117,48.064404],[133.144043,48.105664],[133.301172,48.101514],[133.468359,48.097168],[133.573242,48.133008],[133.671777,48.207715],[133.842188,48.27373],[134.205859,48.359912],[134.293359,48.373437],[134.334961,48.368848],[134.456152,48.355322],[134.563574,48.321729],[134.665234,48.253906],[134.680859,48.210449],[134.669336,48.15332],[134.647266,48.120166],[134.605371,48.08291],[134.566016,48.02251],[134.591309,47.975195],[134.650293,47.874268],[134.698633,47.801416],[134.752344,47.71543],[134.728125,47.684473],[134.695801,47.624854],[134.596191,47.523877],[134.541895,47.485156],[134.483496,47.447363],[134.38252,47.438232],[134.339453,47.429492],[134.29082,47.413574],[134.260059,47.377734],[134.225195,47.352637],[134.167676,47.302197],[134.162988,47.25874],[134.189258,47.194238],[134.202148,47.128076],[134.136914,47.068994],[134.086426,46.978125],[134.071387,46.950781],[134.045996,46.881982],[134.038574,46.858154],[134.022656,46.713184],[133.95752,46.614258],[133.866602,46.499121],[133.886719,46.430566],[133.902734,46.366943],[133.880273,46.336035],[133.874805,46.309082],[133.861328,46.247754],[133.832813,46.224268],[133.750195,46.185937],[133.700684,46.139746],[133.711133,46.069629],[133.685742,46.008936],[133.647852,45.955225],[133.608008,45.920312],[133.551172,45.897803],[133.513086,45.878809],[133.484668,45.810449],[133.475781,45.757666],[133.449121,45.705078],[133.465625,45.651221],[133.436426,45.604687],[133.355469,45.572217],[133.30957,45.553076],[133.266992,45.545264],[133.186035,45.494824],[133.113379,45.321436],[133.096875,45.220459],[133.113477,45.130713],[133.011719,45.074561],[132.936035,45.029932],[132.88877,45.046045],[132.838672,45.061133],[132.723145,45.080566],[132.665625,45.093701],[132.549023,45.122803],[132.362988,45.159961],[132.181348,45.203271],[132.067383,45.225977],[131.977539,45.243994],[131.909277,45.27373],[131.851855,45.326855],[131.794922,45.305273],[131.74209,45.242627],[131.654004,45.205371],[131.613965,45.136572],[131.578711,45.083643],[131.4875,45.013135],[131.446875,44.984033],[131.268262,44.936133],[131.22793,44.920166],[131.082324,44.91001],[131.033008,44.888867],[130.981641,44.844336],[130.967773,44.799951],[131.003906,44.753223],[131.060645,44.659668],[131.086914,44.595654],[131.125781,44.469189],[131.255273,44.071582],[131.213281,44.00293],[131.174219,43.704736],[131.183594,43.650879],[131.180078,43.56709],[131.182422,43.505566],[131.20918,43.49043],[131.243945,43.469043],[131.261816,43.433057],[131.257324,43.378076],[131.239355,43.337646],[131.211914,43.257764],[131.175586,43.142187],[131.135547,43.097607],[131.108984,43.062451],[131.086133,43.038086],[131.083496,42.956299],[131.068555,42.902246],[131.005566,42.883105],[130.942871,42.851758],[130.868555,42.86333],[130.80332,42.856836],[130.722461,42.83584],[130.577246,42.811621],[130.492969,42.779102],[130.452734,42.75542],[130.424805,42.727051],[130.419922,42.699854],[130.439258,42.685547],[130.520605,42.674316],[130.576563,42.623242],[130.584473,42.567334],[130.526953,42.5354],[130.498242,42.570508],[130.450293,42.581689],[130.360742,42.630859],[130.295605,42.684961],[130.24668,42.744824],[130.248828,42.872607],[130.240332,42.891797],[130.15127,42.917969],[130.124805,42.956006],[130.082617,42.97417],[130.022266,42.962598],[129.976953,42.974854],[129.941211,42.995654],[129.898242,42.998145],[129.861035,42.965088],[129.841504,42.894238],[129.779199,42.776562],[129.773438,42.705469],[129.746484,42.603809],[129.719727,42.475],[129.697852,42.448145],[129.62793,42.444287],[129.603906,42.435889],[129.567578,42.39209],[129.52373,42.384668],[129.484863,42.410303],[129.423633,42.435889],[129.36582,42.439209],[129.313672,42.413574],[129.252539,42.357861],[129.217773,42.312695],[129.205371,42.270557],[129.195508,42.218457],[129.133691,42.168506],[129.077246,42.142383],[128.960645,42.068799],[128.923438,42.038232],[128.839844,42.037842],[128.749023,42.040674],[128.626758,42.02085],[128.427246,42.010742],[128.307813,42.025635],[128.160156,42.011621],[128.045215,41.9875],[128.028711,41.951611],[128.03291,41.898486],[128.056055,41.86377],[128.08418,41.840576],[128.131934,41.769141],[128.181738,41.700049],[128.257812,41.655371],[128.289258,41.607422],[128.290918,41.562793],[128.254883,41.506543],[128.200293,41.433008],[128.149414,41.387744],[128.11123,41.389258],[128.052734,41.415625],[128.013086,41.448682],[127.918652,41.461133],[127.687695,41.43999],[127.572168,41.454736],[127.516992,41.481738],[127.420313,41.483789],[127.270801,41.519824],[127.179688,41.531348],[127.136719,41.554541],[127.128418,41.607422],[127.085352,41.643799],[127.061328,41.687354],[127.006934,41.742041],[126.954785,41.769482],[126.903516,41.781055],[126.847266,41.747998],[126.787695,41.718213],[126.743066,41.724854],[126.721582,41.716553],[126.696973,41.691895],[126.60127,41.640967],[126.57832,41.594336],[126.540137,41.495557],[126.513574,41.393994],[126.49043,41.358057],[126.451465,41.351855],[126.411816,41.321338],[126.328711,41.225684],[126.253613,41.137793],[126.144531,41.078271],[126.093164,41.023682],[126.066797,40.974072],[125.989062,40.904639],[125.874902,40.892236],[125.783984,40.872021],[125.72832,40.866699],[125.688281,40.838672],[125.65918,40.795898],[125.645117,40.778955],[125.593848,40.778955],[125.542578,40.742578],[125.416895,40.659912],[125.314453,40.644629],[125.185938,40.589404],[125.072949,40.547461],[125.025977,40.523877],[125.013379,40.497852],[124.996875,40.464746],[124.942285,40.458154],[124.889355,40.459814],[124.771973,40.38374],[124.712402,40.319238],[124.481055,40.181641],[124.386621,40.104248],[124.362109,40.004053],[124.35,40.011572],[124.26748,39.92417],[124.105762,39.841016],[123.760156,39.822412],[123.650879,39.881592],[123.61123,39.84082],[123.580664,39.786133],[123.490039,39.767871],[123.348145,39.762939],[123.268945,39.726904],[123.226562,39.686621],[123.032227,39.673535],[122.960938,39.619922],[122.840039,39.60083],[122.334863,39.366113],[122.225,39.267334],[122.120898,39.151904],[122.047656,39.093799],[121.982324,39.053174],[121.922656,39.036523],[121.864355,38.996484],[121.805176,38.991406],[121.744824,39.009668],[121.677246,39.003418],[121.632812,38.954834],[121.67041,38.891797],[121.649902,38.865088],[121.517188,38.830762],[121.320117,38.808203],[121.236328,38.766943],[121.207422,38.743506],[121.163574,38.731641],[121.12168,38.813281],[121.106738,38.920801],[121.188281,38.94668],[121.263281,38.960254],[121.679883,39.108691],[121.627637,39.220166],[121.664551,39.26875],[121.757812,39.347559],[121.818457,39.386523],[121.785449,39.40083],[121.5125,39.374854],[121.355664,39.376807],[121.275488,39.384766],[121.299805,39.452197],[121.286328,39.519434],[121.26748,39.544678],[121.406445,39.62124],[121.469531,39.640137],[121.517578,39.638965],[121.514258,39.685254],[121.474219,39.754883],[121.517383,39.844824],[121.800977,39.950537],[121.868945,40.046387],[121.982813,40.13584],[122.190918,40.358252],[122.20332,40.396045],[122.263867,40.500195],[122.275,40.541846],[122.178711,40.602734],[122.14043,40.688184],[121.858789,40.84209],[121.834863,40.974268],[121.808594,40.968506],[121.765625,40.875879],[121.729297,40.846143],[121.598926,40.843408],[121.537109,40.878418],[121.174512,40.90127],[121.085938,40.841602],[121.00293,40.749121],[120.922266,40.683105],[120.841309,40.649219],[120.770703,40.589062],[120.479102,40.230957],[120.368945,40.203857],[119.850391,39.987451],[119.591113,39.902637],[119.391113,39.75249],[119.322363,39.661621],[119.261328,39.560889],[119.224609,39.408057],[119.040137,39.222363],[118.976953,39.182568],[118.912305,39.166406],[118.826465,39.172119],[118.752441,39.160498],[118.626367,39.176855],[118.471973,39.118018],[118.297852,39.06709],[118.147852,39.195068],[118.040918,39.226758],[117.865723,39.19126],[117.784668,39.134473],[117.616699,38.852881],[117.553809,38.691455],[117.557813,38.625146],[117.656055,38.424219],[117.766699,38.31167],[118.014941,38.183398],[118.543262,38.094922],[118.66709,38.126367],[118.8,38.12666],[118.940039,38.042773],[119.027539,37.904004],[119.035645,37.80918],[119.038477,37.776514],[119.070312,37.748584],[119.08916,37.700732],[119.033496,37.661035],[118.99082,37.641357],[118.954883,37.494092],[118.952637,37.331152],[118.998145,37.2771],[119.111816,37.201172],[119.287402,37.138281],[119.449902,37.124756],[119.760547,37.155078],[119.8875,37.253369],[119.87998,37.295801],[119.88291,37.35083],[120.155859,37.49502],[120.311523,37.622705],[120.287109,37.656494],[120.257227,37.679004],[120.284668,37.69209],[120.370117,37.701025],[120.75,37.833936],[121.049023,37.725195],[121.219531,37.600146],[121.388086,37.578955],[121.505273,37.515039],[121.640234,37.460352],[121.816406,37.456641],[121.964844,37.445312],[122.010156,37.495752],[122.056641,37.528906],[122.10957,37.522314],[122.169141,37.456152],[122.337695,37.405273],[122.493262,37.407959],[122.602344,37.426416],[122.666992,37.402832],[122.57334,37.31792],[122.587305,37.181104],[122.515527,37.137842],[122.44668,37.068115],[122.487402,37.022266],[122.523438,37.002637],[122.519727,36.946826],[122.457031,36.915137],[122.340918,36.832227],[122.274219,36.833838],[122.242285,36.849854],[122.219727,36.879541],[122.203223,36.927197],[122.162402,36.958643],[122.049512,36.970752],[121.932715,36.959473],[121.669629,36.836377],[121.413086,36.738379],[121.144043,36.660449],[121.053809,36.611377],[120.989941,36.597949],[120.878516,36.635156],[120.81084,36.632812],[120.79668,36.607227],[120.882617,36.538916],[120.90498,36.485303],[120.895801,36.444141],[120.84707,36.426074],[120.776172,36.456299],[120.711523,36.413281],[120.682227,36.340723],[120.680957,36.168359],[120.637891,36.129932],[120.519336,36.108691],[120.393066,36.053857],[120.348242,36.079199],[120.330273,36.110107],[120.343457,36.189453],[120.327734,36.228174],[120.270117,36.226172],[120.183301,36.202441],[120.116992,36.150293],[120.094141,36.118896],[120.181445,36.01748],[120.264746,36.007227],[120.284766,35.984424],[120.219043,35.934912],[120.054688,35.861133],[120.027441,35.799365],[119.978711,35.740234],[119.911719,35.693213],[119.866211,35.643652],[119.810547,35.617725],[119.719727,35.588721],[119.608398,35.469873],[119.526465,35.358594],[119.429688,35.301416],[119.352832,35.113818],[119.21582,35.011768],[119.165332,34.848828],[119.200977,34.748437],[119.351367,34.749414],[119.426758,34.71416],[119.58291,34.582227],[119.769727,34.496191],[119.963672,34.447803],[120.201465,34.325684],[120.266699,34.274023],[120.322656,34.168994],[120.425684,33.866309],[120.499805,33.716455],[120.504785,33.638184],[120.615625,33.490527],[120.734473,33.236621],[120.871094,33.016504],[120.897363,32.843213],[120.853027,32.764111],[120.853223,32.661377],[120.989941,32.567041],[121.293359,32.457324],[121.341699,32.425049],[121.400977,32.371924],[121.403906,32.20625],[121.450781,32.15332],[121.490527,32.121094],[121.674219,32.051025],[121.751074,31.992871],[121.832422,31.899756],[121.856348,31.816455],[121.866309,31.703564],[121.763574,31.699512],[121.680859,31.712158],[121.351953,31.858789],[121.266406,31.862695],[121.145801,31.842334],[120.973535,31.869385],[120.791699,32.031738],[120.660547,32.081055],[120.520117,32.105859],[120.184082,31.966162],[120.09873,31.975977],[120.073926,31.960254],[120.035937,31.936279],[120.191602,31.906348],[120.347461,31.9521],[120.497168,32.019824],[120.715527,31.98374],[120.752246,31.922852],[120.787793,31.819775],[120.9375,31.750195],[121.055371,31.719434],[121.204883,31.628076],[121.350977,31.485352],[121.660645,31.319727],[121.785937,31.162891],[121.834473,31.061621],[121.87793,30.916992],[121.769434,30.870361],[121.675195,30.86377],[121.527539,30.840967],[121.418945,30.789795],[121.309961,30.699707],[120.997656,30.558252],[120.938281,30.469727],[120.897461,30.392627],[120.821484,30.354639],[120.62998,30.390869],[120.449805,30.387842],[120.245508,30.283545],[120.194629,30.241309],[120.228516,30.249561],[120.260547,30.263037],[120.352539,30.247412],[120.494531,30.303076],[120.633398,30.133154],[120.904492,30.160645],[121.159375,30.301758],[121.258008,30.304102],[121.340625,30.282373],[121.432715,30.22666],[121.67793,29.979102],[121.812305,29.952148],[121.944336,29.894092],[122.017285,29.887695],[122.08291,29.870361],[121.905762,29.779687],[121.676562,29.583789],[121.574609,29.537012],[121.50625,29.48457],[121.69043,29.510986],[121.821875,29.604639],[121.887988,29.627783],[121.941211,29.605908],[121.968359,29.490625],[121.917773,29.13501],[121.853516,29.128906],[121.79082,29.225684],[121.71748,29.256348],[121.655957,29.236133],[121.533691,29.236719],[121.487109,29.193164],[121.447656,29.131348],[121.520898,29.118457],[121.664941,29.010596],[121.679688,28.953125],[121.641016,28.915918],[121.540039,28.931885],[121.6625,28.851416],[121.630078,28.76792],[121.590332,28.734814],[121.519141,28.713672],[121.475195,28.641406],[121.538086,28.521094],[121.602051,28.366602],[121.609961,28.292139],[121.509961,28.324268],[121.35459,28.229883],[121.272266,28.222119],[121.216797,28.346191],[121.145703,28.32666],[121.098437,28.290527],[121.035449,28.157275],[120.958594,28.037012],[120.89248,28.003906],[120.812988,28.013379],[120.747656,28.009961],[120.763477,27.977441],[120.833008,27.937793],[120.833008,27.891455],[120.685156,27.74458],[120.661328,27.687891],[120.664844,27.639453],[120.5875,27.580762],[120.629102,27.482129],[120.60752,27.412402],[120.539844,27.318359],[120.468652,27.25625],[120.38457,27.155518],[120.278711,27.09707],[120.138574,26.886133],[120.097461,26.780664],[120.086719,26.671582],[120.042969,26.633838],[119.967773,26.586377],[119.882227,26.610449],[119.879492,26.683008],[119.842383,26.689307],[119.821289,26.736914],[119.815137,26.797607],[119.824219,26.846387],[119.788672,26.831494],[119.766699,26.774707],[119.710449,26.728662],[119.651563,26.747266],[119.588184,26.784961],[119.589941,26.730469],[119.623633,26.675879],[119.638184,26.621191],[119.725977,26.609424],[119.784766,26.546631],[119.831152,26.450195],[119.840332,26.41416],[119.876465,26.370947],[119.881055,26.33418],[119.797266,26.300146],[119.692676,26.236426],[119.56709,26.127344],[119.463086,26.054688],[119.369727,26.054053],[119.313086,26.062549],[119.232129,26.104395],[119.139453,26.121777],[119.26377,25.974805],[119.332031,25.94873],[119.417773,25.954346],[119.500879,26.00918],[119.61875,26.003564],[119.648242,25.918701],[119.616895,25.8229],[119.552832,25.698682],[119.539453,25.59126],[119.619141,25.437451],[119.622461,25.391162],[119.592773,25.368018],[119.499219,25.408643],[119.421777,25.459619],[119.34375,25.446289],[119.263086,25.468018],[119.180078,25.449805],[119.146289,25.414307],[119.169336,25.355713],[119.243555,25.307031],[119.285547,25.232227],[119.235547,25.205957],[119.024609,25.223438],[118.977539,25.209277],[118.914453,25.126807],[118.955664,25.004785],[118.909082,24.928906],[118.82207,24.911133],[118.70752,24.849805],[118.636914,24.835547],[118.640234,24.809082],[118.691797,24.782324],[118.719141,24.746143],[118.657031,24.621436],[118.560352,24.580371],[118.412012,24.600732],[118.295313,24.572754],[118.194531,24.62583],[118.087109,24.627002],[118.013867,24.559912],[118.005957,24.481982],[117.935059,24.474219],[117.896875,24.479834],[117.842676,24.474316],[117.848242,24.432471],[117.879004,24.395898],[118.024219,24.379639],[118.050586,24.327148],[118.056055,24.246094],[117.904102,24.106445],[117.839453,24.012305],[117.741699,24.014795],[117.667871,23.939258],[117.628223,23.836719],[117.579199,23.856982],[117.466406,23.840576],[117.433105,23.791699],[117.45957,23.771484],[117.462207,23.73623],[117.416992,23.620996],[117.367676,23.588623],[117.34668,23.635742],[117.330762,23.708789],[117.29082,23.714355],[117.225,23.647021],[117.148145,23.598779],[117.08252,23.57876],[117.032813,23.623437],[116.910645,23.64668],[116.860938,23.453076],[116.75957,23.38252],[116.712109,23.360498],[116.629395,23.353857],[116.682324,23.327393],[116.698828,23.277783],[116.669141,23.228174],[116.586426,23.218262],[116.538281,23.179688],[116.519824,23.006592],[116.470703,22.945898],[116.345508,22.941064],[116.251855,22.981348],[116.22207,22.949561],[116.206348,22.918652],[116.157422,22.887451],[116.062598,22.879102],[115.852148,22.801563],[115.755859,22.823926],[115.64043,22.853418],[115.561133,22.824707],[115.534668,22.765186],[115.49834,22.718848],[115.38252,22.718848],[115.289941,22.775977],[115.195801,22.817285],[115.091504,22.781689],[115.012109,22.708936],[114.914453,22.684619],[114.896387,22.639502],[114.853809,22.616797],[114.750391,22.626318],[114.711133,22.738721],[114.65166,22.755273],[114.592773,22.698437],[114.571973,22.654053],[114.544434,22.620605],[114.554199,22.528906],[114.496191,22.527051],[114.420117,22.583252],[114.340625,22.593213],[114.266016,22.540967],[114.228223,22.553955],[114.188184,22.56499],[114.122852,22.56499],[114.097852,22.55127],[114.050391,22.542969],[114.018262,22.514453],[114.01543,22.511914],[113.931152,22.531055],[113.82832,22.607227],[113.754492,22.733643],[113.661133,22.80166],[113.619629,22.861426],[113.603418,22.968896],[113.586328,23.02002],[113.592188,23.076953],[113.620508,23.12749],[113.519727,23.1021],[113.445312,23.055078],[113.460352,22.995703],[113.441895,22.940576],[113.331055,22.912012],[113.337793,22.888818],[113.344824,22.8646],[113.432031,22.789404],[113.449805,22.726123],[113.484766,22.692383],[113.553027,22.594043],[113.551465,22.40415],[113.588867,22.350488],[113.576465,22.297266],[113.549121,22.225195],[113.546777,22.224121],[113.527051,22.245947],[113.494141,22.241553],[113.481055,22.21748],[113.478906,22.195557],[113.473437,22.194434],[113.415723,22.178369],[113.367383,22.164844],[113.327734,22.14541],[113.266406,22.08877],[113.149023,22.075],[113.08877,22.207959],[113.008203,22.119336],[112.983789,21.938232],[112.953906,21.907324],[112.903809,21.881445],[112.808594,21.944629],[112.725391,21.902344],[112.660742,21.859473],[112.634082,21.819873],[112.586328,21.776855],[112.494727,21.818311],[112.421289,21.880615],[112.439453,21.927344],[112.429297,21.958105],[112.396094,21.981348],[112.359668,21.978027],[112.377441,21.91748],[112.389746,21.801221],[112.356445,21.767578],[112.30498,21.741699],[112.193359,21.763135],[112.117188,21.806494],[112.025195,21.843018],[111.943945,21.849658],[111.926465,21.77627],[111.873438,21.717139],[111.824609,21.709766],[111.775977,21.719238],[111.711914,21.655225],[111.681641,21.608496],[111.602734,21.559082],[111.392383,21.535107],[111.319141,21.486133],[111.220605,21.493896],[111.144238,21.482227],[111.100586,21.484717],[111.061133,21.510986],[111.016895,21.511719],[110.996777,21.430273],[110.878027,21.395947],[110.771094,21.386523],[110.652148,21.279102],[110.567187,21.214062],[110.504297,21.207422],[110.458008,21.230566],[110.43457,21.326904],[110.410937,21.338135],[110.397461,21.247705],[110.374609,21.172363],[110.331152,21.131348],[110.193555,21.037646],[110.154004,20.944629],[110.180371,20.858594],[110.36543,20.837598],[110.388477,20.790527],[110.370508,20.752051],[110.326172,20.719922],[110.313086,20.67168],[110.511523,20.518262],[110.517578,20.46001],[110.486914,20.426855],[110.449512,20.35542],[110.344727,20.294824],[110.123145,20.263721],[109.938477,20.295117],[109.88252,20.364063],[109.88584,20.413135],[109.931641,20.398877],[109.983887,20.403271],[109.968359,20.448145],[109.946387,20.474365],[109.861035,20.514307],[109.791992,20.621875],[109.805273,20.711475],[109.767383,20.780713],[109.72627,20.83877],[109.684766,20.873633],[109.662598,20.916895],[109.704492,21.052734],[109.68125,21.131641],[109.760156,21.228369],[109.77959,21.337451],[109.921094,21.376465],[109.930762,21.480566],[109.82959,21.483594],[109.759375,21.560059],[109.743359,21.527979],[109.686914,21.524609],[109.594336,21.671973],[109.566406,21.690576],[109.521484,21.693408],[109.544043,21.537939],[109.435547,21.479492],[109.34668,21.453955],[109.22041,21.443408],[109.148633,21.425537],[109.081543,21.440283],[109.098145,21.487354],[109.133496,21.543604],[109.101758,21.590479],[109.030566,21.626514],[108.921777,21.624414],[108.846387,21.634473],[108.77168,21.630469],[108.743945,21.65127],[108.674512,21.724658],[108.61582,21.770459],[108.589355,21.815967],[108.61582,21.868896],[108.59375,21.901025],[108.479883,21.904639],[108.480859,21.828809],[108.492578,21.739404],[108.525684,21.671387],[108.502148,21.633447],[108.444336,21.607324],[108.382812,21.679199],[108.35459,21.696924],[108.324805,21.693506],[108.302148,21.621924],[108.246289,21.558398],[108.145605,21.565186],[108.067383,21.525977],[107.972656,21.507959]]]]}},{"type":"Feature","properties":{"iso":"AFG","name":"Afghanistan"},"geometry":{"type":"Polygon","coordinates":[[[66.522266,37.348486],[66.827734,37.371289],[67.068848,37.334814],[67.195508,37.235205],[67.319727,37.20957],[67.441699,37.258008],[67.517285,37.26665],[67.546484,37.235645],[67.607422,37.22251],[67.7,37.227246],[67.75293,37.199805],[67.758984,37.172217],[67.766016,37.140137],[67.834473,37.064209],[67.958008,36.972021],[68.067773,36.949805],[68.212109,37.021533],[68.260938,37.013086],[68.284766,37.036328],[68.299512,37.088428],[68.386914,37.1375],[68.546484,37.183447],[68.637012,37.224463],[68.669141,37.258398],[68.723242,37.268018],[68.782031,37.258008],[68.82373,37.270703],[68.838477,37.302832],[68.855371,37.316846],[68.885254,37.328076],[68.911816,37.333936],[68.960449,37.325049],[69.05,37.266504],[69.180176,37.158301],[69.264844,37.108398],[69.303906,37.116943],[69.353809,37.150049],[69.414453,37.207764],[69.429688,37.290869],[69.399219,37.399316],[69.420117,37.486719],[69.49209,37.553076],[69.625781,37.594043],[69.820898,37.60957],[69.940625,37.600293],[69.984961,37.566162],[70.044727,37.547217],[70.119824,37.543506],[70.188672,37.582471],[70.251465,37.66416],[70.25498,37.765381],[70.199414,37.886035],[70.214648,37.924414],[70.23877,37.941211],[70.313281,37.984814],[70.417773,38.075439],[70.518555,38.191992],[70.61582,38.334424],[70.735938,38.422559],[70.878906,38.456396],[71.052148,38.417871],[71.255859,38.306982],[71.332715,38.170264],[71.282813,38.00791],[71.278516,37.918408],[71.319922,37.901855],[71.389648,37.906299],[71.487793,37.931885],[71.551953,37.933154],[71.582227,37.910107],[71.580371,37.864258],[71.546191,37.795654],[71.505078,37.60293],[71.479688,37.436035],[71.454785,37.271826],[71.43291,37.127539],[71.471875,37.015088],[71.530859,36.845117],[71.597461,36.73291],[71.665625,36.696924],[71.733789,36.684033],[71.802051,36.694287],[71.941992,36.766455],[72.153516,36.900537],[72.358789,36.98291],[72.657422,37.029053],[72.757031,37.172705],[72.895508,37.267529],[73.211133,37.408496],[73.38291,37.462256],[73.481348,37.47168],[73.604688,37.446045],[73.632617,37.437207],[73.657129,37.430469],[73.720605,37.41875],[73.733789,37.375781],[73.717285,37.329443],[73.648828,37.291211],[73.627539,37.261572],[73.653516,37.239355],[73.749609,37.231787],[73.948828,37.283154],[74.077734,37.316211],[74.16709,37.329443],[74.203516,37.372461],[74.259668,37.41543],[74.349023,37.41875],[74.444922,37.395605],[74.524219,37.382373],[74.659375,37.394482],[74.730566,37.357031],[74.830469,37.285937],[74.875391,37.241992],[74.891309,37.231641],[74.840234,37.225049],[74.767383,37.24917],[74.738965,37.285645],[74.72666,37.290723],[74.668945,37.266699],[74.558984,37.236621],[74.372168,37.157715],[74.376172,37.137354],[74.497949,37.057227],[74.526465,37.030664],[74.541406,37.022168],[74.431055,36.983691],[74.194727,36.896875],[74.038867,36.825732],[74.001855,36.823096],[73.907813,36.85293],[73.769141,36.888477],[73.731836,36.887793],[73.411133,36.881689],[73.116797,36.868555],[72.99375,36.851611],[72.766211,36.83501],[72.622852,36.82959],[72.531348,36.802002],[72.431152,36.76582],[72.326953,36.742383],[72.249805,36.734717],[72.156738,36.700879],[72.095605,36.63374],[71.920703,36.53418],[71.822266,36.486084],[71.772656,36.431836],[71.716406,36.426562],[71.620508,36.436475],[71.545898,36.377686],[71.463281,36.293262],[71.312598,36.171191],[71.23291,36.121777],[71.185059,36.04209],[71.220215,36.000684],[71.342871,35.938525],[71.397559,35.880176],[71.427539,35.83374],[71.483594,35.7146],[71.519043,35.59751],[71.571973,35.546826],[71.587402,35.46084],[71.600586,35.40791],[71.571973,35.37041],[71.545508,35.328516],[71.545508,35.288867],[71.577246,35.247998],[71.605273,35.211768],[71.620508,35.183008],[71.60166,35.150684],[71.545508,35.101416],[71.51709,35.051123],[71.455078,34.966943],[71.358105,34.909619],[71.294141,34.867725],[71.225781,34.779541],[71.113281,34.681592],[71.065625,34.599609],[71.016309,34.554639],[70.965625,34.530371],[70.978906,34.486279],[71.022949,34.431152],[71.095703,34.369434],[71.092383,34.273242],[71.089063,34.204053],[71.091309,34.120264],[71.051563,34.049707],[70.848438,33.981885],[70.654004,33.952295],[70.415723,33.950439],[70.325684,33.961133],[70.253613,33.975977],[69.994727,34.051807],[69.889648,34.007275],[69.868066,33.897656],[70.056641,33.719873],[70.13418,33.620752],[70.219727,33.454687],[70.28418,33.369043],[70.261133,33.289014],[70.090234,33.198096],[69.920117,33.1125],[69.703711,33.094727],[69.567773,33.06416],[69.501563,33.020068],[69.453125,32.832812],[69.40459,32.764258],[69.405371,32.682715],[69.359473,32.590332],[69.289941,32.530566],[69.241406,32.433545],[69.256543,32.249463],[69.279297,31.936816],[69.186914,31.838086],[69.083105,31.738477],[68.973438,31.667383],[68.868945,31.634229],[68.782324,31.646436],[68.713672,31.708057],[68.673242,31.759717],[68.597656,31.802979],[68.520703,31.794141],[68.443262,31.754492],[68.319824,31.767676],[68.213965,31.807373],[68.161035,31.802979],[68.130176,31.763281],[68.017188,31.677979],[67.739844,31.548193],[67.626758,31.53877],[67.578223,31.506494],[67.597559,31.45332],[67.64707,31.409961],[67.733496,31.379248],[67.737891,31.343945],[67.661523,31.312988],[67.596387,31.277686],[67.452832,31.234619],[67.287305,31.217822],[67.115918,31.24292],[67.027734,31.300244],[66.924316,31.305615],[66.829297,31.263672],[66.731348,31.194531],[66.624219,31.046045],[66.595801,31.019971],[66.566797,30.996582],[66.497363,30.964551],[66.397168,30.912207],[66.346875,30.802783],[66.286914,30.60791],[66.300977,30.502979],[66.305469,30.321143],[66.281836,30.193457],[66.238477,30.109619],[66.247168,30.043506],[66.313379,29.968555],[66.286914,29.92002],[66.23125,29.865723],[66.177051,29.835596],[65.961621,29.778906],[65.666211,29.701318],[65.470996,29.651562],[65.180469,29.577637],[65.095508,29.559473],[64.918945,29.552783],[64.827344,29.56416],[64.703516,29.567139],[64.521094,29.564502],[64.39375,29.544336],[64.266113,29.506934],[64.172168,29.460352],[64.117969,29.414258],[64.09873,29.391943],[63.970996,29.430078],[63.567578,29.497998],[62.476562,29.40835],[62.373438,29.425391],[62.000977,29.53042],[61.521484,29.665674],[61.224414,29.749414],[60.843359,29.858691],[61.104102,30.128418],[61.331641,30.363721],[61.559473,30.599365],[61.78418,30.831934],[61.81084,30.913281],[61.814258,31.072559],[61.755078,31.285303],[61.660156,31.382422],[61.346484,31.421631],[61.110742,31.451123],[60.854102,31.483252],[60.820703,31.495166],[60.791602,31.660596],[60.804297,31.734473],[60.7875,31.877197],[60.789941,31.987109],[60.827246,32.167969],[60.829297,32.249414],[60.710449,32.6],[60.644531,32.794385],[60.576563,32.994873],[60.561914,33.058789],[60.560547,33.137842],[60.718066,33.323535],[60.766895,33.363818],[60.859277,33.45625],[60.916992,33.505225],[60.906934,33.538965],[60.806445,33.558691],[60.65459,33.5604],[60.573828,33.58833],[60.51084,33.638916],[60.485938,33.711914],[60.527051,33.841992],[60.485742,34.094775],[60.570215,34.219629],[60.642676,34.307178],[60.889453,34.319434],[60.803906,34.418018],[60.762598,34.475244],[60.736133,34.491797],[60.72627,34.518262],[60.739453,34.544727],[60.802344,34.554639],[60.845313,34.587695],[60.914746,34.633984],[60.951172,34.653857],[60.957813,34.710059],[60.99082,34.749756],[61.04043,34.799365],[61.080078,34.855615],[61.070215,34.921729],[61.106641,35.001123],[61.123145,35.050732],[61.149609,35.09375],[61.126465,35.156543],[61.106641,35.209473],[61.1,35.272314],[61.139648,35.288867],[61.189258,35.312012],[61.199219,35.361621],[61.225684,35.424463],[61.245508,35.474072],[61.278516,35.51377],[61.281836,35.553418],[61.262012,35.61958],[61.344727,35.629492],[61.377734,35.593115],[61.421777,35.545801],[61.542773,35.457861],[61.620996,35.432324],[61.719727,35.419434],[61.841016,35.431494],[61.938086,35.4479],[61.983887,35.443701],[62.089648,35.379687],[62.213086,35.289941],[62.252832,35.250244],[62.271191,35.189111],[62.307813,35.170801],[62.386621,35.23125],[62.462891,35.251367],[62.533105,35.239893],[62.610547,35.233154],[62.688086,35.255322],[62.722656,35.271338],[62.858008,35.349658],[62.980273,35.40918],[63.056641,35.445801],[63.08418,35.568066],[63.119336,35.637549],[63.169727,35.678125],[63.150781,35.728271],[63.12998,35.766748],[63.108594,35.818701],[63.12998,35.846191],[63.178906,35.858447],[63.30166,35.858398],[63.516992,35.913135],[63.696582,35.967822],[63.8625,36.012354],[63.938086,36.019727],[64.009668,36.012109],[64.042383,36.025098],[64.051367,36.067627],[64.092188,36.112695],[64.184375,36.148926],[64.358008,36.226074],[64.511035,36.340674],[64.56582,36.427588],[64.602539,36.554541],[64.674316,36.750195],[64.753125,36.964795],[64.782422,37.059277],[64.816309,37.13208],[64.951563,37.193555],[65.089648,37.237939],[65.303613,37.246777],[65.55498,37.251172],[65.608008,37.368408],[65.641211,37.467822],[65.683008,37.519141],[65.743848,37.56084],[65.765039,37.569141],[65.900684,37.508105],[66.108398,37.414746],[66.350293,37.368164],[66.471875,37.344727],[66.522266,37.348486]]]}}]}